[0.109s] DEBUG:colcon:Command line arguments: ['/usr/bin/colcon', 'build']
[0.109s] DEBUG:colcon:Parsed command line arguments: Namespace(log_base=None, log_level=None, verb_name='build', build_base='build', install_base='install', merge_install=False, symlink_install=False, test_result_base=None, continue_on_error=False, executor='parallel', parallel_workers=8, event_handlers=None, ignore_user_meta=False, metas=['./colcon.meta'], base_paths=['.'], packages_ignore=None, packages_ignore_regex=None, paths=None, packages_up_to=None, packages_up_to_regex=None, packages_above=None, packages_above_and_dependencies=None, packages_above_depth=None, packages_select_by_dep=None, packages_skip_by_dep=None, packages_skip_up_to=None, packages_select_build_failed=False, packages_skip_build_finished=False, packages_select_test_failures=False, packages_skip_test_passed=False, packages_select=None, packages_skip=None, packages_select_regex=None, packages_skip_regex=None, packages_start=None, packages_end=None, allow_overriding=[], cmake_args=None, cmake_target=None, cmake_target_skip_unavailable=False, cmake_clean_cache=False, cmake_clean_first=False, cmake_force_configure=False, ament_cmake_args=None, catkin_cmake_args=None, catkin_skip_building_tests=False, mixin_files=None, mixin=None, verb_parser=<colcon_mixin.mixin.mixin_argument.MixinArgumentDecorator object at 0x73bcb8b990a0>, verb_extension=<colcon_core.verb.build.BuildVerb object at 0x73bcb8b98e30>, main=<bound method BuildVerb.main of <colcon_core.verb.build.BuildVerb object at 0x73bcb8b98e30>>, mixin_verb=('build',))
[0.146s] Level 1:colcon.colcon_core.package_discovery:discover_packages(colcon_meta) check parameters
[0.146s] Level 1:colcon.colcon_core.package_discovery:discover_packages(recursive) check parameters
[0.146s] Level 1:colcon.colcon_core.package_discovery:discover_packages(ignore) check parameters
[0.146s] Level 1:colcon.colcon_core.package_discovery:discover_packages(path) check parameters
[0.146s] Level 1:colcon.colcon_core.package_discovery:discover_packages(colcon_meta) discover
[0.146s] Level 1:colcon.colcon_core.package_discovery:discover_packages(recursive) discover
[0.146s] INFO:colcon.colcon_core.package_discovery:Crawling recursively for packages in '/home/emzx/ros2_ws'
[0.146s] Level 1:colcon.colcon_core.package_identification:_identify(.) by extensions ['ignore', 'ignore_ament_install']
[0.146s] Level 1:colcon.colcon_core.package_identification:_identify(.) by extension 'ignore'
[0.146s] Level 1:colcon.colcon_core.package_identification:_identify(.) by extension 'ignore_ament_install'
[0.146s] Level 1:colcon.colcon_core.package_identification:_identify(.) by extensions ['colcon_pkg']
[0.146s] Level 1:colcon.colcon_core.package_identification:_identify(.) by extension 'colcon_pkg'
[0.146s] Level 1:colcon.colcon_core.package_identification:_identify(.) by extensions ['colcon_meta']
[0.147s] Level 1:colcon.colcon_core.package_identification:_identify(.) by extension 'colcon_meta'
[0.147s] Level 1:colcon.colcon_core.package_identification:_identify(.) by extensions ['ros']
[0.147s] Level 1:colcon.colcon_core.package_identification:_identify(.) by extension 'ros'
[0.172s] Level 1:colcon.colcon_core.package_identification:_identify(.) by extensions ['cmake', 'python']
[0.172s] Level 1:colcon.colcon_core.package_identification:_identify(.) by extension 'cmake'
[0.172s] Level 1:colcon.colcon_core.package_identification:_identify(.) by extension 'python'
[0.172s] Level 1:colcon.colcon_core.package_identification:_identify(.) by extensions ['python_setup_py']
[0.172s] Level 1:colcon.colcon_core.package_identification:_identify(.) by extension 'python_setup_py'
[0.172s] Level 1:colcon.colcon_core.package_identification:_identify(build) by extensions ['ignore', 'ignore_ament_install']
[0.172s] Level 1:colcon.colcon_core.package_identification:_identify(build) by extension 'ignore'
[0.172s] Level 1:colcon.colcon_core.package_identification:_identify(build) ignored
[0.172s] Level 1:colcon.colcon_core.package_identification:_identify(install) by extensions ['ignore', 'ignore_ament_install']
[0.172s] Level 1:colcon.colcon_core.package_identification:_identify(install) by extension 'ignore'
[0.172s] Level 1:colcon.colcon_core.package_identification:_identify(install) ignored
[0.173s] Level 1:colcon.colcon_core.package_identification:_identify(log) by extensions ['ignore', 'ignore_ament_install']
[0.173s] Level 1:colcon.colcon_core.package_identification:_identify(log) by extension 'ignore'
[0.173s] Level 1:colcon.colcon_core.package_identification:_identify(log) ignored
[0.173s] Level 1:colcon.colcon_core.package_identification:_identify(src) by extensions ['ignore', 'ignore_ament_install']
[0.173s] Level 1:colcon.colcon_core.package_identification:_identify(src) by extension 'ignore'
[0.173s] Level 1:colcon.colcon_core.package_identification:_identify(src) by extension 'ignore_ament_install'
[0.173s] Level 1:colcon.colcon_core.package_identification:_identify(src) by extensions ['colcon_pkg']
[0.173s] Level 1:colcon.colcon_core.package_identification:_identify(src) by extension 'colcon_pkg'
[0.173s] Level 1:colcon.colcon_core.package_identification:_identify(src) by extensions ['colcon_meta']
[0.173s] Level 1:colcon.colcon_core.package_identification:_identify(src) by extension 'colcon_meta'
[0.173s] Level 1:colcon.colcon_core.package_identification:_identify(src) by extensions ['ros']
[0.173s] Level 1:colcon.colcon_core.package_identification:_identify(src) by extension 'ros'
[0.173s] Level 1:colcon.colcon_core.package_identification:_identify(src) by extensions ['cmake', 'python']
[0.173s] Level 1:colcon.colcon_core.package_identification:_identify(src) by extension 'cmake'
[0.173s] Level 1:colcon.colcon_core.package_identification:_identify(src) by extension 'python'
[0.173s] Level 1:colcon.colcon_core.package_identification:_identify(src) by extensions ['python_setup_py']
[0.173s] Level 1:colcon.colcon_core.package_identification:_identify(src) by extension 'python_setup_py'
[0.173s] Level 1:colcon.colcon_core.package_identification:_identify(src/build) by extensions ['ignore', 'ignore_ament_install']
[0.173s] Level 1:colcon.colcon_core.package_identification:_identify(src/build) by extension 'ignore'
[0.174s] Level 1:colcon.colcon_core.package_identification:_identify(src/build) ignored
[0.174s] Level 1:colcon.colcon_core.package_identification:_identify(src/bumperbot_controller) by extensions ['ignore', 'ignore_ament_install']
[0.174s] Level 1:colcon.colcon_core.package_identification:_identify(src/bumperbot_controller) by extension 'ignore'
[0.174s] Level 1:colcon.colcon_core.package_identification:_identify(src/bumperbot_controller) by extension 'ignore_ament_install'
[0.174s] Level 1:colcon.colcon_core.package_identification:_identify(src/bumperbot_controller) by extensions ['colcon_pkg']
[0.174s] Level 1:colcon.colcon_core.package_identification:_identify(src/bumperbot_controller) by extension 'colcon_pkg'
[0.174s] Level 1:colcon.colcon_core.package_identification:_identify(src/bumperbot_controller) by extensions ['colcon_meta']
[0.174s] Level 1:colcon.colcon_core.package_identification:_identify(src/bumperbot_controller) by extension 'colcon_meta'
[0.174s] Level 1:colcon.colcon_core.package_identification:_identify(src/bumperbot_controller) by extensions ['ros']
[0.174s] Level 1:colcon.colcon_core.package_identification:_identify(src/bumperbot_controller) by extension 'ros'
[0.176s] DEBUG:colcon.colcon_core.package_identification:Package 'src/bumperbot_controller' with type 'ros.ament_cmake' and name 'bumperbot_controller'
[0.177s] Level 1:colcon.colcon_core.package_identification:_identify(src/bumperbot_description) by extensions ['ignore', 'ignore_ament_install']
[0.177s] Level 1:colcon.colcon_core.package_identification:_identify(src/bumperbot_description) by extension 'ignore'
[0.177s] Level 1:colcon.colcon_core.package_identification:_identify(src/bumperbot_description) by extension 'ignore_ament_install'
[0.177s] Level 1:colcon.colcon_core.package_identification:_identify(src/bumperbot_description) by extensions ['colcon_pkg']
[0.177s] Level 1:colcon.colcon_core.package_identification:_identify(src/bumperbot_description) by extension 'colcon_pkg'
[0.177s] Level 1:colcon.colcon_core.package_identification:_identify(src/bumperbot_description) by extensions ['colcon_meta']
[0.177s] Level 1:colcon.colcon_core.package_identification:_identify(src/bumperbot_description) by extension 'colcon_meta'
[0.177s] Level 1:colcon.colcon_core.package_identification:_identify(src/bumperbot_description) by extensions ['ros']
[0.177s] Level 1:colcon.colcon_core.package_identification:_identify(src/bumperbot_description) by extension 'ros'
[0.180s] DEBUG:colcon.colcon_core.package_identification:Package 'src/bumperbot_description' with type 'ros.ament_cmake' and name 'bumperbot_description'
[0.180s] Level 1:colcon.colcon_core.package_identification:_identify(src/bumperbot_localization) by extensions ['ignore', 'ignore_ament_install']
[0.180s] Level 1:colcon.colcon_core.package_identification:_identify(src/bumperbot_localization) by extension 'ignore'
[0.180s] Level 1:colcon.colcon_core.package_identification:_identify(src/bumperbot_localization) by extension 'ignore_ament_install'
[0.180s] Level 1:colcon.colcon_core.package_identification:_identify(src/bumperbot_localization) by extensions ['colcon_pkg']
[0.180s] Level 1:colcon.colcon_core.package_identification:_identify(src/bumperbot_localization) by extension 'colcon_pkg'
[0.180s] Level 1:colcon.colcon_core.package_identification:_identify(src/bumperbot_localization) by extensions ['colcon_meta']
[0.180s] Level 1:colcon.colcon_core.package_identification:_identify(src/bumperbot_localization) by extension 'colcon_meta'
[0.180s] Level 1:colcon.colcon_core.package_identification:_identify(src/bumperbot_localization) by extensions ['ros']
[0.180s] Level 1:colcon.colcon_core.package_identification:_identify(src/bumperbot_localization) by extension 'ros'
[0.181s] DEBUG:colcon.colcon_core.package_identification:Package 'src/bumperbot_localization' with type 'ros.ament_cmake' and name 'bumperbot_localization'
[0.181s] Level 1:colcon.colcon_core.package_identification:_identify(src/bumperbot_py) by extensions ['ignore', 'ignore_ament_install']
[0.181s] Level 1:colcon.colcon_core.package_identification:_identify(src/bumperbot_py) by extension 'ignore'
[0.181s] Level 1:colcon.colcon_core.package_identification:_identify(src/bumperbot_py) by extension 'ignore_ament_install'
[0.181s] Level 1:colcon.colcon_core.package_identification:_identify(src/bumperbot_py) by extensions ['colcon_pkg']
[0.181s] Level 1:colcon.colcon_core.package_identification:_identify(src/bumperbot_py) by extension 'colcon_pkg'
[0.181s] Level 1:colcon.colcon_core.package_identification:_identify(src/bumperbot_py) by extensions ['colcon_meta']
[0.181s] Level 1:colcon.colcon_core.package_identification:_identify(src/bumperbot_py) by extension 'colcon_meta'
[0.181s] Level 1:colcon.colcon_core.package_identification:_identify(src/bumperbot_py) by extensions ['ros']
[0.181s] Level 1:colcon.colcon_core.package_identification:_identify(src/bumperbot_py) by extension 'ros'
[0.182s] DEBUG:colcon.colcon_core.package_identification:Package 'src/bumperbot_py' with type 'ros.ament_python' and name 'bumperbot_py'
[0.182s] Level 1:colcon.colcon_core.package_identification:_identify(src/bumperbot_utils) by extensions ['ignore', 'ignore_ament_install']
[0.182s] Level 1:colcon.colcon_core.package_identification:_identify(src/bumperbot_utils) by extension 'ignore'
[0.182s] Level 1:colcon.colcon_core.package_identification:_identify(src/bumperbot_utils) by extension 'ignore_ament_install'
[0.182s] Level 1:colcon.colcon_core.package_identification:_identify(src/bumperbot_utils) by extensions ['colcon_pkg']
[0.182s] Level 1:colcon.colcon_core.package_identification:_identify(src/bumperbot_utils) by extension 'colcon_pkg'
[0.182s] Level 1:colcon.colcon_core.package_identification:_identify(src/bumperbot_utils) by extensions ['colcon_meta']
[0.182s] Level 1:colcon.colcon_core.package_identification:_identify(src/bumperbot_utils) by extension 'colcon_meta'
[0.182s] Level 1:colcon.colcon_core.package_identification:_identify(src/bumperbot_utils) by extensions ['ros']
[0.182s] Level 1:colcon.colcon_core.package_identification:_identify(src/bumperbot_utils) by extension 'ros'
[0.183s] DEBUG:colcon.colcon_core.package_identification:Package 'src/bumperbot_utils' with type 'ros.ament_python' and name 'bumperbot_utils'
[0.183s] Level 1:colcon.colcon_core.package_identification:_identify(src/install) by extensions ['ignore', 'ignore_ament_install']
[0.183s] Level 1:colcon.colcon_core.package_identification:_identify(src/install) by extension 'ignore'
[0.183s] Level 1:colcon.colcon_core.package_identification:_identify(src/install) ignored
[0.183s] Level 1:colcon.colcon_core.package_identification:_identify(src/log) by extensions ['ignore', 'ignore_ament_install']
[0.183s] Level 1:colcon.colcon_core.package_identification:_identify(src/log) by extension 'ignore'
[0.183s] Level 1:colcon.colcon_core.package_identification:_identify(src/log) ignored
[0.183s] Level 1:colcon.colcon_core.package_identification:_identify(src/my_robot_bringup) by extensions ['ignore', 'ignore_ament_install']
[0.183s] Level 1:colcon.colcon_core.package_identification:_identify(src/my_robot_bringup) by extension 'ignore'
[0.183s] Level 1:colcon.colcon_core.package_identification:_identify(src/my_robot_bringup) by extension 'ignore_ament_install'
[0.184s] Level 1:colcon.colcon_core.package_identification:_identify(src/my_robot_bringup) by extensions ['colcon_pkg']
[0.184s] Level 1:colcon.colcon_core.package_identification:_identify(src/my_robot_bringup) by extension 'colcon_pkg'
[0.184s] Level 1:colcon.colcon_core.package_identification:_identify(src/my_robot_bringup) by extensions ['colcon_meta']
[0.184s] Level 1:colcon.colcon_core.package_identification:_identify(src/my_robot_bringup) by extension 'colcon_meta'
[0.184s] Level 1:colcon.colcon_core.package_identification:_identify(src/my_robot_bringup) by extensions ['ros']
[0.184s] Level 1:colcon.colcon_core.package_identification:_identify(src/my_robot_bringup) by extension 'ros'
[0.184s] DEBUG:colcon.colcon_core.package_identification:Package 'src/my_robot_bringup' with type 'ros.ament_cmake' and name 'my_robot_bringup'
[0.184s] Level 1:colcon.colcon_core.package_identification:_identify(src/my_robot_interfaces) by extensions ['ignore', 'ignore_ament_install']
[0.184s] Level 1:colcon.colcon_core.package_identification:_identify(src/my_robot_interfaces) by extension 'ignore'
[0.184s] Level 1:colcon.colcon_core.package_identification:_identify(src/my_robot_interfaces) by extension 'ignore_ament_install'
[0.184s] Level 1:colcon.colcon_core.package_identification:_identify(src/my_robot_interfaces) by extensions ['colcon_pkg']
[0.184s] Level 1:colcon.colcon_core.package_identification:_identify(src/my_robot_interfaces) by extension 'colcon_pkg'
[0.184s] Level 1:colcon.colcon_core.package_identification:_identify(src/my_robot_interfaces) by extensions ['colcon_meta']
[0.184s] Level 1:colcon.colcon_core.package_identification:_identify(src/my_robot_interfaces) by extension 'colcon_meta'
[0.184s] Level 1:colcon.colcon_core.package_identification:_identify(src/my_robot_interfaces) by extensions ['ros']
[0.184s] Level 1:colcon.colcon_core.package_identification:_identify(src/my_robot_interfaces) by extension 'ros'
[0.185s] DEBUG:colcon.colcon_core.package_identification:Package 'src/my_robot_interfaces' with type 'ros.ament_cmake' and name 'my_robot_interfaces'
[0.185s] Level 1:colcon.colcon_core.package_identification:_identify(src/pacote_teste) by extensions ['ignore', 'ignore_ament_install']
[0.185s] Level 1:colcon.colcon_core.package_identification:_identify(src/pacote_teste) by extension 'ignore'
[0.185s] Level 1:colcon.colcon_core.package_identification:_identify(src/pacote_teste) by extension 'ignore_ament_install'
[0.185s] Level 1:colcon.colcon_core.package_identification:_identify(src/pacote_teste) by extensions ['colcon_pkg']
[0.185s] Level 1:colcon.colcon_core.package_identification:_identify(src/pacote_teste) by extension 'colcon_pkg'
[0.185s] Level 1:colcon.colcon_core.package_identification:_identify(src/pacote_teste) by extensions ['colcon_meta']
[0.185s] Level 1:colcon.colcon_core.package_identification:_identify(src/pacote_teste) by extension 'colcon_meta'
[0.185s] Level 1:colcon.colcon_core.package_identification:_identify(src/pacote_teste) by extensions ['ros']
[0.185s] Level 1:colcon.colcon_core.package_identification:_identify(src/pacote_teste) by extension 'ros'
[0.186s] DEBUG:colcon.colcon_core.package_identification:Package 'src/pacote_teste' with type 'ros.ament_python' and name 'pacote_teste'
[0.186s] Level 1:colcon.colcon_core.package_identification:_identify(src/turtlesim_catch_them_all) by extensions ['ignore', 'ignore_ament_install']
[0.186s] Level 1:colcon.colcon_core.package_identification:_identify(src/turtlesim_catch_them_all) by extension 'ignore'
[0.186s] Level 1:colcon.colcon_core.package_identification:_identify(src/turtlesim_catch_them_all) by extension 'ignore_ament_install'
[0.186s] Level 1:colcon.colcon_core.package_identification:_identify(src/turtlesim_catch_them_all) by extensions ['colcon_pkg']
[0.186s] Level 1:colcon.colcon_core.package_identification:_identify(src/turtlesim_catch_them_all) by extension 'colcon_pkg'
[0.186s] Level 1:colcon.colcon_core.package_identification:_identify(src/turtlesim_catch_them_all) by extensions ['colcon_meta']
[0.186s] Level 1:colcon.colcon_core.package_identification:_identify(src/turtlesim_catch_them_all) by extension 'colcon_meta'
[0.186s] Level 1:colcon.colcon_core.package_identification:_identify(src/turtlesim_catch_them_all) by extensions ['ros']
[0.186s] Level 1:colcon.colcon_core.package_identification:_identify(src/turtlesim_catch_them_all) by extension 'ros'
[0.187s] DEBUG:colcon.colcon_core.package_identification:Package 'src/turtlesim_catch_them_all' with type 'ros.ament_python' and name 'turtlesim_catch_them_all'
[0.187s] Level 1:colcon.colcon_core.package_discovery:discover_packages(recursive) using defaults
[0.187s] Level 1:colcon.colcon_core.package_discovery:discover_packages(ignore) discover
[0.187s] Level 1:colcon.colcon_core.package_discovery:discover_packages(ignore) using defaults
[0.187s] Level 1:colcon.colcon_core.package_discovery:discover_packages(path) discover
[0.187s] Level 1:colcon.colcon_core.package_discovery:discover_packages(path) using defaults
[0.206s] Level 1:colcon.colcon_core.package_discovery:discover_packages(prefix_path) check parameters
[0.206s] Level 1:colcon.colcon_core.package_discovery:discover_packages(prefix_path) discover
[0.208s] DEBUG:colcon.colcon_installed_package_information.package_discovery:Found 9 installed packages in /home/emzx/ros2_ws/install
[0.210s] DEBUG:colcon.colcon_installed_package_information.package_discovery:Found 376 installed packages in /opt/ros/jazzy
[0.211s] Level 1:colcon.colcon_core.package_discovery:discover_packages(prefix_path) using defaults
[0.257s] Level 5:colcon.colcon_core.verb:set package 'bumperbot_controller' build argument 'cmake_args' from command line to 'None'
[0.257s] Level 5:colcon.colcon_core.verb:set package 'bumperbot_controller' build argument 'cmake_target' from command line to 'None'
[0.257s] Level 5:colcon.colcon_core.verb:set package 'bumperbot_controller' build argument 'cmake_target_skip_unavailable' from command line to 'False'
[0.257s] Level 5:colcon.colcon_core.verb:set package 'bumperbot_controller' build argument 'cmake_clean_cache' from command line to 'False'
[0.257s] Level 5:colcon.colcon_core.verb:set package 'bumperbot_controller' build argument 'cmake_clean_first' from command line to 'False'
[0.257s] Level 5:colcon.colcon_core.verb:set package 'bumperbot_controller' build argument 'cmake_force_configure' from command line to 'False'
[0.257s] Level 5:colcon.colcon_core.verb:set package 'bumperbot_controller' build argument 'ament_cmake_args' from command line to 'None'
[0.257s] Level 5:colcon.colcon_core.verb:set package 'bumperbot_controller' build argument 'catkin_cmake_args' from command line to 'None'
[0.257s] Level 5:colcon.colcon_core.verb:set package 'bumperbot_controller' build argument 'catkin_skip_building_tests' from command line to 'False'
[0.257s] DEBUG:colcon.colcon_core.verb:Building package 'bumperbot_controller' with the following arguments: {'ament_cmake_args': None, 'build_base': '/home/emzx/ros2_ws/build/bumperbot_controller', 'catkin_cmake_args': None, 'catkin_skip_building_tests': False, 'cmake_args': None, 'cmake_clean_cache': False, 'cmake_clean_first': False, 'cmake_force_configure': False, 'cmake_target': None, 'cmake_target_skip_unavailable': False, 'install_base': '/home/emzx/ros2_ws/install/bumperbot_controller', 'merge_install': False, 'path': '/home/emzx/ros2_ws/src/bumperbot_controller', 'symlink_install': False, 'test_result_base': None}
[0.258s] Level 5:colcon.colcon_core.verb:set package 'bumperbot_description' build argument 'cmake_args' from command line to 'None'
[0.258s] Level 5:colcon.colcon_core.verb:set package 'bumperbot_description' build argument 'cmake_target' from command line to 'None'
[0.258s] Level 5:colcon.colcon_core.verb:set package 'bumperbot_description' build argument 'cmake_target_skip_unavailable' from command line to 'False'
[0.258s] Level 5:colcon.colcon_core.verb:set package 'bumperbot_description' build argument 'cmake_clean_cache' from command line to 'False'
[0.258s] Level 5:colcon.colcon_core.verb:set package 'bumperbot_description' build argument 'cmake_clean_first' from command line to 'False'
[0.258s] Level 5:colcon.colcon_core.verb:set package 'bumperbot_description' build argument 'cmake_force_configure' from command line to 'False'
[0.258s] Level 5:colcon.colcon_core.verb:set package 'bumperbot_description' build argument 'ament_cmake_args' from command line to 'None'
[0.258s] Level 5:colcon.colcon_core.verb:set package 'bumperbot_description' build argument 'catkin_cmake_args' from command line to 'None'
[0.258s] Level 5:colcon.colcon_core.verb:set package 'bumperbot_description' build argument 'catkin_skip_building_tests' from command line to 'False'
[0.258s] DEBUG:colcon.colcon_core.verb:Building package 'bumperbot_description' with the following arguments: {'ament_cmake_args': None, 'build_base': '/home/emzx/ros2_ws/build/bumperbot_description', 'catkin_cmake_args': None, 'catkin_skip_building_tests': False, 'cmake_args': None, 'cmake_clean_cache': False, 'cmake_clean_first': False, 'cmake_force_configure': False, 'cmake_target': None, 'cmake_target_skip_unavailable': False, 'install_base': '/home/emzx/ros2_ws/install/bumperbot_description', 'merge_install': False, 'path': '/home/emzx/ros2_ws/src/bumperbot_description', 'symlink_install': False, 'test_result_base': None}
[0.258s] Level 5:colcon.colcon_core.verb:set package 'bumperbot_localization' build argument 'cmake_args' from command line to 'None'
[0.258s] Level 5:colcon.colcon_core.verb:set package 'bumperbot_localization' build argument 'cmake_target' from command line to 'None'
[0.258s] Level 5:colcon.colcon_core.verb:set package 'bumperbot_localization' build argument 'cmake_target_skip_unavailable' from command line to 'False'
[0.258s] Level 5:colcon.colcon_core.verb:set package 'bumperbot_localization' build argument 'cmake_clean_cache' from command line to 'False'
[0.258s] Level 5:colcon.colcon_core.verb:set package 'bumperbot_localization' build argument 'cmake_clean_first' from command line to 'False'
[0.258s] Level 5:colcon.colcon_core.verb:set package 'bumperbot_localization' build argument 'cmake_force_configure' from command line to 'False'
[0.258s] Level 5:colcon.colcon_core.verb:set package 'bumperbot_localization' build argument 'ament_cmake_args' from command line to 'None'
[0.258s] Level 5:colcon.colcon_core.verb:set package 'bumperbot_localization' build argument 'catkin_cmake_args' from command line to 'None'
[0.258s] Level 5:colcon.colcon_core.verb:set package 'bumperbot_localization' build argument 'catkin_skip_building_tests' from command line to 'False'
[0.258s] DEBUG:colcon.colcon_core.verb:Building package 'bumperbot_localization' with the following arguments: {'ament_cmake_args': None, 'build_base': '/home/emzx/ros2_ws/build/bumperbot_localization', 'catkin_cmake_args': None, 'catkin_skip_building_tests': False, 'cmake_args': None, 'cmake_clean_cache': False, 'cmake_clean_first': False, 'cmake_force_configure': False, 'cmake_target': None, 'cmake_target_skip_unavailable': False, 'install_base': '/home/emzx/ros2_ws/install/bumperbot_localization', 'merge_install': False, 'path': '/home/emzx/ros2_ws/src/bumperbot_localization', 'symlink_install': False, 'test_result_base': None}
[0.258s] Level 5:colcon.colcon_core.verb:set package 'bumperbot_py' build argument 'cmake_args' from command line to 'None'
[0.258s] Level 5:colcon.colcon_core.verb:set package 'bumperbot_py' build argument 'cmake_target' from command line to 'None'
[0.258s] Level 5:colcon.colcon_core.verb:set package 'bumperbot_py' build argument 'cmake_target_skip_unavailable' from command line to 'False'
[0.258s] Level 5:colcon.colcon_core.verb:set package 'bumperbot_py' build argument 'cmake_clean_cache' from command line to 'False'
[0.258s] Level 5:colcon.colcon_core.verb:set package 'bumperbot_py' build argument 'cmake_clean_first' from command line to 'False'
[0.258s] Level 5:colcon.colcon_core.verb:set package 'bumperbot_py' build argument 'cmake_force_configure' from command line to 'False'
[0.258s] Level 5:colcon.colcon_core.verb:set package 'bumperbot_py' build argument 'ament_cmake_args' from command line to 'None'
[0.258s] Level 5:colcon.colcon_core.verb:set package 'bumperbot_py' build argument 'catkin_cmake_args' from command line to 'None'
[0.258s] Level 5:colcon.colcon_core.verb:set package 'bumperbot_py' build argument 'catkin_skip_building_tests' from command line to 'False'
[0.259s] DEBUG:colcon.colcon_core.verb:Building package 'bumperbot_py' with the following arguments: {'ament_cmake_args': None, 'build_base': '/home/emzx/ros2_ws/build/bumperbot_py', 'catkin_cmake_args': None, 'catkin_skip_building_tests': False, 'cmake_args': None, 'cmake_clean_cache': False, 'cmake_clean_first': False, 'cmake_force_configure': False, 'cmake_target': None, 'cmake_target_skip_unavailable': False, 'install_base': '/home/emzx/ros2_ws/install/bumperbot_py', 'merge_install': False, 'path': '/home/emzx/ros2_ws/src/bumperbot_py', 'symlink_install': False, 'test_result_base': None}
[0.259s] Level 5:colcon.colcon_core.verb:set package 'bumperbot_utils' build argument 'cmake_args' from command line to 'None'
[0.259s] Level 5:colcon.colcon_core.verb:set package 'bumperbot_utils' build argument 'cmake_target' from command line to 'None'
[0.259s] Level 5:colcon.colcon_core.verb:set package 'bumperbot_utils' build argument 'cmake_target_skip_unavailable' from command line to 'False'
[0.259s] Level 5:colcon.colcon_core.verb:set package 'bumperbot_utils' build argument 'cmake_clean_cache' from command line to 'False'
[0.259s] Level 5:colcon.colcon_core.verb:set package 'bumperbot_utils' build argument 'cmake_clean_first' from command line to 'False'
[0.259s] Level 5:colcon.colcon_core.verb:set package 'bumperbot_utils' build argument 'cmake_force_configure' from command line to 'False'
[0.259s] Level 5:colcon.colcon_core.verb:set package 'bumperbot_utils' build argument 'ament_cmake_args' from command line to 'None'
[0.259s] Level 5:colcon.colcon_core.verb:set package 'bumperbot_utils' build argument 'catkin_cmake_args' from command line to 'None'
[0.259s] Level 5:colcon.colcon_core.verb:set package 'bumperbot_utils' build argument 'catkin_skip_building_tests' from command line to 'False'
[0.259s] DEBUG:colcon.colcon_core.verb:Building package 'bumperbot_utils' with the following arguments: {'ament_cmake_args': None, 'build_base': '/home/emzx/ros2_ws/build/bumperbot_utils', 'catkin_cmake_args': None, 'catkin_skip_building_tests': False, 'cmake_args': None, 'cmake_clean_cache': False, 'cmake_clean_first': False, 'cmake_force_configure': False, 'cmake_target': None, 'cmake_target_skip_unavailable': False, 'install_base': '/home/emzx/ros2_ws/install/bumperbot_utils', 'merge_install': False, 'path': '/home/emzx/ros2_ws/src/bumperbot_utils', 'symlink_install': False, 'test_result_base': None}
[0.259s] Level 5:colcon.colcon_core.verb:set package 'my_robot_interfaces' build argument 'cmake_args' from command line to 'None'
[0.259s] Level 5:colcon.colcon_core.verb:set package 'my_robot_interfaces' build argument 'cmake_target' from command line to 'None'
[0.259s] Level 5:colcon.colcon_core.verb:set package 'my_robot_interfaces' build argument 'cmake_target_skip_unavailable' from command line to 'False'
[0.259s] Level 5:colcon.colcon_core.verb:set package 'my_robot_interfaces' build argument 'cmake_clean_cache' from command line to 'False'
[0.259s] Level 5:colcon.colcon_core.verb:set package 'my_robot_interfaces' build argument 'cmake_clean_first' from command line to 'False'
[0.259s] Level 5:colcon.colcon_core.verb:set package 'my_robot_interfaces' build argument 'cmake_force_configure' from command line to 'False'
[0.259s] Level 5:colcon.colcon_core.verb:set package 'my_robot_interfaces' build argument 'ament_cmake_args' from command line to 'None'
[0.259s] Level 5:colcon.colcon_core.verb:set package 'my_robot_interfaces' build argument 'catkin_cmake_args' from command line to 'None'
[0.259s] Level 5:colcon.colcon_core.verb:set package 'my_robot_interfaces' build argument 'catkin_skip_building_tests' from command line to 'False'
[0.259s] DEBUG:colcon.colcon_core.verb:Building package 'my_robot_interfaces' with the following arguments: {'ament_cmake_args': None, 'build_base': '/home/emzx/ros2_ws/build/my_robot_interfaces', 'catkin_cmake_args': None, 'catkin_skip_building_tests': False, 'cmake_args': None, 'cmake_clean_cache': False, 'cmake_clean_first': False, 'cmake_force_configure': False, 'cmake_target': None, 'cmake_target_skip_unavailable': False, 'install_base': '/home/emzx/ros2_ws/install/my_robot_interfaces', 'merge_install': False, 'path': '/home/emzx/ros2_ws/src/my_robot_interfaces', 'symlink_install': False, 'test_result_base': None}
[0.260s] Level 5:colcon.colcon_core.verb:set package 'pacote_teste' build argument 'cmake_args' from command line to 'None'
[0.260s] Level 5:colcon.colcon_core.verb:set package 'pacote_teste' build argument 'cmake_target' from command line to 'None'
[0.260s] Level 5:colcon.colcon_core.verb:set package 'pacote_teste' build argument 'cmake_target_skip_unavailable' from command line to 'False'
[0.260s] Level 5:colcon.colcon_core.verb:set package 'pacote_teste' build argument 'cmake_clean_cache' from command line to 'False'
[0.260s] Level 5:colcon.colcon_core.verb:set package 'pacote_teste' build argument 'cmake_clean_first' from command line to 'False'
[0.260s] Level 5:colcon.colcon_core.verb:set package 'pacote_teste' build argument 'cmake_force_configure' from command line to 'False'
[0.260s] Level 5:colcon.colcon_core.verb:set package 'pacote_teste' build argument 'ament_cmake_args' from command line to 'None'
[0.260s] Level 5:colcon.colcon_core.verb:set package 'pacote_teste' build argument 'catkin_cmake_args' from command line to 'None'
[0.260s] Level 5:colcon.colcon_core.verb:set package 'pacote_teste' build argument 'catkin_skip_building_tests' from command line to 'False'
[0.260s] DEBUG:colcon.colcon_core.verb:Building package 'pacote_teste' with the following arguments: {'ament_cmake_args': None, 'build_base': '/home/emzx/ros2_ws/build/pacote_teste', 'catkin_cmake_args': None, 'catkin_skip_building_tests': False, 'cmake_args': None, 'cmake_clean_cache': False, 'cmake_clean_first': False, 'cmake_force_configure': False, 'cmake_target': None, 'cmake_target_skip_unavailable': False, 'install_base': '/home/emzx/ros2_ws/install/pacote_teste', 'merge_install': False, 'path': '/home/emzx/ros2_ws/src/pacote_teste', 'symlink_install': False, 'test_result_base': None}
[0.260s] Level 5:colcon.colcon_core.verb:set package 'turtlesim_catch_them_all' build argument 'cmake_args' from command line to 'None'
[0.260s] Level 5:colcon.colcon_core.verb:set package 'turtlesim_catch_them_all' build argument 'cmake_target' from command line to 'None'
[0.260s] Level 5:colcon.colcon_core.verb:set package 'turtlesim_catch_them_all' build argument 'cmake_target_skip_unavailable' from command line to 'False'
[0.260s] Level 5:colcon.colcon_core.verb:set package 'turtlesim_catch_them_all' build argument 'cmake_clean_cache' from command line to 'False'
[0.260s] Level 5:colcon.colcon_core.verb:set package 'turtlesim_catch_them_all' build argument 'cmake_clean_first' from command line to 'False'
[0.260s] Level 5:colcon.colcon_core.verb:set package 'turtlesim_catch_them_all' build argument 'cmake_force_configure' from command line to 'False'
[0.260s] Level 5:colcon.colcon_core.verb:set package 'turtlesim_catch_them_all' build argument 'ament_cmake_args' from command line to 'None'
[0.260s] Level 5:colcon.colcon_core.verb:set package 'turtlesim_catch_them_all' build argument 'catkin_cmake_args' from command line to 'None'
[0.260s] Level 5:colcon.colcon_core.verb:set package 'turtlesim_catch_them_all' build argument 'catkin_skip_building_tests' from command line to 'False'
[0.260s] DEBUG:colcon.colcon_core.verb:Building package 'turtlesim_catch_them_all' with the following arguments: {'ament_cmake_args': None, 'build_base': '/home/emzx/ros2_ws/build/turtlesim_catch_them_all', 'catkin_cmake_args': None, 'catkin_skip_building_tests': False, 'cmake_args': None, 'cmake_clean_cache': False, 'cmake_clean_first': False, 'cmake_force_configure': False, 'cmake_target': None, 'cmake_target_skip_unavailable': False, 'install_base': '/home/emzx/ros2_ws/install/turtlesim_catch_them_all', 'merge_install': False, 'path': '/home/emzx/ros2_ws/src/turtlesim_catch_them_all', 'symlink_install': False, 'test_result_base': None}
[0.260s] Level 5:colcon.colcon_core.verb:set package 'my_robot_bringup' build argument 'cmake_args' from command line to 'None'
[0.260s] Level 5:colcon.colcon_core.verb:set package 'my_robot_bringup' build argument 'cmake_target' from command line to 'None'
[0.260s] Level 5:colcon.colcon_core.verb:set package 'my_robot_bringup' build argument 'cmake_target_skip_unavailable' from command line to 'False'
[0.260s] Level 5:colcon.colcon_core.verb:set package 'my_robot_bringup' build argument 'cmake_clean_cache' from command line to 'False'
[0.260s] Level 5:colcon.colcon_core.verb:set package 'my_robot_bringup' build argument 'cmake_clean_first' from command line to 'False'
[0.260s] Level 5:colcon.colcon_core.verb:set package 'my_robot_bringup' build argument 'cmake_force_configure' from command line to 'False'
[0.260s] Level 5:colcon.colcon_core.verb:set package 'my_robot_bringup' build argument 'ament_cmake_args' from command line to 'None'
[0.260s] Level 5:colcon.colcon_core.verb:set package 'my_robot_bringup' build argument 'catkin_cmake_args' from command line to 'None'
[0.260s] Level 5:colcon.colcon_core.verb:set package 'my_robot_bringup' build argument 'catkin_skip_building_tests' from command line to 'False'
[0.260s] DEBUG:colcon.colcon_core.verb:Building package 'my_robot_bringup' with the following arguments: {'ament_cmake_args': None, 'build_base': '/home/emzx/ros2_ws/build/my_robot_bringup', 'catkin_cmake_args': None, 'catkin_skip_building_tests': False, 'cmake_args': None, 'cmake_clean_cache': False, 'cmake_clean_first': False, 'cmake_force_configure': False, 'cmake_target': None, 'cmake_target_skip_unavailable': False, 'install_base': '/home/emzx/ros2_ws/install/my_robot_bringup', 'merge_install': False, 'path': '/home/emzx/ros2_ws/src/my_robot_bringup', 'symlink_install': False, 'test_result_base': None}
[0.260s] INFO:colcon.colcon_core.executor:Executing jobs using 'parallel' executor
[0.261s] DEBUG:colcon.colcon_parallel_executor.executor.parallel:run_until_complete
[0.262s] INFO:colcon.colcon_ros.task.ament_cmake.build:Building ROS package in '/home/emzx/ros2_ws/src/my_robot_interfaces' with build type 'ament_cmake'
[0.262s] INFO:colcon.colcon_cmake.task.cmake.build:Building CMake package in '/home/emzx/ros2_ws/src/my_robot_interfaces'
[0.264s] INFO:colcon.colcon_core.plugin_system:Skipping extension 'colcon_core.shell.bat': Not used on non-Windows systems
[0.264s] INFO:colcon.colcon_core.shell:Skip shell extension 'powershell' for command environment: Not usable outside of PowerShell
[0.264s] DEBUG:colcon.colcon_core.shell:Skip shell extension 'dsv' for command environment
[0.268s] INFO:colcon.colcon_ros.task.ament_cmake.build:Building ROS package in '/home/emzx/ros2_ws/src/bumperbot_controller' with build type 'ament_cmake'
[0.268s] INFO:colcon.colcon_cmake.task.cmake.build:Building CMake package in '/home/emzx/ros2_ws/src/bumperbot_controller'
[0.268s] INFO:colcon.colcon_core.shell:Skip shell extension 'powershell' for command environment: Not usable outside of PowerShell
[0.268s] DEBUG:colcon.colcon_core.shell:Skip shell extension 'dsv' for command environment
[0.272s] INFO:colcon.colcon_ros.task.ament_cmake.build:Building ROS package in '/home/emzx/ros2_ws/src/bumperbot_description' with build type 'ament_cmake'
[0.272s] INFO:colcon.colcon_cmake.task.cmake.build:Building CMake package in '/home/emzx/ros2_ws/src/bumperbot_description'
[0.272s] INFO:colcon.colcon_core.shell:Skip shell extension 'powershell' for command environment: Not usable outside of PowerShell
[0.272s] DEBUG:colcon.colcon_core.shell:Skip shell extension 'dsv' for command environment
[0.275s] INFO:colcon.colcon_ros.task.ament_cmake.build:Building ROS package in '/home/emzx/ros2_ws/src/bumperbot_localization' with build type 'ament_cmake'
[0.276s] INFO:colcon.colcon_cmake.task.cmake.build:Building CMake package in '/home/emzx/ros2_ws/src/bumperbot_localization'
[0.276s] INFO:colcon.colcon_core.shell:Skip shell extension 'powershell' for command environment: Not usable outside of PowerShell
[0.276s] DEBUG:colcon.colcon_core.shell:Skip shell extension 'dsv' for command environment
[0.279s] INFO:colcon.colcon_ros.task.ament_python.build:Building ROS package in '/home/emzx/ros2_ws/src/bumperbot_py' with build type 'ament_python'
[0.279s] Level 1:colcon.colcon_core.shell:create_environment_hook('bumperbot_py', 'ament_prefix_path')
[0.279s] INFO:colcon.colcon_core.shell:Creating environment hook '/home/emzx/ros2_ws/install/bumperbot_py/share/bumperbot_py/hook/ament_prefix_path.ps1'
[0.279s] INFO:colcon.colcon_core.shell:Creating environment descriptor '/home/emzx/ros2_ws/install/bumperbot_py/share/bumperbot_py/hook/ament_prefix_path.dsv'
[0.280s] INFO:colcon.colcon_core.shell:Creating environment hook '/home/emzx/ros2_ws/install/bumperbot_py/share/bumperbot_py/hook/ament_prefix_path.sh'
[0.280s] INFO:colcon.colcon_core.shell:Skip shell extension 'powershell' for command environment: Not usable outside of PowerShell
[0.280s] DEBUG:colcon.colcon_core.shell:Skip shell extension 'dsv' for command environment
[0.283s] INFO:colcon.colcon_ros.task.ament_python.build:Building ROS package in '/home/emzx/ros2_ws/src/bumperbot_utils' with build type 'ament_python'
[0.284s] Level 1:colcon.colcon_core.shell:create_environment_hook('bumperbot_utils', 'ament_prefix_path')
[0.284s] INFO:colcon.colcon_core.shell:Creating environment hook '/home/emzx/ros2_ws/install/bumperbot_utils/share/bumperbot_utils/hook/ament_prefix_path.ps1'
[0.284s] INFO:colcon.colcon_core.shell:Creating environment descriptor '/home/emzx/ros2_ws/install/bumperbot_utils/share/bumperbot_utils/hook/ament_prefix_path.dsv'
[0.285s] INFO:colcon.colcon_core.shell:Creating environment hook '/home/emzx/ros2_ws/install/bumperbot_utils/share/bumperbot_utils/hook/ament_prefix_path.sh'
[0.285s] INFO:colcon.colcon_core.shell:Skip shell extension 'powershell' for command environment: Not usable outside of PowerShell
[0.285s] DEBUG:colcon.colcon_core.shell:Skip shell extension 'dsv' for command environment
[0.293s] DEBUG:colcon.colcon_core.event_handler.log_command:Invoking command in '/home/emzx/ros2_ws/build/my_robot_interfaces': CMAKE_PREFIX_PATH=${CMAKE_PREFIX_PATH}:/home/emzx/ros2_ws/install/turtlesim_catch_them_all:/home/emzx/ros2_ws/install/pacote_teste:/home/emzx/ros2_ws/install/bumperbot_utils:/home/emzx/ros2_ws/install/bumperbot_py:/opt/ros/jazzy DEBUGINFOD_URLS=https://debuginfod.ubuntu.com /usr/bin/cmake --build /home/emzx/ros2_ws/build/my_robot_interfaces -- -j8 -l8
[0.295s] DEBUG:colcon.colcon_core.event_handler.log_command:Invoking command in '/home/emzx/ros2_ws/build/bumperbot_controller': CMAKE_PREFIX_PATH=${CMAKE_PREFIX_PATH}:/home/emzx/ros2_ws/install/turtlesim_catch_them_all:/home/emzx/ros2_ws/install/pacote_teste:/home/emzx/ros2_ws/install/bumperbot_utils:/home/emzx/ros2_ws/install/bumperbot_py:/opt/ros/jazzy DEBUGINFOD_URLS=https://debuginfod.ubuntu.com /usr/bin/cmake --build /home/emzx/ros2_ws/build/bumperbot_controller -- -j8 -l8
[0.297s] DEBUG:colcon.colcon_core.event_handler.log_command:Invoking command in '/home/emzx/ros2_ws/build/bumperbot_description': CMAKE_PREFIX_PATH=${CMAKE_PREFIX_PATH}:/home/emzx/ros2_ws/install/turtlesim_catch_them_all:/home/emzx/ros2_ws/install/pacote_teste:/home/emzx/ros2_ws/install/bumperbot_utils:/home/emzx/ros2_ws/install/bumperbot_py:/opt/ros/jazzy DEBUGINFOD_URLS=https://debuginfod.ubuntu.com /usr/bin/cmake --build /home/emzx/ros2_ws/build/bumperbot_description -- -j8 -l8
[0.300s] DEBUG:colcon.colcon_core.event_handler.log_command:Invoking command in '/home/emzx/ros2_ws/build/bumperbot_localization': CMAKE_PREFIX_PATH=${CMAKE_PREFIX_PATH}:/home/emzx/ros2_ws/install/turtlesim_catch_them_all:/home/emzx/ros2_ws/install/pacote_teste:/home/emzx/ros2_ws/install/bumperbot_utils:/home/emzx/ros2_ws/install/bumperbot_py:/opt/ros/jazzy DEBUGINFOD_URLS=https://debuginfod.ubuntu.com /usr/bin/cmake --build /home/emzx/ros2_ws/build/bumperbot_localization -- -j8 -l8
[0.643s] INFO:colcon.colcon_core.task.python.build:Building Python package in '/home/emzx/ros2_ws/src/bumperbot_py'
[0.644s] INFO:colcon.colcon_core.shell:Skip shell extension 'powershell' for command environment: Not usable outside of PowerShell
[0.644s] DEBUG:colcon.colcon_core.shell:Skip shell extension 'dsv' for command environment
[0.656s] DEBUG:colcon.colcon_core.event_handler.log_command:Invoked command in '/home/emzx/ros2_ws/build/bumperbot_description' returned '0': CMAKE_PREFIX_PATH=${CMAKE_PREFIX_PATH}:/home/emzx/ros2_ws/install/turtlesim_catch_them_all:/home/emzx/ros2_ws/install/pacote_teste:/home/emzx/ros2_ws/install/bumperbot_utils:/home/emzx/ros2_ws/install/bumperbot_py:/opt/ros/jazzy DEBUGINFOD_URLS=https://debuginfod.ubuntu.com /usr/bin/cmake --build /home/emzx/ros2_ws/build/bumperbot_description -- -j8 -l8
[0.668s] DEBUG:colcon.colcon_core.event_handler.log_command:Invoking command in '/home/emzx/ros2_ws/build/bumperbot_description': CMAKE_PREFIX_PATH=${CMAKE_PREFIX_PATH}:/home/emzx/ros2_ws/install/turtlesim_catch_them_all:/home/emzx/ros2_ws/install/pacote_teste:/home/emzx/ros2_ws/install/bumperbot_utils:/home/emzx/ros2_ws/install/bumperbot_py:/opt/ros/jazzy DEBUGINFOD_URLS=https://debuginfod.ubuntu.com /usr/bin/cmake --install /home/emzx/ros2_ws/build/bumperbot_description
[0.899s] INFO:colcon.colcon_core.task.python.build:Building Python package in '/home/emzx/ros2_ws/src/bumperbot_utils'
[0.899s] INFO:colcon.colcon_core.shell:Skip shell extension 'powershell' for command environment: Not usable outside of PowerShell
[0.899s] DEBUG:colcon.colcon_core.shell:Skip shell extension 'dsv' for command environment
[0.935s] DEBUG:colcon.colcon_core.event_handler.log_command:Invoked command in '/home/emzx/ros2_ws/build/bumperbot_localization' returned '0': CMAKE_PREFIX_PATH=${CMAKE_PREFIX_PATH}:/home/emzx/ros2_ws/install/turtlesim_catch_them_all:/home/emzx/ros2_ws/install/pacote_teste:/home/emzx/ros2_ws/install/bumperbot_utils:/home/emzx/ros2_ws/install/bumperbot_py:/opt/ros/jazzy DEBUGINFOD_URLS=https://debuginfod.ubuntu.com /usr/bin/cmake --build /home/emzx/ros2_ws/build/bumperbot_localization -- -j8 -l8
[0.938s] DEBUG:colcon.colcon_core.event_handler.log_command:Invoking command in '/home/emzx/ros2_ws/build/bumperbot_localization': CMAKE_PREFIX_PATH=${CMAKE_PREFIX_PATH}:/home/emzx/ros2_ws/install/turtlesim_catch_them_all:/home/emzx/ros2_ws/install/pacote_teste:/home/emzx/ros2_ws/install/bumperbot_utils:/home/emzx/ros2_ws/install/bumperbot_py:/opt/ros/jazzy DEBUGINFOD_URLS=https://debuginfod.ubuntu.com /usr/bin/cmake --install /home/emzx/ros2_ws/build/bumperbot_localization
[0.940s] DEBUG:colcon.colcon_core.event_handler.log_command:Invoked command in '/home/emzx/ros2_ws/build/bumperbot_controller' returned '0': CMAKE_PREFIX_PATH=${CMAKE_PREFIX_PATH}:/home/emzx/ros2_ws/install/turtlesim_catch_them_all:/home/emzx/ros2_ws/install/pacote_teste:/home/emzx/ros2_ws/install/bumperbot_utils:/home/emzx/ros2_ws/install/bumperbot_py:/opt/ros/jazzy DEBUGINFOD_URLS=https://debuginfod.ubuntu.com /usr/bin/cmake --build /home/emzx/ros2_ws/build/bumperbot_controller -- -j8 -l8
[0.945s] DEBUG:colcon.colcon_core.event_handler.log_command:Invoking command in '/home/emzx/ros2_ws/build/bumperbot_controller': CMAKE_PREFIX_PATH=${CMAKE_PREFIX_PATH}:/home/emzx/ros2_ws/install/turtlesim_catch_them_all:/home/emzx/ros2_ws/install/pacote_teste:/home/emzx/ros2_ws/install/bumperbot_utils:/home/emzx/ros2_ws/install/bumperbot_py:/opt/ros/jazzy DEBUGINFOD_URLS=https://debuginfod.ubuntu.com /usr/bin/cmake --install /home/emzx/ros2_ws/build/bumperbot_controller
[0.953s] DEBUG:colcon.colcon_core.event_handler.log_command:Invoked command in '/home/emzx/ros2_ws/build/my_robot_interfaces' returned '0': CMAKE_PREFIX_PATH=${CMAKE_PREFIX_PATH}:/home/emzx/ros2_ws/install/turtlesim_catch_them_all:/home/emzx/ros2_ws/install/pacote_teste:/home/emzx/ros2_ws/install/bumperbot_utils:/home/emzx/ros2_ws/install/bumperbot_py:/opt/ros/jazzy DEBUGINFOD_URLS=https://debuginfod.ubuntu.com /usr/bin/cmake --build /home/emzx/ros2_ws/build/my_robot_interfaces -- -j8 -l8
[0.955s] DEBUG:colcon.colcon_core.event_handler.log_command:Invoking command in '/home/emzx/ros2_ws/build/my_robot_interfaces': CMAKE_PREFIX_PATH=${CMAKE_PREFIX_PATH}:/home/emzx/ros2_ws/install/turtlesim_catch_them_all:/home/emzx/ros2_ws/install/pacote_teste:/home/emzx/ros2_ws/install/bumperbot_utils:/home/emzx/ros2_ws/install/bumperbot_py:/opt/ros/jazzy DEBUGINFOD_URLS=https://debuginfod.ubuntu.com /usr/bin/cmake --install /home/emzx/ros2_ws/build/my_robot_interfaces
[0.962s] Level 1:colcon.colcon_core.environment:create_environment_scripts_only(bumperbot_description)
[0.964s] DEBUG:colcon.colcon_core.event_handler.log_command:Invoked command in '/home/emzx/ros2_ws/build/bumperbot_description' returned '0': CMAKE_PREFIX_PATH=${CMAKE_PREFIX_PATH}:/home/emzx/ros2_ws/install/turtlesim_catch_them_all:/home/emzx/ros2_ws/install/pacote_teste:/home/emzx/ros2_ws/install/bumperbot_utils:/home/emzx/ros2_ws/install/bumperbot_py:/opt/ros/jazzy DEBUGINFOD_URLS=https://debuginfod.ubuntu.com /usr/bin/cmake --install /home/emzx/ros2_ws/build/bumperbot_description
[0.969s] Level 1:colcon.colcon_core.environment:checking '/home/emzx/ros2_ws/install/bumperbot_description' for CMake module files
[0.976s] Level 1:colcon.colcon_core.environment:checking '/home/emzx/ros2_ws/install/bumperbot_description' for CMake config files
[0.999s] Level 1:colcon.colcon_core.shell:create_environment_hook('bumperbot_description', 'cmake_prefix_path')
[1.000s] INFO:colcon.colcon_core.shell:Creating environment hook '/home/emzx/ros2_ws/install/bumperbot_description/share/bumperbot_description/hook/cmake_prefix_path.ps1'
[1.001s] INFO:colcon.colcon_core.shell:Creating environment descriptor '/home/emzx/ros2_ws/install/bumperbot_description/share/bumperbot_description/hook/cmake_prefix_path.dsv'
[1.003s] INFO:colcon.colcon_core.shell:Creating environment hook '/home/emzx/ros2_ws/install/bumperbot_description/share/bumperbot_description/hook/cmake_prefix_path.sh'
[1.005s] Level 1:colcon.colcon_core.environment:checking '/home/emzx/ros2_ws/install/bumperbot_description/bin'
[1.005s] Level 1:colcon.colcon_core.environment:checking '/home/emzx/ros2_ws/install/bumperbot_description/lib/pkgconfig/bumperbot_description.pc'
[1.005s] Level 1:colcon.colcon_core.environment:checking '/home/emzx/ros2_ws/install/bumperbot_description/lib/python3.12/site-packages'
[1.005s] Level 1:colcon.colcon_core.environment:checking '/home/emzx/ros2_ws/install/bumperbot_description/bin'
[1.006s] INFO:colcon.colcon_core.shell:Creating package script '/home/emzx/ros2_ws/install/bumperbot_description/share/bumperbot_description/package.ps1'
[1.007s] INFO:colcon.colcon_core.shell:Creating package descriptor '/home/emzx/ros2_ws/install/bumperbot_description/share/bumperbot_description/package.dsv'
[1.008s] INFO:colcon.colcon_core.shell:Creating package script '/home/emzx/ros2_ws/install/bumperbot_description/share/bumperbot_description/package.sh'
[1.008s] INFO:colcon.colcon_core.shell:Creating package script '/home/emzx/ros2_ws/install/bumperbot_description/share/bumperbot_description/package.bash'
[1.009s] INFO:colcon.colcon_core.shell:Creating package script '/home/emzx/ros2_ws/install/bumperbot_description/share/bumperbot_description/package.zsh'
[1.010s] Level 1:colcon.colcon_core.environment:create_file_with_runtime_dependencies(/home/emzx/ros2_ws/install/bumperbot_description/share/colcon-core/packages/bumperbot_description)
[1.011s] Level 1:colcon.colcon_core.environment:create_environment_scripts_only(bumperbot_description)
[1.011s] Level 1:colcon.colcon_core.environment:checking '/home/emzx/ros2_ws/install/bumperbot_description' for CMake module files
[1.012s] Level 1:colcon.colcon_core.environment:checking '/home/emzx/ros2_ws/install/bumperbot_description' for CMake config files
[1.022s] Level 1:colcon.colcon_core.shell:create_environment_hook('bumperbot_description', 'cmake_prefix_path')
[1.022s] INFO:colcon.colcon_core.shell:Creating environment hook '/home/emzx/ros2_ws/install/bumperbot_description/share/bumperbot_description/hook/cmake_prefix_path.ps1'
[1.023s] INFO:colcon.colcon_core.shell:Creating environment descriptor '/home/emzx/ros2_ws/install/bumperbot_description/share/bumperbot_description/hook/cmake_prefix_path.dsv'
[1.023s] INFO:colcon.colcon_core.shell:Creating environment hook '/home/emzx/ros2_ws/install/bumperbot_description/share/bumperbot_description/hook/cmake_prefix_path.sh'
[1.024s] Level 1:colcon.colcon_core.environment:checking '/home/emzx/ros2_ws/install/bumperbot_description/bin'
[1.024s] Level 1:colcon.colcon_core.environment:checking '/home/emzx/ros2_ws/install/bumperbot_description/lib/pkgconfig/bumperbot_description.pc'
[1.024s] Level 1:colcon.colcon_core.environment:checking '/home/emzx/ros2_ws/install/bumperbot_description/lib/python3.12/site-packages'
[1.025s] Level 1:colcon.colcon_core.environment:checking '/home/emzx/ros2_ws/install/bumperbot_description/bin'
[1.025s] INFO:colcon.colcon_core.shell:Creating package script '/home/emzx/ros2_ws/install/bumperbot_description/share/bumperbot_description/package.ps1'
[1.026s] INFO:colcon.colcon_core.shell:Creating package descriptor '/home/emzx/ros2_ws/install/bumperbot_description/share/bumperbot_description/package.dsv'
[1.026s] INFO:colcon.colcon_core.shell:Creating package script '/home/emzx/ros2_ws/install/bumperbot_description/share/bumperbot_description/package.sh'
[1.026s] INFO:colcon.colcon_core.shell:Creating package script '/home/emzx/ros2_ws/install/bumperbot_description/share/bumperbot_description/package.bash'
[1.027s] INFO:colcon.colcon_core.shell:Creating package script '/home/emzx/ros2_ws/install/bumperbot_description/share/bumperbot_description/package.zsh'
[1.027s] Level 1:colcon.colcon_core.environment:create_file_with_runtime_dependencies(/home/emzx/ros2_ws/install/bumperbot_description/share/colcon-core/packages/bumperbot_description)
[1.028s] Level 1:colcon.colcon_core.environment:create_environment_scripts_only(bumperbot_localization)
[1.028s] Level 1:colcon.colcon_core.environment:checking '/home/emzx/ros2_ws/install/bumperbot_localization' for CMake module files
[1.029s] DEBUG:colcon.colcon_core.event_handler.log_command:Invoked command in '/home/emzx/ros2_ws/build/bumperbot_localization' returned '0': CMAKE_PREFIX_PATH=${CMAKE_PREFIX_PATH}:/home/emzx/ros2_ws/install/turtlesim_catch_them_all:/home/emzx/ros2_ws/install/pacote_teste:/home/emzx/ros2_ws/install/bumperbot_utils:/home/emzx/ros2_ws/install/bumperbot_py:/opt/ros/jazzy DEBUGINFOD_URLS=https://debuginfod.ubuntu.com /usr/bin/cmake --install /home/emzx/ros2_ws/build/bumperbot_localization
[1.029s] Level 1:colcon.colcon_core.environment:checking '/home/emzx/ros2_ws/install/bumperbot_localization' for CMake config files
[1.029s] Level 1:colcon.colcon_core.shell:create_environment_hook('bumperbot_localization', 'cmake_prefix_path')
[1.030s] INFO:colcon.colcon_core.shell:Creating environment hook '/home/emzx/ros2_ws/install/bumperbot_localization/share/bumperbot_localization/hook/cmake_prefix_path.ps1'
[1.030s] INFO:colcon.colcon_core.shell:Creating environment descriptor '/home/emzx/ros2_ws/install/bumperbot_localization/share/bumperbot_localization/hook/cmake_prefix_path.dsv'
[1.031s] INFO:colcon.colcon_core.shell:Creating environment hook '/home/emzx/ros2_ws/install/bumperbot_localization/share/bumperbot_localization/hook/cmake_prefix_path.sh'
[1.031s] Level 1:colcon.colcon_core.environment:checking '/home/emzx/ros2_ws/install/bumperbot_localization/lib'
[1.032s] Level 1:colcon.colcon_core.environment:checking '/home/emzx/ros2_ws/install/bumperbot_localization/bin'
[1.032s] Level 1:colcon.colcon_core.environment:checking '/home/emzx/ros2_ws/install/bumperbot_localization/lib/pkgconfig/bumperbot_localization.pc'
[1.032s] Level 1:colcon.colcon_core.environment:checking '/home/emzx/ros2_ws/install/bumperbot_localization/lib/python3.12/site-packages'
[1.032s] Level 1:colcon.colcon_core.shell:create_environment_hook('bumperbot_localization', 'pythonpath')
[1.032s] INFO:colcon.colcon_core.shell:Creating environment hook '/home/emzx/ros2_ws/install/bumperbot_localization/share/bumperbot_localization/hook/pythonpath.ps1'
[1.033s] INFO:colcon.colcon_core.shell:Creating environment descriptor '/home/emzx/ros2_ws/install/bumperbot_localization/share/bumperbot_localization/hook/pythonpath.dsv'
[1.033s] INFO:colcon.colcon_core.shell:Creating environment hook '/home/emzx/ros2_ws/install/bumperbot_localization/share/bumperbot_localization/hook/pythonpath.sh'
[1.034s] Level 1:colcon.colcon_core.environment:checking '/home/emzx/ros2_ws/install/bumperbot_localization/bin'
[1.034s] INFO:colcon.colcon_core.shell:Creating package script '/home/emzx/ros2_ws/install/bumperbot_localization/share/bumperbot_localization/package.ps1'
[1.034s] INFO:colcon.colcon_core.shell:Creating package descriptor '/home/emzx/ros2_ws/install/bumperbot_localization/share/bumperbot_localization/package.dsv'
[1.035s] INFO:colcon.colcon_core.shell:Creating package script '/home/emzx/ros2_ws/install/bumperbot_localization/share/bumperbot_localization/package.sh'
[1.035s] INFO:colcon.colcon_core.shell:Creating package script '/home/emzx/ros2_ws/install/bumperbot_localization/share/bumperbot_localization/package.bash'
[1.035s] INFO:colcon.colcon_core.shell:Creating package script '/home/emzx/ros2_ws/install/bumperbot_localization/share/bumperbot_localization/package.zsh'
[1.035s] Level 1:colcon.colcon_core.environment:create_file_with_runtime_dependencies(/home/emzx/ros2_ws/install/bumperbot_localization/share/colcon-core/packages/bumperbot_localization)
[1.036s] Level 1:colcon.colcon_core.environment:create_environment_scripts_only(bumperbot_localization)
[1.036s] Level 1:colcon.colcon_core.environment:checking '/home/emzx/ros2_ws/install/bumperbot_localization' for CMake module files
[1.037s] Level 1:colcon.colcon_core.environment:checking '/home/emzx/ros2_ws/install/bumperbot_localization' for CMake config files
[1.037s] Level 1:colcon.colcon_core.shell:create_environment_hook('bumperbot_localization', 'cmake_prefix_path')
[1.037s] INFO:colcon.colcon_core.shell:Creating environment hook '/home/emzx/ros2_ws/install/bumperbot_localization/share/bumperbot_localization/hook/cmake_prefix_path.ps1'
[1.037s] INFO:colcon.colcon_core.shell:Creating environment descriptor '/home/emzx/ros2_ws/install/bumperbot_localization/share/bumperbot_localization/hook/cmake_prefix_path.dsv'
[1.038s] INFO:colcon.colcon_core.shell:Creating environment hook '/home/emzx/ros2_ws/install/bumperbot_localization/share/bumperbot_localization/hook/cmake_prefix_path.sh'
[1.038s] Level 1:colcon.colcon_core.environment:checking '/home/emzx/ros2_ws/install/bumperbot_localization/lib'
[1.038s] Level 1:colcon.colcon_core.environment:checking '/home/emzx/ros2_ws/install/bumperbot_localization/bin'
[1.038s] Level 1:colcon.colcon_core.environment:checking '/home/emzx/ros2_ws/install/bumperbot_localization/lib/pkgconfig/bumperbot_localization.pc'
[1.038s] Level 1:colcon.colcon_core.environment:checking '/home/emzx/ros2_ws/install/bumperbot_localization/lib/python3.12/site-packages'
[1.038s] Level 1:colcon.colcon_core.shell:create_environment_hook('bumperbot_localization', 'pythonpath')
[1.039s] INFO:colcon.colcon_core.shell:Creating environment hook '/home/emzx/ros2_ws/install/bumperbot_localization/share/bumperbot_localization/hook/pythonpath.ps1'
[1.039s] INFO:colcon.colcon_core.shell:Creating environment descriptor '/home/emzx/ros2_ws/install/bumperbot_localization/share/bumperbot_localization/hook/pythonpath.dsv'
[1.039s] INFO:colcon.colcon_core.shell:Creating environment hook '/home/emzx/ros2_ws/install/bumperbot_localization/share/bumperbot_localization/hook/pythonpath.sh'
[1.040s] Level 1:colcon.colcon_core.environment:checking '/home/emzx/ros2_ws/install/bumperbot_localization/bin'
[1.040s] INFO:colcon.colcon_core.shell:Creating package script '/home/emzx/ros2_ws/install/bumperbot_localization/share/bumperbot_localization/package.ps1'
[1.040s] INFO:colcon.colcon_core.shell:Creating package descriptor '/home/emzx/ros2_ws/install/bumperbot_localization/share/bumperbot_localization/package.dsv'
[1.041s] INFO:colcon.colcon_core.shell:Creating package script '/home/emzx/ros2_ws/install/bumperbot_localization/share/bumperbot_localization/package.sh'
[1.041s] INFO:colcon.colcon_core.shell:Creating package script '/home/emzx/ros2_ws/install/bumperbot_localization/share/bumperbot_localization/package.bash'
[1.042s] INFO:colcon.colcon_core.shell:Creating package script '/home/emzx/ros2_ws/install/bumperbot_localization/share/bumperbot_localization/package.zsh'
[1.042s] Level 1:colcon.colcon_core.environment:create_file_with_runtime_dependencies(/home/emzx/ros2_ws/install/bumperbot_localization/share/colcon-core/packages/bumperbot_localization)
[1.043s] Level 1:colcon.colcon_core.environment:create_environment_scripts_only(bumperbot_controller)
[1.043s] Level 1:colcon.colcon_core.environment:checking '/home/emzx/ros2_ws/install/bumperbot_controller' for CMake module files
[1.044s] DEBUG:colcon.colcon_core.event_handler.log_command:Invoked command in '/home/emzx/ros2_ws/build/bumperbot_controller' returned '0': CMAKE_PREFIX_PATH=${CMAKE_PREFIX_PATH}:/home/emzx/ros2_ws/install/turtlesim_catch_them_all:/home/emzx/ros2_ws/install/pacote_teste:/home/emzx/ros2_ws/install/bumperbot_utils:/home/emzx/ros2_ws/install/bumperbot_py:/opt/ros/jazzy DEBUGINFOD_URLS=https://debuginfod.ubuntu.com /usr/bin/cmake --install /home/emzx/ros2_ws/build/bumperbot_controller
[1.044s] Level 1:colcon.colcon_core.environment:checking '/home/emzx/ros2_ws/install/bumperbot_controller' for CMake config files
[1.045s] Level 1:colcon.colcon_core.shell:create_environment_hook('bumperbot_controller', 'cmake_prefix_path')
[1.045s] INFO:colcon.colcon_core.shell:Creating environment hook '/home/emzx/ros2_ws/install/bumperbot_controller/share/bumperbot_controller/hook/cmake_prefix_path.ps1'
[1.045s] INFO:colcon.colcon_core.shell:Creating environment descriptor '/home/emzx/ros2_ws/install/bumperbot_controller/share/bumperbot_controller/hook/cmake_prefix_path.dsv'
[1.046s] INFO:colcon.colcon_core.shell:Creating environment hook '/home/emzx/ros2_ws/install/bumperbot_controller/share/bumperbot_controller/hook/cmake_prefix_path.sh'
[1.046s] Level 1:colcon.colcon_core.environment:checking '/home/emzx/ros2_ws/install/bumperbot_controller/lib'
[1.046s] Level 1:colcon.colcon_core.environment:checking '/home/emzx/ros2_ws/install/bumperbot_controller/bin'
[1.046s] Level 1:colcon.colcon_core.environment:checking '/home/emzx/ros2_ws/install/bumperbot_controller/lib/pkgconfig/bumperbot_controller.pc'
[1.047s] Level 1:colcon.colcon_core.environment:checking '/home/emzx/ros2_ws/install/bumperbot_controller/lib/python3.12/site-packages'
[1.047s] Level 1:colcon.colcon_core.shell:create_environment_hook('bumperbot_controller', 'pythonpath')
[1.047s] INFO:colcon.colcon_core.shell:Creating environment hook '/home/emzx/ros2_ws/install/bumperbot_controller/share/bumperbot_controller/hook/pythonpath.ps1'
[1.047s] INFO:colcon.colcon_core.shell:Creating environment descriptor '/home/emzx/ros2_ws/install/bumperbot_controller/share/bumperbot_controller/hook/pythonpath.dsv'
[1.048s] INFO:colcon.colcon_core.shell:Creating environment hook '/home/emzx/ros2_ws/install/bumperbot_controller/share/bumperbot_controller/hook/pythonpath.sh'
[1.048s] Level 1:colcon.colcon_core.environment:checking '/home/emzx/ros2_ws/install/bumperbot_controller/bin'
[1.048s] INFO:colcon.colcon_core.shell:Creating package script '/home/emzx/ros2_ws/install/bumperbot_controller/share/bumperbot_controller/package.ps1'
[1.049s] INFO:colcon.colcon_core.shell:Creating package descriptor '/home/emzx/ros2_ws/install/bumperbot_controller/share/bumperbot_controller/package.dsv'
[1.049s] INFO:colcon.colcon_core.shell:Creating package script '/home/emzx/ros2_ws/install/bumperbot_controller/share/bumperbot_controller/package.sh'
[1.050s] INFO:colcon.colcon_core.shell:Creating package script '/home/emzx/ros2_ws/install/bumperbot_controller/share/bumperbot_controller/package.bash'
[1.050s] INFO:colcon.colcon_core.shell:Creating package script '/home/emzx/ros2_ws/install/bumperbot_controller/share/bumperbot_controller/package.zsh'
[1.050s] Level 1:colcon.colcon_core.environment:create_file_with_runtime_dependencies(/home/emzx/ros2_ws/install/bumperbot_controller/share/colcon-core/packages/bumperbot_controller)
[1.051s] Level 1:colcon.colcon_core.environment:create_environment_scripts_only(bumperbot_controller)
[1.051s] Level 1:colcon.colcon_core.environment:checking '/home/emzx/ros2_ws/install/bumperbot_controller' for CMake module files
[1.052s] Level 1:colcon.colcon_core.environment:checking '/home/emzx/ros2_ws/install/bumperbot_controller' for CMake config files
[1.052s] Level 1:colcon.colcon_core.shell:create_environment_hook('bumperbot_controller', 'cmake_prefix_path')
[1.052s] INFO:colcon.colcon_core.shell:Creating environment hook '/home/emzx/ros2_ws/install/bumperbot_controller/share/bumperbot_controller/hook/cmake_prefix_path.ps1'
[1.053s] INFO:colcon.colcon_core.shell:Creating environment descriptor '/home/emzx/ros2_ws/install/bumperbot_controller/share/bumperbot_controller/hook/cmake_prefix_path.dsv'
[1.053s] INFO:colcon.colcon_core.shell:Creating environment hook '/home/emzx/ros2_ws/install/bumperbot_controller/share/bumperbot_controller/hook/cmake_prefix_path.sh'
[1.054s] Level 1:colcon.colcon_core.environment:checking '/home/emzx/ros2_ws/install/bumperbot_controller/lib'
[1.054s] Level 1:colcon.colcon_core.environment:checking '/home/emzx/ros2_ws/install/bumperbot_controller/bin'
[1.054s] Level 1:colcon.colcon_core.environment:checking '/home/emzx/ros2_ws/install/bumperbot_controller/lib/pkgconfig/bumperbot_controller.pc'
[1.054s] Level 1:colcon.colcon_core.environment:checking '/home/emzx/ros2_ws/install/bumperbot_controller/lib/python3.12/site-packages'
[1.054s] Level 1:colcon.colcon_core.shell:create_environment_hook('bumperbot_controller', 'pythonpath')
[1.055s] INFO:colcon.colcon_core.shell:Creating environment hook '/home/emzx/ros2_ws/install/bumperbot_controller/share/bumperbot_controller/hook/pythonpath.ps1'
[1.055s] INFO:colcon.colcon_core.shell:Creating environment descriptor '/home/emzx/ros2_ws/install/bumperbot_controller/share/bumperbot_controller/hook/pythonpath.dsv'
[1.055s] INFO:colcon.colcon_core.shell:Creating environment hook '/home/emzx/ros2_ws/install/bumperbot_controller/share/bumperbot_controller/hook/pythonpath.sh'
[1.056s] Level 1:colcon.colcon_core.environment:checking '/home/emzx/ros2_ws/install/bumperbot_controller/bin'
[1.056s] INFO:colcon.colcon_core.shell:Creating package script '/home/emzx/ros2_ws/install/bumperbot_controller/share/bumperbot_controller/package.ps1'
[1.056s] INFO:colcon.colcon_core.shell:Creating package descriptor '/home/emzx/ros2_ws/install/bumperbot_controller/share/bumperbot_controller/package.dsv'
[1.057s] INFO:colcon.colcon_core.shell:Creating package script '/home/emzx/ros2_ws/install/bumperbot_controller/share/bumperbot_controller/package.sh'
[1.057s] INFO:colcon.colcon_core.shell:Creating package script '/home/emzx/ros2_ws/install/bumperbot_controller/share/bumperbot_controller/package.bash'
[1.058s] INFO:colcon.colcon_core.shell:Creating package script '/home/emzx/ros2_ws/install/bumperbot_controller/share/bumperbot_controller/package.zsh'
[1.058s] Level 1:colcon.colcon_core.environment:create_file_with_runtime_dependencies(/home/emzx/ros2_ws/install/bumperbot_controller/share/colcon-core/packages/bumperbot_controller)
[1.076s] Level 1:colcon.colcon_core.environment:create_environment_scripts_only(my_robot_interfaces)
[1.076s] Level 1:colcon.colcon_core.environment:checking '/home/emzx/ros2_ws/install/my_robot_interfaces' for CMake module files
[1.077s] DEBUG:colcon.colcon_core.event_handler.log_command:Invoked command in '/home/emzx/ros2_ws/build/my_robot_interfaces' returned '0': CMAKE_PREFIX_PATH=${CMAKE_PREFIX_PATH}:/home/emzx/ros2_ws/install/turtlesim_catch_them_all:/home/emzx/ros2_ws/install/pacote_teste:/home/emzx/ros2_ws/install/bumperbot_utils:/home/emzx/ros2_ws/install/bumperbot_py:/opt/ros/jazzy DEBUGINFOD_URLS=https://debuginfod.ubuntu.com /usr/bin/cmake --install /home/emzx/ros2_ws/build/my_robot_interfaces
[1.077s] Level 1:colcon.colcon_core.environment:checking '/home/emzx/ros2_ws/install/my_robot_interfaces' for CMake config files
[1.078s] Level 1:colcon.colcon_core.shell:create_environment_hook('my_robot_interfaces', 'cmake_prefix_path')
[1.078s] INFO:colcon.colcon_core.shell:Creating environment hook '/home/emzx/ros2_ws/install/my_robot_interfaces/share/my_robot_interfaces/hook/cmake_prefix_path.ps1'
[1.078s] INFO:colcon.colcon_core.shell:Creating environment descriptor '/home/emzx/ros2_ws/install/my_robot_interfaces/share/my_robot_interfaces/hook/cmake_prefix_path.dsv'
[1.078s] INFO:colcon.colcon_core.shell:Creating environment hook '/home/emzx/ros2_ws/install/my_robot_interfaces/share/my_robot_interfaces/hook/cmake_prefix_path.sh'
[1.079s] Level 1:colcon.colcon_core.environment:checking '/home/emzx/ros2_ws/install/my_robot_interfaces/lib'
[1.079s] Level 1:colcon.colcon_core.shell:create_environment_hook('my_robot_interfaces', 'ld_library_path_lib')
[1.079s] INFO:colcon.colcon_core.shell:Creating environment hook '/home/emzx/ros2_ws/install/my_robot_interfaces/share/my_robot_interfaces/hook/ld_library_path_lib.ps1'
[1.080s] INFO:colcon.colcon_core.shell:Creating environment descriptor '/home/emzx/ros2_ws/install/my_robot_interfaces/share/my_robot_interfaces/hook/ld_library_path_lib.dsv'
[1.080s] INFO:colcon.colcon_core.shell:Creating environment hook '/home/emzx/ros2_ws/install/my_robot_interfaces/share/my_robot_interfaces/hook/ld_library_path_lib.sh'
[1.080s] Level 1:colcon.colcon_core.environment:checking '/home/emzx/ros2_ws/install/my_robot_interfaces/bin'
[1.080s] Level 1:colcon.colcon_core.environment:checking '/home/emzx/ros2_ws/install/my_robot_interfaces/lib/pkgconfig/my_robot_interfaces.pc'
[1.080s] Level 1:colcon.colcon_core.environment:checking '/home/emzx/ros2_ws/install/my_robot_interfaces/lib/python3.12/site-packages'
[1.080s] Level 1:colcon.colcon_core.shell:create_environment_hook('my_robot_interfaces', 'pythonpath')
[1.081s] INFO:colcon.colcon_core.shell:Creating environment hook '/home/emzx/ros2_ws/install/my_robot_interfaces/share/my_robot_interfaces/hook/pythonpath.ps1'
[1.081s] INFO:colcon.colcon_core.shell:Creating environment descriptor '/home/emzx/ros2_ws/install/my_robot_interfaces/share/my_robot_interfaces/hook/pythonpath.dsv'
[1.081s] INFO:colcon.colcon_core.shell:Creating environment hook '/home/emzx/ros2_ws/install/my_robot_interfaces/share/my_robot_interfaces/hook/pythonpath.sh'
[1.082s] Level 1:colcon.colcon_core.environment:checking '/home/emzx/ros2_ws/install/my_robot_interfaces/bin'
[1.082s] INFO:colcon.colcon_core.shell:Creating package script '/home/emzx/ros2_ws/install/my_robot_interfaces/share/my_robot_interfaces/package.ps1'
[1.082s] INFO:colcon.colcon_core.shell:Creating package descriptor '/home/emzx/ros2_ws/install/my_robot_interfaces/share/my_robot_interfaces/package.dsv'
[1.083s] INFO:colcon.colcon_core.shell:Creating package script '/home/emzx/ros2_ws/install/my_robot_interfaces/share/my_robot_interfaces/package.sh'
[1.083s] INFO:colcon.colcon_core.shell:Creating package script '/home/emzx/ros2_ws/install/my_robot_interfaces/share/my_robot_interfaces/package.bash'
[1.083s] INFO:colcon.colcon_core.shell:Creating package script '/home/emzx/ros2_ws/install/my_robot_interfaces/share/my_robot_interfaces/package.zsh'
[1.084s] Level 1:colcon.colcon_core.environment:create_file_with_runtime_dependencies(/home/emzx/ros2_ws/install/my_robot_interfaces/share/colcon-core/packages/my_robot_interfaces)
[1.084s] Level 1:colcon.colcon_core.environment:create_environment_scripts_only(my_robot_interfaces)
[1.084s] Level 1:colcon.colcon_core.environment:checking '/home/emzx/ros2_ws/install/my_robot_interfaces' for CMake module files
[1.085s] Level 1:colcon.colcon_core.environment:checking '/home/emzx/ros2_ws/install/my_robot_interfaces' for CMake config files
[1.085s] Level 1:colcon.colcon_core.shell:create_environment_hook('my_robot_interfaces', 'cmake_prefix_path')
[1.085s] INFO:colcon.colcon_core.shell:Creating environment hook '/home/emzx/ros2_ws/install/my_robot_interfaces/share/my_robot_interfaces/hook/cmake_prefix_path.ps1'
[1.086s] INFO:colcon.colcon_core.shell:Creating environment descriptor '/home/emzx/ros2_ws/install/my_robot_interfaces/share/my_robot_interfaces/hook/cmake_prefix_path.dsv'
[1.086s] INFO:colcon.colcon_core.shell:Creating environment hook '/home/emzx/ros2_ws/install/my_robot_interfaces/share/my_robot_interfaces/hook/cmake_prefix_path.sh'
[1.086s] Level 1:colcon.colcon_core.environment:checking '/home/emzx/ros2_ws/install/my_robot_interfaces/lib'
[1.086s] Level 1:colcon.colcon_core.shell:create_environment_hook('my_robot_interfaces', 'ld_library_path_lib')
[1.087s] INFO:colcon.colcon_core.shell:Creating environment hook '/home/emzx/ros2_ws/install/my_robot_interfaces/share/my_robot_interfaces/hook/ld_library_path_lib.ps1'
[1.087s] INFO:colcon.colcon_core.shell:Creating environment descriptor '/home/emzx/ros2_ws/install/my_robot_interfaces/share/my_robot_interfaces/hook/ld_library_path_lib.dsv'
[1.087s] INFO:colcon.colcon_core.shell:Creating environment hook '/home/emzx/ros2_ws/install/my_robot_interfaces/share/my_robot_interfaces/hook/ld_library_path_lib.sh'
[1.087s] Level 1:colcon.colcon_core.environment:checking '/home/emzx/ros2_ws/install/my_robot_interfaces/bin'
[1.087s] Level 1:colcon.colcon_core.environment:checking '/home/emzx/ros2_ws/install/my_robot_interfaces/lib/pkgconfig/my_robot_interfaces.pc'
[1.088s] Level 1:colcon.colcon_core.environment:checking '/home/emzx/ros2_ws/install/my_robot_interfaces/lib/python3.12/site-packages'
[1.088s] Level 1:colcon.colcon_core.shell:create_environment_hook('my_robot_interfaces', 'pythonpath')
[1.088s] INFO:colcon.colcon_core.shell:Creating environment hook '/home/emzx/ros2_ws/install/my_robot_interfaces/share/my_robot_interfaces/hook/pythonpath.ps1'
[1.088s] INFO:colcon.colcon_core.shell:Creating environment descriptor '/home/emzx/ros2_ws/install/my_robot_interfaces/share/my_robot_interfaces/hook/pythonpath.dsv'
[1.088s] INFO:colcon.colcon_core.shell:Creating environment hook '/home/emzx/ros2_ws/install/my_robot_interfaces/share/my_robot_interfaces/hook/pythonpath.sh'
[1.089s] Level 1:colcon.colcon_core.environment:checking '/home/emzx/ros2_ws/install/my_robot_interfaces/bin'
[1.089s] INFO:colcon.colcon_core.shell:Creating package script '/home/emzx/ros2_ws/install/my_robot_interfaces/share/my_robot_interfaces/package.ps1'
[1.090s] INFO:colcon.colcon_core.shell:Creating package descriptor '/home/emzx/ros2_ws/install/my_robot_interfaces/share/my_robot_interfaces/package.dsv'
[1.090s] INFO:colcon.colcon_core.shell:Creating package script '/home/emzx/ros2_ws/install/my_robot_interfaces/share/my_robot_interfaces/package.sh'
[1.091s] INFO:colcon.colcon_core.shell:Creating package script '/home/emzx/ros2_ws/install/my_robot_interfaces/share/my_robot_interfaces/package.bash'
[1.091s] INFO:colcon.colcon_core.shell:Creating package script '/home/emzx/ros2_ws/install/my_robot_interfaces/share/my_robot_interfaces/package.zsh'
[1.092s] Level 1:colcon.colcon_core.environment:create_file_with_runtime_dependencies(/home/emzx/ros2_ws/install/my_robot_interfaces/share/colcon-core/packages/my_robot_interfaces)
[1.092s] INFO:colcon.colcon_ros.task.ament_python.build:Building ROS package in '/home/emzx/ros2_ws/src/pacote_teste' with build type 'ament_python'
[1.092s] Level 1:colcon.colcon_core.shell:create_environment_hook('pacote_teste', 'ament_prefix_path')
[1.092s] INFO:colcon.colcon_core.shell:Creating environment hook '/home/emzx/ros2_ws/install/pacote_teste/share/pacote_teste/hook/ament_prefix_path.ps1'
[1.093s] INFO:colcon.colcon_core.shell:Creating environment descriptor '/home/emzx/ros2_ws/install/pacote_teste/share/pacote_teste/hook/ament_prefix_path.dsv'
[1.093s] INFO:colcon.colcon_core.shell:Creating environment hook '/home/emzx/ros2_ws/install/pacote_teste/share/pacote_teste/hook/ament_prefix_path.sh'
[1.093s] INFO:colcon.colcon_core.shell:Skip shell extension 'powershell' for command environment: Not usable outside of PowerShell
[1.093s] DEBUG:colcon.colcon_core.shell:Skip shell extension 'dsv' for command environment
[1.097s] INFO:colcon.colcon_ros.task.ament_python.build:Building ROS package in '/home/emzx/ros2_ws/src/turtlesim_catch_them_all' with build type 'ament_python'
[1.097s] Level 1:colcon.colcon_core.shell:create_environment_hook('turtlesim_catch_them_all', 'ament_prefix_path')
[1.097s] INFO:colcon.colcon_core.shell:Creating environment hook '/home/emzx/ros2_ws/install/turtlesim_catch_them_all/share/turtlesim_catch_them_all/hook/ament_prefix_path.ps1'
[1.097s] INFO:colcon.colcon_core.shell:Creating environment descriptor '/home/emzx/ros2_ws/install/turtlesim_catch_them_all/share/turtlesim_catch_them_all/hook/ament_prefix_path.dsv'
[1.098s] INFO:colcon.colcon_core.shell:Creating environment hook '/home/emzx/ros2_ws/install/turtlesim_catch_them_all/share/turtlesim_catch_them_all/hook/ament_prefix_path.sh'
[1.098s] INFO:colcon.colcon_core.shell:Skip shell extension 'powershell' for command environment: Not usable outside of PowerShell
[1.098s] DEBUG:colcon.colcon_core.shell:Skip shell extension 'dsv' for command environment
[1.318s] INFO:colcon.colcon_core.task.python.build:Building Python package in '/home/emzx/ros2_ws/src/pacote_teste'
[1.319s] INFO:colcon.colcon_core.shell:Skip shell extension 'powershell' for command environment: Not usable outside of PowerShell
[1.319s] DEBUG:colcon.colcon_core.shell:Skip shell extension 'dsv' for command environment
[1.537s] INFO:colcon.colcon_core.task.python.build:Building Python package in '/home/emzx/ros2_ws/src/turtlesim_catch_them_all'
[1.537s] INFO:colcon.colcon_core.shell:Skip shell extension 'powershell' for command environment: Not usable outside of PowerShell
[1.537s] DEBUG:colcon.colcon_core.shell:Skip shell extension 'dsv' for command environment
[1.586s] DEBUG:colcon.colcon_core.event_handler.log_command:Invoking command in '/home/emzx/ros2_ws/src/bumperbot_py': DEBUGINFOD_URLS=https://debuginfod.ubuntu.com PYTHONPATH=/home/emzx/ros2_ws/build/bumperbot_py/prefix_override:/usr/lib/python3/dist-packages/colcon_core/task/python/colcon_distutils_commands:/home/emzx/ros2_ws/install/bumperbot_py/lib/python3.12/site-packages:${PYTHONPATH} /usr/bin/python3 -W ignore:setup.py install is deprecated -W ignore:easy_install command is deprecated setup.py egg_info --egg-base ../../build/bumperbot_py build --build-base /home/emzx/ros2_ws/build/bumperbot_py/build install --record /home/emzx/ros2_ws/build/bumperbot_py/install.log --single-version-externally-managed install_data
[1.630s] DEBUG:colcon.colcon_core.event_handler.log_command:Invoking command in '/home/emzx/ros2_ws/src/bumperbot_utils': DEBUGINFOD_URLS=https://debuginfod.ubuntu.com PYTHONPATH=/home/emzx/ros2_ws/build/bumperbot_utils/prefix_override:/usr/lib/python3/dist-packages/colcon_core/task/python/colcon_distutils_commands:/home/emzx/ros2_ws/install/bumperbot_utils/lib/python3.12/site-packages:${PYTHONPATH} /usr/bin/python3 -W ignore:setup.py install is deprecated -W ignore:easy_install command is deprecated setup.py egg_info --egg-base ../../build/bumperbot_utils build --build-base /home/emzx/ros2_ws/build/bumperbot_utils/build install --record /home/emzx/ros2_ws/build/bumperbot_utils/install.log --single-version-externally-managed install_data
[2.151s] Level 1:colcon.colcon_core.environment:checking '/home/emzx/ros2_ws/install/bumperbot_py' for CMake module files
[2.152s] DEBUG:colcon.colcon_core.event_handler.log_command:Invoked command in '/home/emzx/ros2_ws/src/bumperbot_py' returned '0': DEBUGINFOD_URLS=https://debuginfod.ubuntu.com PYTHONPATH=/home/emzx/ros2_ws/build/bumperbot_py/prefix_override:/usr/lib/python3/dist-packages/colcon_core/task/python/colcon_distutils_commands:/home/emzx/ros2_ws/install/bumperbot_py/lib/python3.12/site-packages:${PYTHONPATH} /usr/bin/python3 -W ignore:setup.py install is deprecated -W ignore:easy_install command is deprecated setup.py egg_info --egg-base ../../build/bumperbot_py build --build-base /home/emzx/ros2_ws/build/bumperbot_py/build install --record /home/emzx/ros2_ws/build/bumperbot_py/install.log --single-version-externally-managed install_data
[2.153s] Level 1:colcon.colcon_core.environment:checking '/home/emzx/ros2_ws/install/bumperbot_py' for CMake config files
[2.153s] Level 1:colcon.colcon_core.environment:checking '/home/emzx/ros2_ws/install/bumperbot_py/lib'
[2.153s] Level 1:colcon.colcon_core.environment:checking '/home/emzx/ros2_ws/install/bumperbot_py/bin'
[2.153s] Level 1:colcon.colcon_core.environment:checking '/home/emzx/ros2_ws/install/bumperbot_py/lib/pkgconfig/bumperbot_py.pc'
[2.154s] Level 1:colcon.colcon_core.environment:checking '/home/emzx/ros2_ws/install/bumperbot_py/lib/python3.12/site-packages'
[2.154s] Level 1:colcon.colcon_core.shell:create_environment_hook('bumperbot_py', 'pythonpath')
[2.154s] INFO:colcon.colcon_core.shell:Creating environment hook '/home/emzx/ros2_ws/install/bumperbot_py/share/bumperbot_py/hook/pythonpath.ps1'
[2.154s] INFO:colcon.colcon_core.shell:Creating environment descriptor '/home/emzx/ros2_ws/install/bumperbot_py/share/bumperbot_py/hook/pythonpath.dsv'
[2.155s] INFO:colcon.colcon_core.shell:Creating environment hook '/home/emzx/ros2_ws/install/bumperbot_py/share/bumperbot_py/hook/pythonpath.sh'
[2.155s] Level 1:colcon.colcon_core.environment:checking '/home/emzx/ros2_ws/install/bumperbot_py/bin'
[2.155s] Level 1:colcon.colcon_core.environment:create_environment_scripts_only(bumperbot_py)
[2.156s] INFO:colcon.colcon_core.shell:Creating package script '/home/emzx/ros2_ws/install/bumperbot_py/share/bumperbot_py/package.ps1'
[2.156s] INFO:colcon.colcon_core.shell:Creating package descriptor '/home/emzx/ros2_ws/install/bumperbot_py/share/bumperbot_py/package.dsv'
[2.157s] INFO:colcon.colcon_core.shell:Creating package script '/home/emzx/ros2_ws/install/bumperbot_py/share/bumperbot_py/package.sh'
[2.157s] INFO:colcon.colcon_core.shell:Creating package script '/home/emzx/ros2_ws/install/bumperbot_py/share/bumperbot_py/package.bash'
[2.157s] INFO:colcon.colcon_core.shell:Creating package script '/home/emzx/ros2_ws/install/bumperbot_py/share/bumperbot_py/package.zsh'
[2.158s] Level 1:colcon.colcon_core.environment:create_file_with_runtime_dependencies(/home/emzx/ros2_ws/install/bumperbot_py/share/colcon-core/packages/bumperbot_py)
[2.176s] DEBUG:colcon.colcon_core.event_handler.log_command:Invoking command in '/home/emzx/ros2_ws/src/turtlesim_catch_them_all': CMAKE_PREFIX_PATH=/home/emzx/ros2_ws/install/my_robot_interfaces:/home/emzx/ros2_ws/install/my_robot_bringup:/home/emzx/ros2_ws/install/bumperbot_localization:/home/emzx/ros2_ws/install/bumperbot_description:/home/emzx/ros2_ws/install/bumperbot_controller:/opt/ros/jazzy/opt/gz_sim_vendor:/opt/ros/jazzy/opt/gz_sensors_vendor:/opt/ros/jazzy/opt/gz_physics_vendor:/opt/ros/jazzy/opt/sdformat_vendor:/opt/ros/jazzy/opt/gz_gui_vendor:/opt/ros/jazzy/opt/gz_transport_vendor:/opt/ros/jazzy/opt/gz_rendering_vendor:/opt/ros/jazzy/opt/gz_plugin_vendor:/opt/ros/jazzy/opt/gz_fuel_tools_vendor:/opt/ros/jazzy/opt/gz_msgs_vendor:/opt/ros/jazzy/opt/gz_common_vendor:/opt/ros/jazzy/opt/gz_math_vendor:/opt/ros/jazzy/opt/gz_utils_vendor:/opt/ros/jazzy/opt/gz_tools_vendor:/opt/ros/jazzy/opt/gz_ogre_next_vendor:/opt/ros/jazzy/opt/gz_dartsim_vendor:/opt/ros/jazzy/opt/gz_cmake_vendor DEBUGINFOD_URLS=https://debuginfod.ubuntu.com PYTHONPATH=/home/emzx/ros2_ws/build/turtlesim_catch_them_all/prefix_override:/usr/lib/python3/dist-packages/colcon_core/task/python/colcon_distutils_commands:/home/emzx/ros2_ws/install/turtlesim_catch_them_all/lib/python3.12/site-packages:/home/emzx/ros2_ws/install/my_robot_interfaces/lib/python3.12/site-packages:/home/emzx/ros2_ws/install/turtlesim_catch_them_all/lib/python3.12/site-packages:/home/emzx/ros2_ws/install/pacote_teste/lib/python3.12/site-packages:/home/emzx/ros2_ws/install/bumperbot_utils/lib/python3.12/site-packages:/home/emzx/ros2_ws/install/bumperbot_py/lib/python3.12/site-packages:/home/emzx/ros2_ws/install/bumperbot_localization/lib/python3.12/site-packages:/home/emzx/ros2_ws/install/bumperbot_controller/lib/python3.12/site-packages:/opt/ros/jazzy/lib/python3.12/site-packages /usr/bin/python3 -W ignore:setup.py install is deprecated -W ignore:easy_install command is deprecated setup.py egg_info --egg-base ../../build/turtlesim_catch_them_all build --build-base /home/emzx/ros2_ws/build/turtlesim_catch_them_all/build install --record /home/emzx/ros2_ws/build/turtlesim_catch_them_all/install.log --single-version-externally-managed install_data
[2.178s] Level 1:colcon.colcon_core.environment:checking '/home/emzx/ros2_ws/install/bumperbot_utils' for CMake module files
[2.178s] DEBUG:colcon.colcon_core.event_handler.log_command:Invoking command in '/home/emzx/ros2_ws/src/pacote_teste': CMAKE_PREFIX_PATH=/home/emzx/ros2_ws/install/my_robot_interfaces:/home/emzx/ros2_ws/install/my_robot_bringup:/home/emzx/ros2_ws/install/bumperbot_localization:/home/emzx/ros2_ws/install/bumperbot_description:/home/emzx/ros2_ws/install/bumperbot_controller:/opt/ros/jazzy/opt/gz_sim_vendor:/opt/ros/jazzy/opt/gz_sensors_vendor:/opt/ros/jazzy/opt/gz_physics_vendor:/opt/ros/jazzy/opt/sdformat_vendor:/opt/ros/jazzy/opt/gz_gui_vendor:/opt/ros/jazzy/opt/gz_transport_vendor:/opt/ros/jazzy/opt/gz_rendering_vendor:/opt/ros/jazzy/opt/gz_plugin_vendor:/opt/ros/jazzy/opt/gz_fuel_tools_vendor:/opt/ros/jazzy/opt/gz_msgs_vendor:/opt/ros/jazzy/opt/gz_common_vendor:/opt/ros/jazzy/opt/gz_math_vendor:/opt/ros/jazzy/opt/gz_utils_vendor:/opt/ros/jazzy/opt/gz_tools_vendor:/opt/ros/jazzy/opt/gz_ogre_next_vendor:/opt/ros/jazzy/opt/gz_dartsim_vendor:/opt/ros/jazzy/opt/gz_cmake_vendor DEBUGINFOD_URLS=https://debuginfod.ubuntu.com PYTHONPATH=/home/emzx/ros2_ws/build/pacote_teste/prefix_override:/usr/lib/python3/dist-packages/colcon_core/task/python/colcon_distutils_commands:/home/emzx/ros2_ws/install/pacote_teste/lib/python3.12/site-packages:/home/emzx/ros2_ws/install/my_robot_interfaces/lib/python3.12/site-packages:/home/emzx/ros2_ws/install/turtlesim_catch_them_all/lib/python3.12/site-packages:/home/emzx/ros2_ws/install/pacote_teste/lib/python3.12/site-packages:/home/emzx/ros2_ws/install/bumperbot_utils/lib/python3.12/site-packages:/home/emzx/ros2_ws/install/bumperbot_py/lib/python3.12/site-packages:/home/emzx/ros2_ws/install/bumperbot_localization/lib/python3.12/site-packages:/home/emzx/ros2_ws/install/bumperbot_controller/lib/python3.12/site-packages:/opt/ros/jazzy/lib/python3.12/site-packages /usr/bin/python3 -W ignore:setup.py install is deprecated -W ignore:easy_install command is deprecated setup.py egg_info --egg-base ../../build/pacote_teste build --build-base /home/emzx/ros2_ws/build/pacote_teste/build install --record /home/emzx/ros2_ws/build/pacote_teste/install.log --single-version-externally-managed install_data
[2.178s] DEBUG:colcon.colcon_core.event_handler.log_command:Invoked command in '/home/emzx/ros2_ws/src/bumperbot_utils' returned '0': DEBUGINFOD_URLS=https://debuginfod.ubuntu.com PYTHONPATH=/home/emzx/ros2_ws/build/bumperbot_utils/prefix_override:/usr/lib/python3/dist-packages/colcon_core/task/python/colcon_distutils_commands:/home/emzx/ros2_ws/install/bumperbot_utils/lib/python3.12/site-packages:${PYTHONPATH} /usr/bin/python3 -W ignore:setup.py install is deprecated -W ignore:easy_install command is deprecated setup.py egg_info --egg-base ../../build/bumperbot_utils build --build-base /home/emzx/ros2_ws/build/bumperbot_utils/build install --record /home/emzx/ros2_ws/build/bumperbot_utils/install.log --single-version-externally-managed install_data
[2.179s] Level 1:colcon.colcon_core.environment:checking '/home/emzx/ros2_ws/install/bumperbot_utils' for CMake config files
[2.179s] Level 1:colcon.colcon_core.environment:checking '/home/emzx/ros2_ws/install/bumperbot_utils/lib'
[2.179s] Level 1:colcon.colcon_core.environment:checking '/home/emzx/ros2_ws/install/bumperbot_utils/bin'
[2.179s] Level 1:colcon.colcon_core.environment:checking '/home/emzx/ros2_ws/install/bumperbot_utils/lib/pkgconfig/bumperbot_utils.pc'
[2.180s] Level 1:colcon.colcon_core.environment:checking '/home/emzx/ros2_ws/install/bumperbot_utils/lib/python3.12/site-packages'
[2.180s] Level 1:colcon.colcon_core.shell:create_environment_hook('bumperbot_utils', 'pythonpath')
[2.180s] INFO:colcon.colcon_core.shell:Creating environment hook '/home/emzx/ros2_ws/install/bumperbot_utils/share/bumperbot_utils/hook/pythonpath.ps1'
[2.181s] INFO:colcon.colcon_core.shell:Creating environment descriptor '/home/emzx/ros2_ws/install/bumperbot_utils/share/bumperbot_utils/hook/pythonpath.dsv'
[2.181s] INFO:colcon.colcon_core.shell:Creating environment hook '/home/emzx/ros2_ws/install/bumperbot_utils/share/bumperbot_utils/hook/pythonpath.sh'
[2.182s] Level 1:colcon.colcon_core.environment:checking '/home/emzx/ros2_ws/install/bumperbot_utils/bin'
[2.182s] Level 1:colcon.colcon_core.environment:create_environment_scripts_only(bumperbot_utils)
[2.182s] INFO:colcon.colcon_core.shell:Creating package script '/home/emzx/ros2_ws/install/bumperbot_utils/share/bumperbot_utils/package.ps1'
[2.183s] INFO:colcon.colcon_core.shell:Creating package descriptor '/home/emzx/ros2_ws/install/bumperbot_utils/share/bumperbot_utils/package.dsv'
[2.183s] INFO:colcon.colcon_core.shell:Creating package script '/home/emzx/ros2_ws/install/bumperbot_utils/share/bumperbot_utils/package.sh'
[2.184s] INFO:colcon.colcon_core.shell:Creating package script '/home/emzx/ros2_ws/install/bumperbot_utils/share/bumperbot_utils/package.bash'
[2.184s] INFO:colcon.colcon_core.shell:Creating package script '/home/emzx/ros2_ws/install/bumperbot_utils/share/bumperbot_utils/package.zsh'
[2.184s] Level 1:colcon.colcon_core.environment:create_file_with_runtime_dependencies(/home/emzx/ros2_ws/install/bumperbot_utils/share/colcon-core/packages/bumperbot_utils)
[2.733s] Level 1:colcon.colcon_core.environment:checking '/home/emzx/ros2_ws/install/turtlesim_catch_them_all' for CMake module files
[2.733s] DEBUG:colcon.colcon_core.event_handler.log_command:Invoked command in '/home/emzx/ros2_ws/src/turtlesim_catch_them_all' returned '0': CMAKE_PREFIX_PATH=/home/emzx/ros2_ws/install/my_robot_interfaces:/home/emzx/ros2_ws/install/my_robot_bringup:/home/emzx/ros2_ws/install/bumperbot_localization:/home/emzx/ros2_ws/install/bumperbot_description:/home/emzx/ros2_ws/install/bumperbot_controller:/opt/ros/jazzy/opt/gz_sim_vendor:/opt/ros/jazzy/opt/gz_sensors_vendor:/opt/ros/jazzy/opt/gz_physics_vendor:/opt/ros/jazzy/opt/sdformat_vendor:/opt/ros/jazzy/opt/gz_gui_vendor:/opt/ros/jazzy/opt/gz_transport_vendor:/opt/ros/jazzy/opt/gz_rendering_vendor:/opt/ros/jazzy/opt/gz_plugin_vendor:/opt/ros/jazzy/opt/gz_fuel_tools_vendor:/opt/ros/jazzy/opt/gz_msgs_vendor:/opt/ros/jazzy/opt/gz_common_vendor:/opt/ros/jazzy/opt/gz_math_vendor:/opt/ros/jazzy/opt/gz_utils_vendor:/opt/ros/jazzy/opt/gz_tools_vendor:/opt/ros/jazzy/opt/gz_ogre_next_vendor:/opt/ros/jazzy/opt/gz_dartsim_vendor:/opt/ros/jazzy/opt/gz_cmake_vendor DEBUGINFOD_URLS=https://debuginfod.ubuntu.com PYTHONPATH=/home/emzx/ros2_ws/build/turtlesim_catch_them_all/prefix_override:/usr/lib/python3/dist-packages/colcon_core/task/python/colcon_distutils_commands:/home/emzx/ros2_ws/install/turtlesim_catch_them_all/lib/python3.12/site-packages:/home/emzx/ros2_ws/install/my_robot_interfaces/lib/python3.12/site-packages:/home/emzx/ros2_ws/install/turtlesim_catch_them_all/lib/python3.12/site-packages:/home/emzx/ros2_ws/install/pacote_teste/lib/python3.12/site-packages:/home/emzx/ros2_ws/install/bumperbot_utils/lib/python3.12/site-packages:/home/emzx/ros2_ws/install/bumperbot_py/lib/python3.12/site-packages:/home/emzx/ros2_ws/install/bumperbot_localization/lib/python3.12/site-packages:/home/emzx/ros2_ws/install/bumperbot_controller/lib/python3.12/site-packages:/opt/ros/jazzy/lib/python3.12/site-packages /usr/bin/python3 -W ignore:setup.py install is deprecated -W ignore:easy_install command is deprecated setup.py egg_info --egg-base ../../build/turtlesim_catch_them_all build --build-base /home/emzx/ros2_ws/build/turtlesim_catch_them_all/build install --record /home/emzx/ros2_ws/build/turtlesim_catch_them_all/install.log --single-version-externally-managed install_data
[2.733s] Level 1:colcon.colcon_core.environment:checking '/home/emzx/ros2_ws/install/turtlesim_catch_them_all' for CMake config files
[2.734s] Level 1:colcon.colcon_core.environment:checking '/home/emzx/ros2_ws/install/turtlesim_catch_them_all/lib'
[2.734s] Level 1:colcon.colcon_core.environment:checking '/home/emzx/ros2_ws/install/turtlesim_catch_them_all/bin'
[2.734s] Level 1:colcon.colcon_core.environment:checking '/home/emzx/ros2_ws/install/turtlesim_catch_them_all/lib/pkgconfig/turtlesim_catch_them_all.pc'
[2.734s] Level 1:colcon.colcon_core.environment:checking '/home/emzx/ros2_ws/install/turtlesim_catch_them_all/lib/python3.12/site-packages'
[2.734s] Level 1:colcon.colcon_core.shell:create_environment_hook('turtlesim_catch_them_all', 'pythonpath')
[2.735s] INFO:colcon.colcon_core.shell:Creating environment hook '/home/emzx/ros2_ws/install/turtlesim_catch_them_all/share/turtlesim_catch_them_all/hook/pythonpath.ps1'
[2.735s] INFO:colcon.colcon_core.shell:Creating environment descriptor '/home/emzx/ros2_ws/install/turtlesim_catch_them_all/share/turtlesim_catch_them_all/hook/pythonpath.dsv'
[2.735s] INFO:colcon.colcon_core.shell:Creating environment hook '/home/emzx/ros2_ws/install/turtlesim_catch_them_all/share/turtlesim_catch_them_all/hook/pythonpath.sh'
[2.736s] Level 1:colcon.colcon_core.environment:checking '/home/emzx/ros2_ws/install/turtlesim_catch_them_all/bin'
[2.736s] Level 1:colcon.colcon_core.environment:create_environment_scripts_only(turtlesim_catch_them_all)
[2.736s] INFO:colcon.colcon_core.shell:Creating package script '/home/emzx/ros2_ws/install/turtlesim_catch_them_all/share/turtlesim_catch_them_all/package.ps1'
[2.736s] INFO:colcon.colcon_core.shell:Creating package descriptor '/home/emzx/ros2_ws/install/turtlesim_catch_them_all/share/turtlesim_catch_them_all/package.dsv'
[2.737s] INFO:colcon.colcon_core.shell:Creating package script '/home/emzx/ros2_ws/install/turtlesim_catch_them_all/share/turtlesim_catch_them_all/package.sh'
[2.737s] INFO:colcon.colcon_core.shell:Creating package script '/home/emzx/ros2_ws/install/turtlesim_catch_them_all/share/turtlesim_catch_them_all/package.bash'
[2.737s] INFO:colcon.colcon_core.shell:Creating package script '/home/emzx/ros2_ws/install/turtlesim_catch_them_all/share/turtlesim_catch_them_all/package.zsh'
[2.738s] Level 1:colcon.colcon_core.environment:create_file_with_runtime_dependencies(/home/emzx/ros2_ws/install/turtlesim_catch_them_all/share/colcon-core/packages/turtlesim_catch_them_all)
[2.739s] Level 1:colcon.colcon_core.environment:checking '/home/emzx/ros2_ws/install/pacote_teste' for CMake module files
[2.739s] DEBUG:colcon.colcon_core.event_handler.log_command:Invoked command in '/home/emzx/ros2_ws/src/pacote_teste' returned '0': CMAKE_PREFIX_PATH=/home/emzx/ros2_ws/install/my_robot_interfaces:/home/emzx/ros2_ws/install/my_robot_bringup:/home/emzx/ros2_ws/install/bumperbot_localization:/home/emzx/ros2_ws/install/bumperbot_description:/home/emzx/ros2_ws/install/bumperbot_controller:/opt/ros/jazzy/opt/gz_sim_vendor:/opt/ros/jazzy/opt/gz_sensors_vendor:/opt/ros/jazzy/opt/gz_physics_vendor:/opt/ros/jazzy/opt/sdformat_vendor:/opt/ros/jazzy/opt/gz_gui_vendor:/opt/ros/jazzy/opt/gz_transport_vendor:/opt/ros/jazzy/opt/gz_rendering_vendor:/opt/ros/jazzy/opt/gz_plugin_vendor:/opt/ros/jazzy/opt/gz_fuel_tools_vendor:/opt/ros/jazzy/opt/gz_msgs_vendor:/opt/ros/jazzy/opt/gz_common_vendor:/opt/ros/jazzy/opt/gz_math_vendor:/opt/ros/jazzy/opt/gz_utils_vendor:/opt/ros/jazzy/opt/gz_tools_vendor:/opt/ros/jazzy/opt/gz_ogre_next_vendor:/opt/ros/jazzy/opt/gz_dartsim_vendor:/opt/ros/jazzy/opt/gz_cmake_vendor DEBUGINFOD_URLS=https://debuginfod.ubuntu.com PYTHONPATH=/home/emzx/ros2_ws/build/pacote_teste/prefix_override:/usr/lib/python3/dist-packages/colcon_core/task/python/colcon_distutils_commands:/home/emzx/ros2_ws/install/pacote_teste/lib/python3.12/site-packages:/home/emzx/ros2_ws/install/my_robot_interfaces/lib/python3.12/site-packages:/home/emzx/ros2_ws/install/turtlesim_catch_them_all/lib/python3.12/site-packages:/home/emzx/ros2_ws/install/pacote_teste/lib/python3.12/site-packages:/home/emzx/ros2_ws/install/bumperbot_utils/lib/python3.12/site-packages:/home/emzx/ros2_ws/install/bumperbot_py/lib/python3.12/site-packages:/home/emzx/ros2_ws/install/bumperbot_localization/lib/python3.12/site-packages:/home/emzx/ros2_ws/install/bumperbot_controller/lib/python3.12/site-packages:/opt/ros/jazzy/lib/python3.12/site-packages /usr/bin/python3 -W ignore:setup.py install is deprecated -W ignore:easy_install command is deprecated setup.py egg_info --egg-base ../../build/pacote_teste build --build-base /home/emzx/ros2_ws/build/pacote_teste/build install --record /home/emzx/ros2_ws/build/pacote_teste/install.log --single-version-externally-managed install_data
[2.740s] Level 1:colcon.colcon_core.environment:checking '/home/emzx/ros2_ws/install/pacote_teste' for CMake config files
[2.740s] Level 1:colcon.colcon_core.environment:checking '/home/emzx/ros2_ws/install/pacote_teste/lib'
[2.740s] Level 1:colcon.colcon_core.environment:checking '/home/emzx/ros2_ws/install/pacote_teste/bin'
[2.741s] Level 1:colcon.colcon_core.environment:checking '/home/emzx/ros2_ws/install/pacote_teste/lib/pkgconfig/pacote_teste.pc'
[2.741s] Level 1:colcon.colcon_core.environment:checking '/home/emzx/ros2_ws/install/pacote_teste/lib/python3.12/site-packages'
[2.741s] Level 1:colcon.colcon_core.shell:create_environment_hook('pacote_teste', 'pythonpath')
[2.741s] INFO:colcon.colcon_core.shell:Creating environment hook '/home/emzx/ros2_ws/install/pacote_teste/share/pacote_teste/hook/pythonpath.ps1'
[2.741s] INFO:colcon.colcon_core.shell:Creating environment descriptor '/home/emzx/ros2_ws/install/pacote_teste/share/pacote_teste/hook/pythonpath.dsv'
[2.742s] INFO:colcon.colcon_core.shell:Creating environment hook '/home/emzx/ros2_ws/install/pacote_teste/share/pacote_teste/hook/pythonpath.sh'
[2.742s] Level 1:colcon.colcon_core.environment:checking '/home/emzx/ros2_ws/install/pacote_teste/bin'
[2.742s] Level 1:colcon.colcon_core.environment:create_environment_scripts_only(pacote_teste)
[2.742s] INFO:colcon.colcon_core.shell:Creating package script '/home/emzx/ros2_ws/install/pacote_teste/share/pacote_teste/package.ps1'
[2.743s] INFO:colcon.colcon_core.shell:Creating package descriptor '/home/emzx/ros2_ws/install/pacote_teste/share/pacote_teste/package.dsv'
[2.743s] INFO:colcon.colcon_core.shell:Creating package script '/home/emzx/ros2_ws/install/pacote_teste/share/pacote_teste/package.sh'
[2.744s] INFO:colcon.colcon_core.shell:Creating package script '/home/emzx/ros2_ws/install/pacote_teste/share/pacote_teste/package.bash'
[2.744s] INFO:colcon.colcon_core.shell:Creating package script '/home/emzx/ros2_ws/install/pacote_teste/share/pacote_teste/package.zsh'
[2.744s] Level 1:colcon.colcon_core.environment:create_file_with_runtime_dependencies(/home/emzx/ros2_ws/install/pacote_teste/share/colcon-core/packages/pacote_teste)
[2.744s] INFO:colcon.colcon_ros.task.ament_cmake.build:Building ROS package in '/home/emzx/ros2_ws/src/my_robot_bringup' with build type 'ament_cmake'
[2.744s] INFO:colcon.colcon_cmake.task.cmake.build:Building CMake package in '/home/emzx/ros2_ws/src/my_robot_bringup'
[2.745s] INFO:colcon.colcon_core.shell:Skip shell extension 'powershell' for command environment: Not usable outside of PowerShell
[2.745s] DEBUG:colcon.colcon_core.shell:Skip shell extension 'dsv' for command environment
[2.756s] DEBUG:colcon.colcon_core.event_handler.log_command:Invoking command in '/home/emzx/ros2_ws/build/my_robot_bringup': AMENT_PREFIX_PATH=/home/emzx/ros2_ws/install/pacote_teste:/home/emzx/ros2_ws/install/turtlesim_catch_them_all:/home/emzx/ros2_ws/install/my_robot_bringup:/home/emzx/ros2_ws/install/my_robot_interfaces:/home/emzx/ros2_ws/install/bumperbot_utils:/home/emzx/ros2_ws/install/bumperbot_py:/home/emzx/ros2_ws/install/bumperbot_localization:/home/emzx/ros2_ws/install/bumperbot_description:/home/emzx/ros2_ws/install/bumperbot_controller:/opt/ros/jazzy CMAKE_PREFIX_PATH=/home/emzx/ros2_ws/install/my_robot_interfaces:/home/emzx/ros2_ws/install/my_robot_bringup:/home/emzx/ros2_ws/install/bumperbot_localization:/home/emzx/ros2_ws/install/bumperbot_description:/home/emzx/ros2_ws/install/bumperbot_controller:/opt/ros/jazzy/opt/gz_sim_vendor:/opt/ros/jazzy/opt/gz_sensors_vendor:/opt/ros/jazzy/opt/gz_physics_vendor:/opt/ros/jazzy/opt/sdformat_vendor:/opt/ros/jazzy/opt/gz_gui_vendor:/opt/ros/jazzy/opt/gz_transport_vendor:/opt/ros/jazzy/opt/gz_rendering_vendor:/opt/ros/jazzy/opt/gz_plugin_vendor:/opt/ros/jazzy/opt/gz_fuel_tools_vendor:/opt/ros/jazzy/opt/gz_msgs_vendor:/opt/ros/jazzy/opt/gz_common_vendor:/opt/ros/jazzy/opt/gz_math_vendor:/opt/ros/jazzy/opt/gz_utils_vendor:/opt/ros/jazzy/opt/gz_tools_vendor:/opt/ros/jazzy/opt/gz_ogre_next_vendor:/opt/ros/jazzy/opt/gz_dartsim_vendor:/opt/ros/jazzy/opt/gz_cmake_vendor:/home/emzx/ros2_ws/install/turtlesim_catch_them_all:/home/emzx/ros2_ws/install/pacote_teste:/home/emzx/ros2_ws/install/bumperbot_utils:/home/emzx/ros2_ws/install/bumperbot_py:/opt/ros/jazzy DEBUGINFOD_URLS=https://debuginfod.ubuntu.com PYTHONPATH=/home/emzx/ros2_ws/install/pacote_teste/lib/python3.12/site-packages:/home/emzx/ros2_ws/install/my_robot_interfaces/lib/python3.12/site-packages:/home/emzx/ros2_ws/install/turtlesim_catch_them_all/lib/python3.12/site-packages:/home/emzx/ros2_ws/install/bumperbot_utils/lib/python3.12/site-packages:/home/emzx/ros2_ws/install/bumperbot_py/lib/python3.12/site-packages:/home/emzx/ros2_ws/install/bumperbot_localization/lib/python3.12/site-packages:/home/emzx/ros2_ws/install/bumperbot_controller/lib/python3.12/site-packages:/opt/ros/jazzy/lib/python3.12/site-packages /usr/bin/cmake --build /home/emzx/ros2_ws/build/my_robot_bringup -- -j8 -l8
[2.814s] DEBUG:colcon.colcon_core.event_handler.log_command:Invoked command in '/home/emzx/ros2_ws/build/my_robot_bringup' returned '0': AMENT_PREFIX_PATH=/home/emzx/ros2_ws/install/pacote_teste:/home/emzx/ros2_ws/install/turtlesim_catch_them_all:/home/emzx/ros2_ws/install/my_robot_bringup:/home/emzx/ros2_ws/install/my_robot_interfaces:/home/emzx/ros2_ws/install/bumperbot_utils:/home/emzx/ros2_ws/install/bumperbot_py:/home/emzx/ros2_ws/install/bumperbot_localization:/home/emzx/ros2_ws/install/bumperbot_description:/home/emzx/ros2_ws/install/bumperbot_controller:/opt/ros/jazzy CMAKE_PREFIX_PATH=/home/emzx/ros2_ws/install/my_robot_interfaces:/home/emzx/ros2_ws/install/my_robot_bringup:/home/emzx/ros2_ws/install/bumperbot_localization:/home/emzx/ros2_ws/install/bumperbot_description:/home/emzx/ros2_ws/install/bumperbot_controller:/opt/ros/jazzy/opt/gz_sim_vendor:/opt/ros/jazzy/opt/gz_sensors_vendor:/opt/ros/jazzy/opt/gz_physics_vendor:/opt/ros/jazzy/opt/sdformat_vendor:/opt/ros/jazzy/opt/gz_gui_vendor:/opt/ros/jazzy/opt/gz_transport_vendor:/opt/ros/jazzy/opt/gz_rendering_vendor:/opt/ros/jazzy/opt/gz_plugin_vendor:/opt/ros/jazzy/opt/gz_fuel_tools_vendor:/opt/ros/jazzy/opt/gz_msgs_vendor:/opt/ros/jazzy/opt/gz_common_vendor:/opt/ros/jazzy/opt/gz_math_vendor:/opt/ros/jazzy/opt/gz_utils_vendor:/opt/ros/jazzy/opt/gz_tools_vendor:/opt/ros/jazzy/opt/gz_ogre_next_vendor:/opt/ros/jazzy/opt/gz_dartsim_vendor:/opt/ros/jazzy/opt/gz_cmake_vendor:/home/emzx/ros2_ws/install/turtlesim_catch_them_all:/home/emzx/ros2_ws/install/pacote_teste:/home/emzx/ros2_ws/install/bumperbot_utils:/home/emzx/ros2_ws/install/bumperbot_py:/opt/ros/jazzy DEBUGINFOD_URLS=https://debuginfod.ubuntu.com PYTHONPATH=/home/emzx/ros2_ws/install/pacote_teste/lib/python3.12/site-packages:/home/emzx/ros2_ws/install/my_robot_interfaces/lib/python3.12/site-packages:/home/emzx/ros2_ws/install/turtlesim_catch_them_all/lib/python3.12/site-packages:/home/emzx/ros2_ws/install/bumperbot_utils/lib/python3.12/site-packages:/home/emzx/ros2_ws/install/bumperbot_py/lib/python3.12/site-packages:/home/emzx/ros2_ws/install/bumperbot_localization/lib/python3.12/site-packages:/home/emzx/ros2_ws/install/bumperbot_controller/lib/python3.12/site-packages:/opt/ros/jazzy/lib/python3.12/site-packages /usr/bin/cmake --build /home/emzx/ros2_ws/build/my_robot_bringup -- -j8 -l8
[2.815s] DEBUG:colcon.colcon_core.event_handler.log_command:Invoking command in '/home/emzx/ros2_ws/build/my_robot_bringup': AMENT_PREFIX_PATH=/home/emzx/ros2_ws/install/pacote_teste:/home/emzx/ros2_ws/install/turtlesim_catch_them_all:/home/emzx/ros2_ws/install/my_robot_bringup:/home/emzx/ros2_ws/install/my_robot_interfaces:/home/emzx/ros2_ws/install/bumperbot_utils:/home/emzx/ros2_ws/install/bumperbot_py:/home/emzx/ros2_ws/install/bumperbot_localization:/home/emzx/ros2_ws/install/bumperbot_description:/home/emzx/ros2_ws/install/bumperbot_controller:/opt/ros/jazzy CMAKE_PREFIX_PATH=/home/emzx/ros2_ws/install/my_robot_interfaces:/home/emzx/ros2_ws/install/my_robot_bringup:/home/emzx/ros2_ws/install/bumperbot_localization:/home/emzx/ros2_ws/install/bumperbot_description:/home/emzx/ros2_ws/install/bumperbot_controller:/opt/ros/jazzy/opt/gz_sim_vendor:/opt/ros/jazzy/opt/gz_sensors_vendor:/opt/ros/jazzy/opt/gz_physics_vendor:/opt/ros/jazzy/opt/sdformat_vendor:/opt/ros/jazzy/opt/gz_gui_vendor:/opt/ros/jazzy/opt/gz_transport_vendor:/opt/ros/jazzy/opt/gz_rendering_vendor:/opt/ros/jazzy/opt/gz_plugin_vendor:/opt/ros/jazzy/opt/gz_fuel_tools_vendor:/opt/ros/jazzy/opt/gz_msgs_vendor:/opt/ros/jazzy/opt/gz_common_vendor:/opt/ros/jazzy/opt/gz_math_vendor:/opt/ros/jazzy/opt/gz_utils_vendor:/opt/ros/jazzy/opt/gz_tools_vendor:/opt/ros/jazzy/opt/gz_ogre_next_vendor:/opt/ros/jazzy/opt/gz_dartsim_vendor:/opt/ros/jazzy/opt/gz_cmake_vendor:/home/emzx/ros2_ws/install/turtlesim_catch_them_all:/home/emzx/ros2_ws/install/pacote_teste:/home/emzx/ros2_ws/install/bumperbot_utils:/home/emzx/ros2_ws/install/bumperbot_py:/opt/ros/jazzy DEBUGINFOD_URLS=https://debuginfod.ubuntu.com PYTHONPATH=/home/emzx/ros2_ws/install/pacote_teste/lib/python3.12/site-packages:/home/emzx/ros2_ws/install/my_robot_interfaces/lib/python3.12/site-packages:/home/emzx/ros2_ws/install/turtlesim_catch_them_all/lib/python3.12/site-packages:/home/emzx/ros2_ws/install/bumperbot_utils/lib/python3.12/site-packages:/home/emzx/ros2_ws/install/bumperbot_py/lib/python3.12/site-packages:/home/emzx/ros2_ws/install/bumperbot_localization/lib/python3.12/site-packages:/home/emzx/ros2_ws/install/bumperbot_controller/lib/python3.12/site-packages:/opt/ros/jazzy/lib/python3.12/site-packages /usr/bin/cmake --install /home/emzx/ros2_ws/build/my_robot_bringup
[2.830s] Level 1:colcon.colcon_core.environment:create_environment_scripts_only(my_robot_bringup)
[2.831s] Level 1:colcon.colcon_core.environment:checking '/home/emzx/ros2_ws/install/my_robot_bringup' for CMake module files
[2.832s] DEBUG:colcon.colcon_core.event_handler.log_command:Invoked command in '/home/emzx/ros2_ws/build/my_robot_bringup' returned '0': AMENT_PREFIX_PATH=/home/emzx/ros2_ws/install/pacote_teste:/home/emzx/ros2_ws/install/turtlesim_catch_them_all:/home/emzx/ros2_ws/install/my_robot_bringup:/home/emzx/ros2_ws/install/my_robot_interfaces:/home/emzx/ros2_ws/install/bumperbot_utils:/home/emzx/ros2_ws/install/bumperbot_py:/home/emzx/ros2_ws/install/bumperbot_localization:/home/emzx/ros2_ws/install/bumperbot_description:/home/emzx/ros2_ws/install/bumperbot_controller:/opt/ros/jazzy CMAKE_PREFIX_PATH=/home/emzx/ros2_ws/install/my_robot_interfaces:/home/emzx/ros2_ws/install/my_robot_bringup:/home/emzx/ros2_ws/install/bumperbot_localization:/home/emzx/ros2_ws/install/bumperbot_description:/home/emzx/ros2_ws/install/bumperbot_controller:/opt/ros/jazzy/opt/gz_sim_vendor:/opt/ros/jazzy/opt/gz_sensors_vendor:/opt/ros/jazzy/opt/gz_physics_vendor:/opt/ros/jazzy/opt/sdformat_vendor:/opt/ros/jazzy/opt/gz_gui_vendor:/opt/ros/jazzy/opt/gz_transport_vendor:/opt/ros/jazzy/opt/gz_rendering_vendor:/opt/ros/jazzy/opt/gz_plugin_vendor:/opt/ros/jazzy/opt/gz_fuel_tools_vendor:/opt/ros/jazzy/opt/gz_msgs_vendor:/opt/ros/jazzy/opt/gz_common_vendor:/opt/ros/jazzy/opt/gz_math_vendor:/opt/ros/jazzy/opt/gz_utils_vendor:/opt/ros/jazzy/opt/gz_tools_vendor:/opt/ros/jazzy/opt/gz_ogre_next_vendor:/opt/ros/jazzy/opt/gz_dartsim_vendor:/opt/ros/jazzy/opt/gz_cmake_vendor:/home/emzx/ros2_ws/install/turtlesim_catch_them_all:/home/emzx/ros2_ws/install/pacote_teste:/home/emzx/ros2_ws/install/bumperbot_utils:/home/emzx/ros2_ws/install/bumperbot_py:/opt/ros/jazzy DEBUGINFOD_URLS=https://debuginfod.ubuntu.com PYTHONPATH=/home/emzx/ros2_ws/install/pacote_teste/lib/python3.12/site-packages:/home/emzx/ros2_ws/install/my_robot_interfaces/lib/python3.12/site-packages:/home/emzx/ros2_ws/install/turtlesim_catch_them_all/lib/python3.12/site-packages:/home/emzx/ros2_ws/install/bumperbot_utils/lib/python3.12/site-packages:/home/emzx/ros2_ws/install/bumperbot_py/lib/python3.12/site-packages:/home/emzx/ros2_ws/install/bumperbot_localization/lib/python3.12/site-packages:/home/emzx/ros2_ws/install/bumperbot_controller/lib/python3.12/site-packages:/opt/ros/jazzy/lib/python3.12/site-packages /usr/bin/cmake --install /home/emzx/ros2_ws/build/my_robot_bringup
[2.832s] Level 1:colcon.colcon_core.environment:checking '/home/emzx/ros2_ws/install/my_robot_bringup' for CMake config files
[2.833s] Level 1:colcon.colcon_core.shell:create_environment_hook('my_robot_bringup', 'cmake_prefix_path')
[2.833s] INFO:colcon.colcon_core.shell:Creating environment hook '/home/emzx/ros2_ws/install/my_robot_bringup/share/my_robot_bringup/hook/cmake_prefix_path.ps1'
[2.834s] INFO:colcon.colcon_core.shell:Creating environment descriptor '/home/emzx/ros2_ws/install/my_robot_bringup/share/my_robot_bringup/hook/cmake_prefix_path.dsv'
[2.834s] INFO:colcon.colcon_core.shell:Creating environment hook '/home/emzx/ros2_ws/install/my_robot_bringup/share/my_robot_bringup/hook/cmake_prefix_path.sh'
[2.835s] Level 1:colcon.colcon_core.environment:checking '/home/emzx/ros2_ws/install/my_robot_bringup/bin'
[2.835s] Level 1:colcon.colcon_core.environment:checking '/home/emzx/ros2_ws/install/my_robot_bringup/lib/pkgconfig/my_robot_bringup.pc'
[2.836s] Level 1:colcon.colcon_core.environment:checking '/home/emzx/ros2_ws/install/my_robot_bringup/lib/python3.12/site-packages'
[2.836s] Level 1:colcon.colcon_core.environment:checking '/home/emzx/ros2_ws/install/my_robot_bringup/bin'
[2.836s] INFO:colcon.colcon_core.shell:Creating package script '/home/emzx/ros2_ws/install/my_robot_bringup/share/my_robot_bringup/package.ps1'
[2.837s] INFO:colcon.colcon_core.shell:Creating package descriptor '/home/emzx/ros2_ws/install/my_robot_bringup/share/my_robot_bringup/package.dsv'
[2.838s] INFO:colcon.colcon_core.shell:Creating package script '/home/emzx/ros2_ws/install/my_robot_bringup/share/my_robot_bringup/package.sh'
[2.838s] INFO:colcon.colcon_core.shell:Creating package script '/home/emzx/ros2_ws/install/my_robot_bringup/share/my_robot_bringup/package.bash'
[2.839s] INFO:colcon.colcon_core.shell:Creating package script '/home/emzx/ros2_ws/install/my_robot_bringup/share/my_robot_bringup/package.zsh'
[2.839s] Level 1:colcon.colcon_core.environment:create_file_with_runtime_dependencies(/home/emzx/ros2_ws/install/my_robot_bringup/share/colcon-core/packages/my_robot_bringup)
[2.840s] Level 1:colcon.colcon_core.environment:create_environment_scripts_only(my_robot_bringup)
[2.840s] Level 1:colcon.colcon_core.environment:checking '/home/emzx/ros2_ws/install/my_robot_bringup' for CMake module files
[2.841s] Level 1:colcon.colcon_core.environment:checking '/home/emzx/ros2_ws/install/my_robot_bringup' for CMake config files
[2.842s] Level 1:colcon.colcon_core.shell:create_environment_hook('my_robot_bringup', 'cmake_prefix_path')
[2.842s] INFO:colcon.colcon_core.shell:Creating environment hook '/home/emzx/ros2_ws/install/my_robot_bringup/share/my_robot_bringup/hook/cmake_prefix_path.ps1'
[2.842s] INFO:colcon.colcon_core.shell:Creating environment descriptor '/home/emzx/ros2_ws/install/my_robot_bringup/share/my_robot_bringup/hook/cmake_prefix_path.dsv'
[2.843s] INFO:colcon.colcon_core.shell:Creating environment hook '/home/emzx/ros2_ws/install/my_robot_bringup/share/my_robot_bringup/hook/cmake_prefix_path.sh'
[2.844s] Level 1:colcon.colcon_core.environment:checking '/home/emzx/ros2_ws/install/my_robot_bringup/bin'
[2.844s] Level 1:colcon.colcon_core.environment:checking '/home/emzx/ros2_ws/install/my_robot_bringup/lib/pkgconfig/my_robot_bringup.pc'
[2.844s] Level 1:colcon.colcon_core.environment:checking '/home/emzx/ros2_ws/install/my_robot_bringup/lib/python3.12/site-packages'
[2.845s] Level 1:colcon.colcon_core.environment:checking '/home/emzx/ros2_ws/install/my_robot_bringup/bin'
[2.845s] INFO:colcon.colcon_core.shell:Creating package script '/home/emzx/ros2_ws/install/my_robot_bringup/share/my_robot_bringup/package.ps1'
[2.846s] INFO:colcon.colcon_core.shell:Creating package descriptor '/home/emzx/ros2_ws/install/my_robot_bringup/share/my_robot_bringup/package.dsv'
[2.847s] INFO:colcon.colcon_core.shell:Creating package script '/home/emzx/ros2_ws/install/my_robot_bringup/share/my_robot_bringup/package.sh'
[2.848s] INFO:colcon.colcon_core.shell:Creating package script '/home/emzx/ros2_ws/install/my_robot_bringup/share/my_robot_bringup/package.bash'
[2.848s] INFO:colcon.colcon_core.shell:Creating package script '/home/emzx/ros2_ws/install/my_robot_bringup/share/my_robot_bringup/package.zsh'
[2.849s] Level 1:colcon.colcon_core.environment:create_file_with_runtime_dependencies(/home/emzx/ros2_ws/install/my_robot_bringup/share/colcon-core/packages/my_robot_bringup)
[2.850s] DEBUG:colcon.colcon_parallel_executor.executor.parallel:closing loop
[2.850s] DEBUG:colcon.colcon_parallel_executor.executor.parallel:loop closed
[2.850s] DEBUG:colcon.colcon_parallel_executor.executor.parallel:run_until_complete finished with '0'
[2.851s] DEBUG:colcon.colcon_core.event_reactor:joining thread
[2.861s] INFO:colcon.colcon_core.plugin_system:Skipping extension 'colcon_notification.desktop_notification.terminal_notifier': Not used on non-Darwin systems
[2.861s] INFO:colcon.colcon_core.plugin_system:Skipping extension 'colcon_notification.desktop_notification.win32': Not used on non-Windows systems
[2.861s] INFO:colcon.colcon_notification.desktop_notification:Sending desktop notification using 'notify2'
[2.885s] DEBUG:colcon.colcon_core.event_reactor:joined thread
[2.885s] INFO:colcon.colcon_core.shell:Creating prefix script '/home/emzx/ros2_ws/install/local_setup.ps1'
[2.887s] INFO:colcon.colcon_core.shell:Creating prefix util module '/home/emzx/ros2_ws/install/_local_setup_util_ps1.py'
[2.890s] INFO:colcon.colcon_core.shell:Creating prefix chain script '/home/emzx/ros2_ws/install/setup.ps1'
[2.892s] INFO:colcon.colcon_core.shell:Creating prefix script '/home/emzx/ros2_ws/install/local_setup.sh'
[2.892s] INFO:colcon.colcon_core.shell:Creating prefix util module '/home/emzx/ros2_ws/install/_local_setup_util_sh.py'
[2.893s] INFO:colcon.colcon_core.shell:Creating prefix chain script '/home/emzx/ros2_ws/install/setup.sh'
[2.894s] INFO:colcon.colcon_core.shell:Creating prefix script '/home/emzx/ros2_ws/install/local_setup.bash'
[2.895s] INFO:colcon.colcon_core.shell:Creating prefix chain script '/home/emzx/ros2_ws/install/setup.bash'
[2.896s] INFO:colcon.colcon_core.shell:Creating prefix script '/home/emzx/ros2_ws/install/local_setup.zsh'
[2.897s] INFO:colcon.colcon_core.shell:Creating prefix chain script '/home/emzx/ros2_ws/install/setup.zsh'
