[0.116s] DEBUG:colcon:Command line arguments: ['/usr/bin/colcon', 'build']
[0.116s] DEBUG:colcon:Parsed command line arguments: Namespace(log_base=None, log_level=None, verb_name='build', build_base='build', install_base='install', merge_install=False, symlink_install=False, test_result_base=None, continue_on_error=False, executor='parallel', parallel_workers=8, event_handlers=None, ignore_user_meta=False, metas=['./colcon.meta'], base_paths=['.'], packages_ignore=None, packages_ignore_regex=None, paths=None, packages_up_to=None, packages_up_to_regex=None, packages_above=None, packages_above_and_dependencies=None, packages_above_depth=None, packages_select_by_dep=None, packages_skip_by_dep=None, packages_skip_up_to=None, packages_select_build_failed=False, packages_skip_build_finished=False, packages_select_test_failures=False, packages_skip_test_passed=False, packages_select=None, packages_skip=None, packages_select_regex=None, packages_skip_regex=None, packages_start=None, packages_end=None, allow_overriding=[], cmake_args=None, cmake_target=None, cmake_target_skip_unavailable=False, cmake_clean_cache=False, cmake_clean_first=False, cmake_force_configure=False, ament_cmake_args=None, catkin_cmake_args=None, catkin_skip_building_tests=False, mixin_files=None, mixin=None, verb_parser=<colcon_mixin.mixin.mixin_argument.MixinArgumentDecorator object at 0x7b09ae1493d0>, verb_extension=<colcon_core.verb.build.BuildVerb object at 0x7b09ae1490a0>, main=<bound method BuildVerb.main of <colcon_core.verb.build.BuildVerb object at 0x7b09ae1490a0>>, mixin_verb=('build',))
[0.153s] Level 1:colcon.colcon_core.package_discovery:discover_packages(colcon_meta) check parameters
[0.154s] Level 1:colcon.colcon_core.package_discovery:discover_packages(recursive) check parameters
[0.154s] Level 1:colcon.colcon_core.package_discovery:discover_packages(ignore) check parameters
[0.154s] Level 1:colcon.colcon_core.package_discovery:discover_packages(path) check parameters
[0.154s] Level 1:colcon.colcon_core.package_discovery:discover_packages(colcon_meta) discover
[0.154s] Level 1:colcon.colcon_core.package_discovery:discover_packages(recursive) discover
[0.154s] INFO:colcon.colcon_core.package_discovery:Crawling recursively for packages in '/home/emzx/ros2_ws'
[0.154s] Level 1:colcon.colcon_core.package_identification:_identify(.) by extensions ['ignore', 'ignore_ament_install']
[0.154s] Level 1:colcon.colcon_core.package_identification:_identify(.) by extension 'ignore'
[0.154s] Level 1:colcon.colcon_core.package_identification:_identify(.) by extension 'ignore_ament_install'
[0.154s] Level 1:colcon.colcon_core.package_identification:_identify(.) by extensions ['colcon_pkg']
[0.154s] Level 1:colcon.colcon_core.package_identification:_identify(.) by extension 'colcon_pkg'
[0.154s] Level 1:colcon.colcon_core.package_identification:_identify(.) by extensions ['colcon_meta']
[0.154s] Level 1:colcon.colcon_core.package_identification:_identify(.) by extension 'colcon_meta'
[0.154s] Level 1:colcon.colcon_core.package_identification:_identify(.) by extensions ['ros']
[0.154s] Level 1:colcon.colcon_core.package_identification:_identify(.) by extension 'ros'
[0.180s] Level 1:colcon.colcon_core.package_identification:_identify(.) by extensions ['cmake', 'python']
[0.180s] Level 1:colcon.colcon_core.package_identification:_identify(.) by extension 'cmake'
[0.180s] Level 1:colcon.colcon_core.package_identification:_identify(.) by extension 'python'
[0.180s] Level 1:colcon.colcon_core.package_identification:_identify(.) by extensions ['python_setup_py']
[0.180s] Level 1:colcon.colcon_core.package_identification:_identify(.) by extension 'python_setup_py'
[0.180s] Level 1:colcon.colcon_core.package_identification:_identify(build) by extensions ['ignore', 'ignore_ament_install']
[0.180s] Level 1:colcon.colcon_core.package_identification:_identify(build) by extension 'ignore'
[0.180s] Level 1:colcon.colcon_core.package_identification:_identify(build) ignored
[0.180s] Level 1:colcon.colcon_core.package_identification:_identify(install) by extensions ['ignore', 'ignore_ament_install']
[0.180s] Level 1:colcon.colcon_core.package_identification:_identify(install) by extension 'ignore'
[0.180s] Level 1:colcon.colcon_core.package_identification:_identify(install) ignored
[0.180s] Level 1:colcon.colcon_core.package_identification:_identify(log) by extensions ['ignore', 'ignore_ament_install']
[0.181s] Level 1:colcon.colcon_core.package_identification:_identify(log) by extension 'ignore'
[0.181s] Level 1:colcon.colcon_core.package_identification:_identify(log) ignored
[0.181s] Level 1:colcon.colcon_core.package_identification:_identify(src) by extensions ['ignore', 'ignore_ament_install']
[0.181s] Level 1:colcon.colcon_core.package_identification:_identify(src) by extension 'ignore'
[0.181s] Level 1:colcon.colcon_core.package_identification:_identify(src) by extension 'ignore_ament_install'
[0.181s] Level 1:colcon.colcon_core.package_identification:_identify(src) by extensions ['colcon_pkg']
[0.181s] Level 1:colcon.colcon_core.package_identification:_identify(src) by extension 'colcon_pkg'
[0.181s] Level 1:colcon.colcon_core.package_identification:_identify(src) by extensions ['colcon_meta']
[0.181s] Level 1:colcon.colcon_core.package_identification:_identify(src) by extension 'colcon_meta'
[0.181s] Level 1:colcon.colcon_core.package_identification:_identify(src) by extensions ['ros']
[0.181s] Level 1:colcon.colcon_core.package_identification:_identify(src) by extension 'ros'
[0.181s] Level 1:colcon.colcon_core.package_identification:_identify(src) by extensions ['cmake', 'python']
[0.181s] Level 1:colcon.colcon_core.package_identification:_identify(src) by extension 'cmake'
[0.181s] Level 1:colcon.colcon_core.package_identification:_identify(src) by extension 'python'
[0.181s] Level 1:colcon.colcon_core.package_identification:_identify(src) by extensions ['python_setup_py']
[0.181s] Level 1:colcon.colcon_core.package_identification:_identify(src) by extension 'python_setup_py'
[0.181s] Level 1:colcon.colcon_core.package_identification:_identify(src/build) by extensions ['ignore', 'ignore_ament_install']
[0.181s] Level 1:colcon.colcon_core.package_identification:_identify(src/build) by extension 'ignore'
[0.181s] Level 1:colcon.colcon_core.package_identification:_identify(src/build) ignored
[0.181s] Level 1:colcon.colcon_core.package_identification:_identify(src/bumperbot_controller) by extensions ['ignore', 'ignore_ament_install']
[0.182s] Level 1:colcon.colcon_core.package_identification:_identify(src/bumperbot_controller) by extension 'ignore'
[0.182s] Level 1:colcon.colcon_core.package_identification:_identify(src/bumperbot_controller) by extension 'ignore_ament_install'
[0.182s] Level 1:colcon.colcon_core.package_identification:_identify(src/bumperbot_controller) by extensions ['colcon_pkg']
[0.182s] Level 1:colcon.colcon_core.package_identification:_identify(src/bumperbot_controller) by extension 'colcon_pkg'
[0.182s] Level 1:colcon.colcon_core.package_identification:_identify(src/bumperbot_controller) by extensions ['colcon_meta']
[0.182s] Level 1:colcon.colcon_core.package_identification:_identify(src/bumperbot_controller) by extension 'colcon_meta'
[0.182s] Level 1:colcon.colcon_core.package_identification:_identify(src/bumperbot_controller) by extensions ['ros']
[0.182s] Level 1:colcon.colcon_core.package_identification:_identify(src/bumperbot_controller) by extension 'ros'
[0.184s] DEBUG:colcon.colcon_core.package_identification:Package 'src/bumperbot_controller' with type 'ros.ament_cmake' and name 'bumperbot_controller'
[0.184s] Level 1:colcon.colcon_core.package_identification:_identify(src/bumperbot_description) by extensions ['ignore', 'ignore_ament_install']
[0.185s] Level 1:colcon.colcon_core.package_identification:_identify(src/bumperbot_description) by extension 'ignore'
[0.185s] Level 1:colcon.colcon_core.package_identification:_identify(src/bumperbot_description) by extension 'ignore_ament_install'
[0.185s] Level 1:colcon.colcon_core.package_identification:_identify(src/bumperbot_description) by extensions ['colcon_pkg']
[0.185s] Level 1:colcon.colcon_core.package_identification:_identify(src/bumperbot_description) by extension 'colcon_pkg'
[0.185s] Level 1:colcon.colcon_core.package_identification:_identify(src/bumperbot_description) by extensions ['colcon_meta']
[0.185s] Level 1:colcon.colcon_core.package_identification:_identify(src/bumperbot_description) by extension 'colcon_meta'
[0.185s] Level 1:colcon.colcon_core.package_identification:_identify(src/bumperbot_description) by extensions ['ros']
[0.185s] Level 1:colcon.colcon_core.package_identification:_identify(src/bumperbot_description) by extension 'ros'
[0.188s] DEBUG:colcon.colcon_core.package_identification:Package 'src/bumperbot_description' with type 'ros.ament_cmake' and name 'bumperbot_description'
[0.188s] Level 1:colcon.colcon_core.package_identification:_identify(src/bumperbot_localization) by extensions ['ignore', 'ignore_ament_install']
[0.188s] Level 1:colcon.colcon_core.package_identification:_identify(src/bumperbot_localization) by extension 'ignore'
[0.188s] Level 1:colcon.colcon_core.package_identification:_identify(src/bumperbot_localization) by extension 'ignore_ament_install'
[0.188s] Level 1:colcon.colcon_core.package_identification:_identify(src/bumperbot_localization) by extensions ['colcon_pkg']
[0.188s] Level 1:colcon.colcon_core.package_identification:_identify(src/bumperbot_localization) by extension 'colcon_pkg'
[0.188s] Level 1:colcon.colcon_core.package_identification:_identify(src/bumperbot_localization) by extensions ['colcon_meta']
[0.188s] Level 1:colcon.colcon_core.package_identification:_identify(src/bumperbot_localization) by extension 'colcon_meta'
[0.188s] Level 1:colcon.colcon_core.package_identification:_identify(src/bumperbot_localization) by extensions ['ros']
[0.188s] Level 1:colcon.colcon_core.package_identification:_identify(src/bumperbot_localization) by extension 'ros'
[0.189s] DEBUG:colcon.colcon_core.package_identification:Package 'src/bumperbot_localization' with type 'ros.ament_cmake' and name 'bumperbot_localization'
[0.189s] Level 1:colcon.colcon_core.package_identification:_identify(src/bumperbot_py) by extensions ['ignore', 'ignore_ament_install']
[0.189s] Level 1:colcon.colcon_core.package_identification:_identify(src/bumperbot_py) by extension 'ignore'
[0.189s] Level 1:colcon.colcon_core.package_identification:_identify(src/bumperbot_py) by extension 'ignore_ament_install'
[0.189s] Level 1:colcon.colcon_core.package_identification:_identify(src/bumperbot_py) by extensions ['colcon_pkg']
[0.189s] Level 1:colcon.colcon_core.package_identification:_identify(src/bumperbot_py) by extension 'colcon_pkg'
[0.189s] Level 1:colcon.colcon_core.package_identification:_identify(src/bumperbot_py) by extensions ['colcon_meta']
[0.189s] Level 1:colcon.colcon_core.package_identification:_identify(src/bumperbot_py) by extension 'colcon_meta'
[0.189s] Level 1:colcon.colcon_core.package_identification:_identify(src/bumperbot_py) by extensions ['ros']
[0.189s] Level 1:colcon.colcon_core.package_identification:_identify(src/bumperbot_py) by extension 'ros'
[0.190s] DEBUG:colcon.colcon_core.package_identification:Package 'src/bumperbot_py' with type 'ros.ament_python' and name 'bumperbot_py'
[0.190s] Level 1:colcon.colcon_core.package_identification:_identify(src/bumperbot_utils) by extensions ['ignore', 'ignore_ament_install']
[0.190s] Level 1:colcon.colcon_core.package_identification:_identify(src/bumperbot_utils) by extension 'ignore'
[0.190s] Level 1:colcon.colcon_core.package_identification:_identify(src/bumperbot_utils) by extension 'ignore_ament_install'
[0.190s] Level 1:colcon.colcon_core.package_identification:_identify(src/bumperbot_utils) by extensions ['colcon_pkg']
[0.190s] Level 1:colcon.colcon_core.package_identification:_identify(src/bumperbot_utils) by extension 'colcon_pkg'
[0.190s] Level 1:colcon.colcon_core.package_identification:_identify(src/bumperbot_utils) by extensions ['colcon_meta']
[0.190s] Level 1:colcon.colcon_core.package_identification:_identify(src/bumperbot_utils) by extension 'colcon_meta'
[0.190s] Level 1:colcon.colcon_core.package_identification:_identify(src/bumperbot_utils) by extensions ['ros']
[0.190s] Level 1:colcon.colcon_core.package_identification:_identify(src/bumperbot_utils) by extension 'ros'
[0.191s] DEBUG:colcon.colcon_core.package_identification:Package 'src/bumperbot_utils' with type 'ros.ament_python' and name 'bumperbot_utils'
[0.191s] Level 1:colcon.colcon_core.package_identification:_identify(src/install) by extensions ['ignore', 'ignore_ament_install']
[0.191s] Level 1:colcon.colcon_core.package_identification:_identify(src/install) by extension 'ignore'
[0.191s] Level 1:colcon.colcon_core.package_identification:_identify(src/install) ignored
[0.191s] Level 1:colcon.colcon_core.package_identification:_identify(src/log) by extensions ['ignore', 'ignore_ament_install']
[0.191s] Level 1:colcon.colcon_core.package_identification:_identify(src/log) by extension 'ignore'
[0.191s] Level 1:colcon.colcon_core.package_identification:_identify(src/log) ignored
[0.191s] Level 1:colcon.colcon_core.package_identification:_identify(src/my_robot_bringup) by extensions ['ignore', 'ignore_ament_install']
[0.191s] Level 1:colcon.colcon_core.package_identification:_identify(src/my_robot_bringup) by extension 'ignore'
[0.191s] Level 1:colcon.colcon_core.package_identification:_identify(src/my_robot_bringup) by extension 'ignore_ament_install'
[0.191s] Level 1:colcon.colcon_core.package_identification:_identify(src/my_robot_bringup) by extensions ['colcon_pkg']
[0.191s] Level 1:colcon.colcon_core.package_identification:_identify(src/my_robot_bringup) by extension 'colcon_pkg'
[0.191s] Level 1:colcon.colcon_core.package_identification:_identify(src/my_robot_bringup) by extensions ['colcon_meta']
[0.192s] Level 1:colcon.colcon_core.package_identification:_identify(src/my_robot_bringup) by extension 'colcon_meta'
[0.192s] Level 1:colcon.colcon_core.package_identification:_identify(src/my_robot_bringup) by extensions ['ros']
[0.192s] Level 1:colcon.colcon_core.package_identification:_identify(src/my_robot_bringup) by extension 'ros'
[0.192s] DEBUG:colcon.colcon_core.package_identification:Package 'src/my_robot_bringup' with type 'ros.ament_cmake' and name 'my_robot_bringup'
[0.192s] Level 1:colcon.colcon_core.package_identification:_identify(src/my_robot_interfaces) by extensions ['ignore', 'ignore_ament_install']
[0.192s] Level 1:colcon.colcon_core.package_identification:_identify(src/my_robot_interfaces) by extension 'ignore'
[0.192s] Level 1:colcon.colcon_core.package_identification:_identify(src/my_robot_interfaces) by extension 'ignore_ament_install'
[0.192s] Level 1:colcon.colcon_core.package_identification:_identify(src/my_robot_interfaces) by extensions ['colcon_pkg']
[0.192s] Level 1:colcon.colcon_core.package_identification:_identify(src/my_robot_interfaces) by extension 'colcon_pkg'
[0.192s] Level 1:colcon.colcon_core.package_identification:_identify(src/my_robot_interfaces) by extensions ['colcon_meta']
[0.192s] Level 1:colcon.colcon_core.package_identification:_identify(src/my_robot_interfaces) by extension 'colcon_meta'
[0.192s] Level 1:colcon.colcon_core.package_identification:_identify(src/my_robot_interfaces) by extensions ['ros']
[0.192s] Level 1:colcon.colcon_core.package_identification:_identify(src/my_robot_interfaces) by extension 'ros'
[0.193s] DEBUG:colcon.colcon_core.package_identification:Package 'src/my_robot_interfaces' with type 'ros.ament_cmake' and name 'my_robot_interfaces'
[0.193s] Level 1:colcon.colcon_core.package_identification:_identify(src/pacote_teste) by extensions ['ignore', 'ignore_ament_install']
[0.193s] Level 1:colcon.colcon_core.package_identification:_identify(src/pacote_teste) by extension 'ignore'
[0.193s] Level 1:colcon.colcon_core.package_identification:_identify(src/pacote_teste) by extension 'ignore_ament_install'
[0.193s] Level 1:colcon.colcon_core.package_identification:_identify(src/pacote_teste) by extensions ['colcon_pkg']
[0.193s] Level 1:colcon.colcon_core.package_identification:_identify(src/pacote_teste) by extension 'colcon_pkg'
[0.193s] Level 1:colcon.colcon_core.package_identification:_identify(src/pacote_teste) by extensions ['colcon_meta']
[0.193s] Level 1:colcon.colcon_core.package_identification:_identify(src/pacote_teste) by extension 'colcon_meta'
[0.193s] Level 1:colcon.colcon_core.package_identification:_identify(src/pacote_teste) by extensions ['ros']
[0.193s] Level 1:colcon.colcon_core.package_identification:_identify(src/pacote_teste) by extension 'ros'
[0.194s] DEBUG:colcon.colcon_core.package_identification:Package 'src/pacote_teste' with type 'ros.ament_python' and name 'pacote_teste'
[0.194s] Level 1:colcon.colcon_core.package_identification:_identify(src/turtlesim_catch_them_all) by extensions ['ignore', 'ignore_ament_install']
[0.194s] Level 1:colcon.colcon_core.package_identification:_identify(src/turtlesim_catch_them_all) by extension 'ignore'
[0.194s] Level 1:colcon.colcon_core.package_identification:_identify(src/turtlesim_catch_them_all) by extension 'ignore_ament_install'
[0.194s] Level 1:colcon.colcon_core.package_identification:_identify(src/turtlesim_catch_them_all) by extensions ['colcon_pkg']
[0.194s] Level 1:colcon.colcon_core.package_identification:_identify(src/turtlesim_catch_them_all) by extension 'colcon_pkg'
[0.194s] Level 1:colcon.colcon_core.package_identification:_identify(src/turtlesim_catch_them_all) by extensions ['colcon_meta']
[0.194s] Level 1:colcon.colcon_core.package_identification:_identify(src/turtlesim_catch_them_all) by extension 'colcon_meta'
[0.194s] Level 1:colcon.colcon_core.package_identification:_identify(src/turtlesim_catch_them_all) by extensions ['ros']
[0.194s] Level 1:colcon.colcon_core.package_identification:_identify(src/turtlesim_catch_them_all) by extension 'ros'
[0.195s] DEBUG:colcon.colcon_core.package_identification:Package 'src/turtlesim_catch_them_all' with type 'ros.ament_python' and name 'turtlesim_catch_them_all'
[0.195s] Level 1:colcon.colcon_core.package_discovery:discover_packages(recursive) using defaults
[0.195s] Level 1:colcon.colcon_core.package_discovery:discover_packages(ignore) discover
[0.195s] Level 1:colcon.colcon_core.package_discovery:discover_packages(ignore) using defaults
[0.195s] Level 1:colcon.colcon_core.package_discovery:discover_packages(path) discover
[0.195s] Level 1:colcon.colcon_core.package_discovery:discover_packages(path) using defaults
[0.215s] Level 1:colcon.colcon_core.package_discovery:discover_packages(prefix_path) check parameters
[0.215s] Level 1:colcon.colcon_core.package_discovery:discover_packages(prefix_path) discover
[0.218s] DEBUG:colcon.colcon_installed_package_information.package_discovery:Found 9 installed packages in /home/emzx/ros2_ws/install
[0.219s] DEBUG:colcon.colcon_installed_package_information.package_discovery:Found 376 installed packages in /opt/ros/jazzy
[0.220s] Level 1:colcon.colcon_core.package_discovery:discover_packages(prefix_path) using defaults
[0.272s] Level 5:colcon.colcon_core.verb:set package 'bumperbot_controller' build argument 'cmake_args' from command line to 'None'
[0.272s] Level 5:colcon.colcon_core.verb:set package 'bumperbot_controller' build argument 'cmake_target' from command line to 'None'
[0.272s] Level 5:colcon.colcon_core.verb:set package 'bumperbot_controller' build argument 'cmake_target_skip_unavailable' from command line to 'False'
[0.272s] Level 5:colcon.colcon_core.verb:set package 'bumperbot_controller' build argument 'cmake_clean_cache' from command line to 'False'
[0.272s] Level 5:colcon.colcon_core.verb:set package 'bumperbot_controller' build argument 'cmake_clean_first' from command line to 'False'
[0.272s] Level 5:colcon.colcon_core.verb:set package 'bumperbot_controller' build argument 'cmake_force_configure' from command line to 'False'
[0.272s] Level 5:colcon.colcon_core.verb:set package 'bumperbot_controller' build argument 'ament_cmake_args' from command line to 'None'
[0.273s] Level 5:colcon.colcon_core.verb:set package 'bumperbot_controller' build argument 'catkin_cmake_args' from command line to 'None'
[0.273s] Level 5:colcon.colcon_core.verb:set package 'bumperbot_controller' build argument 'catkin_skip_building_tests' from command line to 'False'
[0.273s] DEBUG:colcon.colcon_core.verb:Building package 'bumperbot_controller' with the following arguments: {'ament_cmake_args': None, 'build_base': '/home/emzx/ros2_ws/build/bumperbot_controller', 'catkin_cmake_args': None, 'catkin_skip_building_tests': False, 'cmake_args': None, 'cmake_clean_cache': False, 'cmake_clean_first': False, 'cmake_force_configure': False, 'cmake_target': None, 'cmake_target_skip_unavailable': False, 'install_base': '/home/emzx/ros2_ws/install/bumperbot_controller', 'merge_install': False, 'path': '/home/emzx/ros2_ws/src/bumperbot_controller', 'symlink_install': False, 'test_result_base': None}
[0.273s] Level 5:colcon.colcon_core.verb:set package 'bumperbot_description' build argument 'cmake_args' from command line to 'None'
[0.273s] Level 5:colcon.colcon_core.verb:set package 'bumperbot_description' build argument 'cmake_target' from command line to 'None'
[0.273s] Level 5:colcon.colcon_core.verb:set package 'bumperbot_description' build argument 'cmake_target_skip_unavailable' from command line to 'False'
[0.273s] Level 5:colcon.colcon_core.verb:set package 'bumperbot_description' build argument 'cmake_clean_cache' from command line to 'False'
[0.273s] Level 5:colcon.colcon_core.verb:set package 'bumperbot_description' build argument 'cmake_clean_first' from command line to 'False'
[0.273s] Level 5:colcon.colcon_core.verb:set package 'bumperbot_description' build argument 'cmake_force_configure' from command line to 'False'
[0.273s] Level 5:colcon.colcon_core.verb:set package 'bumperbot_description' build argument 'ament_cmake_args' from command line to 'None'
[0.273s] Level 5:colcon.colcon_core.verb:set package 'bumperbot_description' build argument 'catkin_cmake_args' from command line to 'None'
[0.273s] Level 5:colcon.colcon_core.verb:set package 'bumperbot_description' build argument 'catkin_skip_building_tests' from command line to 'False'
[0.273s] DEBUG:colcon.colcon_core.verb:Building package 'bumperbot_description' with the following arguments: {'ament_cmake_args': None, 'build_base': '/home/emzx/ros2_ws/build/bumperbot_description', 'catkin_cmake_args': None, 'catkin_skip_building_tests': False, 'cmake_args': None, 'cmake_clean_cache': False, 'cmake_clean_first': False, 'cmake_force_configure': False, 'cmake_target': None, 'cmake_target_skip_unavailable': False, 'install_base': '/home/emzx/ros2_ws/install/bumperbot_description', 'merge_install': False, 'path': '/home/emzx/ros2_ws/src/bumperbot_description', 'symlink_install': False, 'test_result_base': None}
[0.273s] Level 5:colcon.colcon_core.verb:set package 'bumperbot_localization' build argument 'cmake_args' from command line to 'None'
[0.273s] Level 5:colcon.colcon_core.verb:set package 'bumperbot_localization' build argument 'cmake_target' from command line to 'None'
[0.273s] Level 5:colcon.colcon_core.verb:set package 'bumperbot_localization' build argument 'cmake_target_skip_unavailable' from command line to 'False'
[0.273s] Level 5:colcon.colcon_core.verb:set package 'bumperbot_localization' build argument 'cmake_clean_cache' from command line to 'False'
[0.273s] Level 5:colcon.colcon_core.verb:set package 'bumperbot_localization' build argument 'cmake_clean_first' from command line to 'False'
[0.273s] Level 5:colcon.colcon_core.verb:set package 'bumperbot_localization' build argument 'cmake_force_configure' from command line to 'False'
[0.273s] Level 5:colcon.colcon_core.verb:set package 'bumperbot_localization' build argument 'ament_cmake_args' from command line to 'None'
[0.273s] Level 5:colcon.colcon_core.verb:set package 'bumperbot_localization' build argument 'catkin_cmake_args' from command line to 'None'
[0.273s] Level 5:colcon.colcon_core.verb:set package 'bumperbot_localization' build argument 'catkin_skip_building_tests' from command line to 'False'
[0.273s] DEBUG:colcon.colcon_core.verb:Building package 'bumperbot_localization' with the following arguments: {'ament_cmake_args': None, 'build_base': '/home/emzx/ros2_ws/build/bumperbot_localization', 'catkin_cmake_args': None, 'catkin_skip_building_tests': False, 'cmake_args': None, 'cmake_clean_cache': False, 'cmake_clean_first': False, 'cmake_force_configure': False, 'cmake_target': None, 'cmake_target_skip_unavailable': False, 'install_base': '/home/emzx/ros2_ws/install/bumperbot_localization', 'merge_install': False, 'path': '/home/emzx/ros2_ws/src/bumperbot_localization', 'symlink_install': False, 'test_result_base': None}
[0.274s] Level 5:colcon.colcon_core.verb:set package 'bumperbot_py' build argument 'cmake_args' from command line to 'None'
[0.274s] Level 5:colcon.colcon_core.verb:set package 'bumperbot_py' build argument 'cmake_target' from command line to 'None'
[0.274s] Level 5:colcon.colcon_core.verb:set package 'bumperbot_py' build argument 'cmake_target_skip_unavailable' from command line to 'False'
[0.274s] Level 5:colcon.colcon_core.verb:set package 'bumperbot_py' build argument 'cmake_clean_cache' from command line to 'False'
[0.274s] Level 5:colcon.colcon_core.verb:set package 'bumperbot_py' build argument 'cmake_clean_first' from command line to 'False'
[0.274s] Level 5:colcon.colcon_core.verb:set package 'bumperbot_py' build argument 'cmake_force_configure' from command line to 'False'
[0.274s] Level 5:colcon.colcon_core.verb:set package 'bumperbot_py' build argument 'ament_cmake_args' from command line to 'None'
[0.274s] Level 5:colcon.colcon_core.verb:set package 'bumperbot_py' build argument 'catkin_cmake_args' from command line to 'None'
[0.274s] Level 5:colcon.colcon_core.verb:set package 'bumperbot_py' build argument 'catkin_skip_building_tests' from command line to 'False'
[0.274s] DEBUG:colcon.colcon_core.verb:Building package 'bumperbot_py' with the following arguments: {'ament_cmake_args': None, 'build_base': '/home/emzx/ros2_ws/build/bumperbot_py', 'catkin_cmake_args': None, 'catkin_skip_building_tests': False, 'cmake_args': None, 'cmake_clean_cache': False, 'cmake_clean_first': False, 'cmake_force_configure': False, 'cmake_target': None, 'cmake_target_skip_unavailable': False, 'install_base': '/home/emzx/ros2_ws/install/bumperbot_py', 'merge_install': False, 'path': '/home/emzx/ros2_ws/src/bumperbot_py', 'symlink_install': False, 'test_result_base': None}
[0.274s] Level 5:colcon.colcon_core.verb:set package 'bumperbot_utils' build argument 'cmake_args' from command line to 'None'
[0.274s] Level 5:colcon.colcon_core.verb:set package 'bumperbot_utils' build argument 'cmake_target' from command line to 'None'
[0.274s] Level 5:colcon.colcon_core.verb:set package 'bumperbot_utils' build argument 'cmake_target_skip_unavailable' from command line to 'False'
[0.274s] Level 5:colcon.colcon_core.verb:set package 'bumperbot_utils' build argument 'cmake_clean_cache' from command line to 'False'
[0.274s] Level 5:colcon.colcon_core.verb:set package 'bumperbot_utils' build argument 'cmake_clean_first' from command line to 'False'
[0.274s] Level 5:colcon.colcon_core.verb:set package 'bumperbot_utils' build argument 'cmake_force_configure' from command line to 'False'
[0.274s] Level 5:colcon.colcon_core.verb:set package 'bumperbot_utils' build argument 'ament_cmake_args' from command line to 'None'
[0.274s] Level 5:colcon.colcon_core.verb:set package 'bumperbot_utils' build argument 'catkin_cmake_args' from command line to 'None'
[0.274s] Level 5:colcon.colcon_core.verb:set package 'bumperbot_utils' build argument 'catkin_skip_building_tests' from command line to 'False'
[0.274s] DEBUG:colcon.colcon_core.verb:Building package 'bumperbot_utils' with the following arguments: {'ament_cmake_args': None, 'build_base': '/home/emzx/ros2_ws/build/bumperbot_utils', 'catkin_cmake_args': None, 'catkin_skip_building_tests': False, 'cmake_args': None, 'cmake_clean_cache': False, 'cmake_clean_first': False, 'cmake_force_configure': False, 'cmake_target': None, 'cmake_target_skip_unavailable': False, 'install_base': '/home/emzx/ros2_ws/install/bumperbot_utils', 'merge_install': False, 'path': '/home/emzx/ros2_ws/src/bumperbot_utils', 'symlink_install': False, 'test_result_base': None}
[0.274s] Level 5:colcon.colcon_core.verb:set package 'my_robot_interfaces' build argument 'cmake_args' from command line to 'None'
[0.275s] Level 5:colcon.colcon_core.verb:set package 'my_robot_interfaces' build argument 'cmake_target' from command line to 'None'
[0.275s] Level 5:colcon.colcon_core.verb:set package 'my_robot_interfaces' build argument 'cmake_target_skip_unavailable' from command line to 'False'
[0.275s] Level 5:colcon.colcon_core.verb:set package 'my_robot_interfaces' build argument 'cmake_clean_cache' from command line to 'False'
[0.275s] Level 5:colcon.colcon_core.verb:set package 'my_robot_interfaces' build argument 'cmake_clean_first' from command line to 'False'
[0.275s] Level 5:colcon.colcon_core.verb:set package 'my_robot_interfaces' build argument 'cmake_force_configure' from command line to 'False'
[0.275s] Level 5:colcon.colcon_core.verb:set package 'my_robot_interfaces' build argument 'ament_cmake_args' from command line to 'None'
[0.275s] Level 5:colcon.colcon_core.verb:set package 'my_robot_interfaces' build argument 'catkin_cmake_args' from command line to 'None'
[0.275s] Level 5:colcon.colcon_core.verb:set package 'my_robot_interfaces' build argument 'catkin_skip_building_tests' from command line to 'False'
[0.275s] DEBUG:colcon.colcon_core.verb:Building package 'my_robot_interfaces' with the following arguments: {'ament_cmake_args': None, 'build_base': '/home/emzx/ros2_ws/build/my_robot_interfaces', 'catkin_cmake_args': None, 'catkin_skip_building_tests': False, 'cmake_args': None, 'cmake_clean_cache': False, 'cmake_clean_first': False, 'cmake_force_configure': False, 'cmake_target': None, 'cmake_target_skip_unavailable': False, 'install_base': '/home/emzx/ros2_ws/install/my_robot_interfaces', 'merge_install': False, 'path': '/home/emzx/ros2_ws/src/my_robot_interfaces', 'symlink_install': False, 'test_result_base': None}
[0.275s] Level 5:colcon.colcon_core.verb:set package 'pacote_teste' build argument 'cmake_args' from command line to 'None'
[0.275s] Level 5:colcon.colcon_core.verb:set package 'pacote_teste' build argument 'cmake_target' from command line to 'None'
[0.275s] Level 5:colcon.colcon_core.verb:set package 'pacote_teste' build argument 'cmake_target_skip_unavailable' from command line to 'False'
[0.275s] Level 5:colcon.colcon_core.verb:set package 'pacote_teste' build argument 'cmake_clean_cache' from command line to 'False'
[0.275s] Level 5:colcon.colcon_core.verb:set package 'pacote_teste' build argument 'cmake_clean_first' from command line to 'False'
[0.275s] Level 5:colcon.colcon_core.verb:set package 'pacote_teste' build argument 'cmake_force_configure' from command line to 'False'
[0.275s] Level 5:colcon.colcon_core.verb:set package 'pacote_teste' build argument 'ament_cmake_args' from command line to 'None'
[0.275s] Level 5:colcon.colcon_core.verb:set package 'pacote_teste' build argument 'catkin_cmake_args' from command line to 'None'
[0.275s] Level 5:colcon.colcon_core.verb:set package 'pacote_teste' build argument 'catkin_skip_building_tests' from command line to 'False'
[0.275s] DEBUG:colcon.colcon_core.verb:Building package 'pacote_teste' with the following arguments: {'ament_cmake_args': None, 'build_base': '/home/emzx/ros2_ws/build/pacote_teste', 'catkin_cmake_args': None, 'catkin_skip_building_tests': False, 'cmake_args': None, 'cmake_clean_cache': False, 'cmake_clean_first': False, 'cmake_force_configure': False, 'cmake_target': None, 'cmake_target_skip_unavailable': False, 'install_base': '/home/emzx/ros2_ws/install/pacote_teste', 'merge_install': False, 'path': '/home/emzx/ros2_ws/src/pacote_teste', 'symlink_install': False, 'test_result_base': None}
[0.275s] Level 5:colcon.colcon_core.verb:set package 'turtlesim_catch_them_all' build argument 'cmake_args' from command line to 'None'
[0.275s] Level 5:colcon.colcon_core.verb:set package 'turtlesim_catch_them_all' build argument 'cmake_target' from command line to 'None'
[0.275s] Level 5:colcon.colcon_core.verb:set package 'turtlesim_catch_them_all' build argument 'cmake_target_skip_unavailable' from command line to 'False'
[0.275s] Level 5:colcon.colcon_core.verb:set package 'turtlesim_catch_them_all' build argument 'cmake_clean_cache' from command line to 'False'
[0.275s] Level 5:colcon.colcon_core.verb:set package 'turtlesim_catch_them_all' build argument 'cmake_clean_first' from command line to 'False'
[0.275s] Level 5:colcon.colcon_core.verb:set package 'turtlesim_catch_them_all' build argument 'cmake_force_configure' from command line to 'False'
[0.275s] Level 5:colcon.colcon_core.verb:set package 'turtlesim_catch_them_all' build argument 'ament_cmake_args' from command line to 'None'
[0.275s] Level 5:colcon.colcon_core.verb:set package 'turtlesim_catch_them_all' build argument 'catkin_cmake_args' from command line to 'None'
[0.275s] Level 5:colcon.colcon_core.verb:set package 'turtlesim_catch_them_all' build argument 'catkin_skip_building_tests' from command line to 'False'
[0.275s] DEBUG:colcon.colcon_core.verb:Building package 'turtlesim_catch_them_all' with the following arguments: {'ament_cmake_args': None, 'build_base': '/home/emzx/ros2_ws/build/turtlesim_catch_them_all', 'catkin_cmake_args': None, 'catkin_skip_building_tests': False, 'cmake_args': None, 'cmake_clean_cache': False, 'cmake_clean_first': False, 'cmake_force_configure': False, 'cmake_target': None, 'cmake_target_skip_unavailable': False, 'install_base': '/home/emzx/ros2_ws/install/turtlesim_catch_them_all', 'merge_install': False, 'path': '/home/emzx/ros2_ws/src/turtlesim_catch_them_all', 'symlink_install': False, 'test_result_base': None}
[0.276s] Level 5:colcon.colcon_core.verb:set package 'my_robot_bringup' build argument 'cmake_args' from command line to 'None'
[0.276s] Level 5:colcon.colcon_core.verb:set package 'my_robot_bringup' build argument 'cmake_target' from command line to 'None'
[0.276s] Level 5:colcon.colcon_core.verb:set package 'my_robot_bringup' build argument 'cmake_target_skip_unavailable' from command line to 'False'
[0.276s] Level 5:colcon.colcon_core.verb:set package 'my_robot_bringup' build argument 'cmake_clean_cache' from command line to 'False'
[0.276s] Level 5:colcon.colcon_core.verb:set package 'my_robot_bringup' build argument 'cmake_clean_first' from command line to 'False'
[0.276s] Level 5:colcon.colcon_core.verb:set package 'my_robot_bringup' build argument 'cmake_force_configure' from command line to 'False'
[0.276s] Level 5:colcon.colcon_core.verb:set package 'my_robot_bringup' build argument 'ament_cmake_args' from command line to 'None'
[0.276s] Level 5:colcon.colcon_core.verb:set package 'my_robot_bringup' build argument 'catkin_cmake_args' from command line to 'None'
[0.276s] Level 5:colcon.colcon_core.verb:set package 'my_robot_bringup' build argument 'catkin_skip_building_tests' from command line to 'False'
[0.276s] DEBUG:colcon.colcon_core.verb:Building package 'my_robot_bringup' with the following arguments: {'ament_cmake_args': None, 'build_base': '/home/emzx/ros2_ws/build/my_robot_bringup', 'catkin_cmake_args': None, 'catkin_skip_building_tests': False, 'cmake_args': None, 'cmake_clean_cache': False, 'cmake_clean_first': False, 'cmake_force_configure': False, 'cmake_target': None, 'cmake_target_skip_unavailable': False, 'install_base': '/home/emzx/ros2_ws/install/my_robot_bringup', 'merge_install': False, 'path': '/home/emzx/ros2_ws/src/my_robot_bringup', 'symlink_install': False, 'test_result_base': None}
[0.276s] INFO:colcon.colcon_core.executor:Executing jobs using 'parallel' executor
[0.277s] DEBUG:colcon.colcon_parallel_executor.executor.parallel:run_until_complete
[0.277s] INFO:colcon.colcon_ros.task.ament_cmake.build:Building ROS package in '/home/emzx/ros2_ws/src/my_robot_interfaces' with build type 'ament_cmake'
[0.277s] INFO:colcon.colcon_cmake.task.cmake.build:Building CMake package in '/home/emzx/ros2_ws/src/my_robot_interfaces'
[0.281s] INFO:colcon.colcon_core.plugin_system:Skipping extension 'colcon_core.shell.bat': Not used on non-Windows systems
[0.281s] INFO:colcon.colcon_core.shell:Skip shell extension 'powershell' for command environment: Not usable outside of PowerShell
[0.281s] DEBUG:colcon.colcon_core.shell:Skip shell extension 'dsv' for command environment
[0.285s] INFO:colcon.colcon_ros.task.ament_cmake.build:Building ROS package in '/home/emzx/ros2_ws/src/bumperbot_controller' with build type 'ament_cmake'
[0.285s] INFO:colcon.colcon_cmake.task.cmake.build:Building CMake package in '/home/emzx/ros2_ws/src/bumperbot_controller'
[0.285s] INFO:colcon.colcon_core.shell:Skip shell extension 'powershell' for command environment: Not usable outside of PowerShell
[0.285s] DEBUG:colcon.colcon_core.shell:Skip shell extension 'dsv' for command environment
[0.289s] INFO:colcon.colcon_ros.task.ament_cmake.build:Building ROS package in '/home/emzx/ros2_ws/src/bumperbot_description' with build type 'ament_cmake'
[0.289s] INFO:colcon.colcon_cmake.task.cmake.build:Building CMake package in '/home/emzx/ros2_ws/src/bumperbot_description'
[0.289s] INFO:colcon.colcon_core.shell:Skip shell extension 'powershell' for command environment: Not usable outside of PowerShell
[0.289s] DEBUG:colcon.colcon_core.shell:Skip shell extension 'dsv' for command environment
[0.292s] INFO:colcon.colcon_ros.task.ament_cmake.build:Building ROS package in '/home/emzx/ros2_ws/src/bumperbot_localization' with build type 'ament_cmake'
[0.292s] INFO:colcon.colcon_cmake.task.cmake.build:Building CMake package in '/home/emzx/ros2_ws/src/bumperbot_localization'
[0.292s] INFO:colcon.colcon_core.shell:Skip shell extension 'powershell' for command environment: Not usable outside of PowerShell
[0.292s] DEBUG:colcon.colcon_core.shell:Skip shell extension 'dsv' for command environment
[0.296s] INFO:colcon.colcon_ros.task.ament_python.build:Building ROS package in '/home/emzx/ros2_ws/src/bumperbot_py' with build type 'ament_python'
[0.296s] Level 1:colcon.colcon_core.shell:create_environment_hook('bumperbot_py', 'ament_prefix_path')
[0.296s] INFO:colcon.colcon_core.shell:Creating environment hook '/home/emzx/ros2_ws/install/bumperbot_py/share/bumperbot_py/hook/ament_prefix_path.ps1'
[0.297s] INFO:colcon.colcon_core.shell:Creating environment descriptor '/home/emzx/ros2_ws/install/bumperbot_py/share/bumperbot_py/hook/ament_prefix_path.dsv'
[0.298s] INFO:colcon.colcon_core.shell:Creating environment hook '/home/emzx/ros2_ws/install/bumperbot_py/share/bumperbot_py/hook/ament_prefix_path.sh'
[0.299s] INFO:colcon.colcon_core.shell:Skip shell extension 'powershell' for command environment: Not usable outside of PowerShell
[0.299s] DEBUG:colcon.colcon_core.shell:Skip shell extension 'dsv' for command environment
[0.303s] INFO:colcon.colcon_ros.task.ament_python.build:Building ROS package in '/home/emzx/ros2_ws/src/bumperbot_utils' with build type 'ament_python'
[0.303s] Level 1:colcon.colcon_core.shell:create_environment_hook('bumperbot_utils', 'ament_prefix_path')
[0.303s] INFO:colcon.colcon_core.shell:Creating environment hook '/home/emzx/ros2_ws/install/bumperbot_utils/share/bumperbot_utils/hook/ament_prefix_path.ps1'
[0.304s] INFO:colcon.colcon_core.shell:Creating environment descriptor '/home/emzx/ros2_ws/install/bumperbot_utils/share/bumperbot_utils/hook/ament_prefix_path.dsv'
[0.304s] INFO:colcon.colcon_core.shell:Creating environment hook '/home/emzx/ros2_ws/install/bumperbot_utils/share/bumperbot_utils/hook/ament_prefix_path.sh'
[0.304s] INFO:colcon.colcon_core.shell:Skip shell extension 'powershell' for command environment: Not usable outside of PowerShell
[0.304s] DEBUG:colcon.colcon_core.shell:Skip shell extension 'dsv' for command environment
[0.313s] DEBUG:colcon.colcon_core.event_handler.log_command:Invoking command in '/home/emzx/ros2_ws/build/my_robot_interfaces': CMAKE_PREFIX_PATH=${CMAKE_PREFIX_PATH}:/home/emzx/ros2_ws/install/turtlesim_catch_them_all:/home/emzx/ros2_ws/install/pacote_teste:/home/emzx/ros2_ws/install/bumperbot_utils:/home/emzx/ros2_ws/install/bumperbot_py:/opt/ros/jazzy DEBUGINFOD_URLS=https://debuginfod.ubuntu.com /usr/bin/cmake --build /home/emzx/ros2_ws/build/my_robot_interfaces -- -j8 -l8
[0.317s] DEBUG:colcon.colcon_core.event_handler.log_command:Invoking command in '/home/emzx/ros2_ws/build/bumperbot_controller': CMAKE_PREFIX_PATH=${CMAKE_PREFIX_PATH}:/home/emzx/ros2_ws/install/turtlesim_catch_them_all:/home/emzx/ros2_ws/install/pacote_teste:/home/emzx/ros2_ws/install/bumperbot_utils:/home/emzx/ros2_ws/install/bumperbot_py:/opt/ros/jazzy DEBUGINFOD_URLS=https://debuginfod.ubuntu.com /usr/bin/cmake --build /home/emzx/ros2_ws/build/bumperbot_controller -- -j8 -l8
[0.320s] DEBUG:colcon.colcon_core.event_handler.log_command:Invoking command in '/home/emzx/ros2_ws/build/bumperbot_description': CMAKE_PREFIX_PATH=${CMAKE_PREFIX_PATH}:/home/emzx/ros2_ws/install/turtlesim_catch_them_all:/home/emzx/ros2_ws/install/pacote_teste:/home/emzx/ros2_ws/install/bumperbot_utils:/home/emzx/ros2_ws/install/bumperbot_py:/opt/ros/jazzy DEBUGINFOD_URLS=https://debuginfod.ubuntu.com /usr/bin/cmake --build /home/emzx/ros2_ws/build/bumperbot_description -- -j8 -l8
[0.324s] DEBUG:colcon.colcon_core.event_handler.log_command:Invoking command in '/home/emzx/ros2_ws/build/bumperbot_localization': CMAKE_PREFIX_PATH=${CMAKE_PREFIX_PATH}:/home/emzx/ros2_ws/install/turtlesim_catch_them_all:/home/emzx/ros2_ws/install/pacote_teste:/home/emzx/ros2_ws/install/bumperbot_utils:/home/emzx/ros2_ws/install/bumperbot_py:/opt/ros/jazzy DEBUGINFOD_URLS=https://debuginfod.ubuntu.com /usr/bin/cmake --build /home/emzx/ros2_ws/build/bumperbot_localization -- -j8 -l8
[0.667s] INFO:colcon.colcon_core.task.python.build:Building Python package in '/home/emzx/ros2_ws/src/bumperbot_py'
[0.667s] INFO:colcon.colcon_core.shell:Skip shell extension 'powershell' for command environment: Not usable outside of PowerShell
[0.667s] DEBUG:colcon.colcon_core.shell:Skip shell extension 'dsv' for command environment
[0.680s] DEBUG:colcon.colcon_core.event_handler.log_command:Invoked command in '/home/emzx/ros2_ws/build/bumperbot_description' returned '0': CMAKE_PREFIX_PATH=${CMAKE_PREFIX_PATH}:/home/emzx/ros2_ws/install/turtlesim_catch_them_all:/home/emzx/ros2_ws/install/pacote_teste:/home/emzx/ros2_ws/install/bumperbot_utils:/home/emzx/ros2_ws/install/bumperbot_py:/opt/ros/jazzy DEBUGINFOD_URLS=https://debuginfod.ubuntu.com /usr/bin/cmake --build /home/emzx/ros2_ws/build/bumperbot_description -- -j8 -l8
[0.691s] DEBUG:colcon.colcon_core.event_handler.log_command:Invoking command in '/home/emzx/ros2_ws/build/bumperbot_description': CMAKE_PREFIX_PATH=${CMAKE_PREFIX_PATH}:/home/emzx/ros2_ws/install/turtlesim_catch_them_all:/home/emzx/ros2_ws/install/pacote_teste:/home/emzx/ros2_ws/install/bumperbot_utils:/home/emzx/ros2_ws/install/bumperbot_py:/opt/ros/jazzy DEBUGINFOD_URLS=https://debuginfod.ubuntu.com /usr/bin/cmake --install /home/emzx/ros2_ws/build/bumperbot_description
[0.929s] INFO:colcon.colcon_core.task.python.build:Building Python package in '/home/emzx/ros2_ws/src/bumperbot_utils'
[0.929s] INFO:colcon.colcon_core.shell:Skip shell extension 'powershell' for command environment: Not usable outside of PowerShell
[0.929s] DEBUG:colcon.colcon_core.shell:Skip shell extension 'dsv' for command environment
[0.952s] DEBUG:colcon.colcon_core.event_handler.log_command:Invoked command in '/home/emzx/ros2_ws/build/my_robot_interfaces' returned '0': CMAKE_PREFIX_PATH=${CMAKE_PREFIX_PATH}:/home/emzx/ros2_ws/install/turtlesim_catch_them_all:/home/emzx/ros2_ws/install/pacote_teste:/home/emzx/ros2_ws/install/bumperbot_utils:/home/emzx/ros2_ws/install/bumperbot_py:/opt/ros/jazzy DEBUGINFOD_URLS=https://debuginfod.ubuntu.com /usr/bin/cmake --build /home/emzx/ros2_ws/build/my_robot_interfaces -- -j8 -l8
[0.956s] DEBUG:colcon.colcon_core.event_handler.log_command:Invoking command in '/home/emzx/ros2_ws/build/my_robot_interfaces': CMAKE_PREFIX_PATH=${CMAKE_PREFIX_PATH}:/home/emzx/ros2_ws/install/turtlesim_catch_them_all:/home/emzx/ros2_ws/install/pacote_teste:/home/emzx/ros2_ws/install/bumperbot_utils:/home/emzx/ros2_ws/install/bumperbot_py:/opt/ros/jazzy DEBUGINFOD_URLS=https://debuginfod.ubuntu.com /usr/bin/cmake --install /home/emzx/ros2_ws/build/my_robot_interfaces
[0.957s] DEBUG:colcon.colcon_core.event_handler.log_command:Invoked command in '/home/emzx/ros2_ws/build/bumperbot_localization' returned '0': CMAKE_PREFIX_PATH=${CMAKE_PREFIX_PATH}:/home/emzx/ros2_ws/install/turtlesim_catch_them_all:/home/emzx/ros2_ws/install/pacote_teste:/home/emzx/ros2_ws/install/bumperbot_utils:/home/emzx/ros2_ws/install/bumperbot_py:/opt/ros/jazzy DEBUGINFOD_URLS=https://debuginfod.ubuntu.com /usr/bin/cmake --build /home/emzx/ros2_ws/build/bumperbot_localization -- -j8 -l8
[0.960s] DEBUG:colcon.colcon_core.event_handler.log_command:Invoking command in '/home/emzx/ros2_ws/build/bumperbot_localization': CMAKE_PREFIX_PATH=${CMAKE_PREFIX_PATH}:/home/emzx/ros2_ws/install/turtlesim_catch_them_all:/home/emzx/ros2_ws/install/pacote_teste:/home/emzx/ros2_ws/install/bumperbot_utils:/home/emzx/ros2_ws/install/bumperbot_py:/opt/ros/jazzy DEBUGINFOD_URLS=https://debuginfod.ubuntu.com /usr/bin/cmake --install /home/emzx/ros2_ws/build/bumperbot_localization
[0.960s] DEBUG:colcon.colcon_core.event_handler.log_command:Invoked command in '/home/emzx/ros2_ws/build/bumperbot_controller' returned '0': CMAKE_PREFIX_PATH=${CMAKE_PREFIX_PATH}:/home/emzx/ros2_ws/install/turtlesim_catch_them_all:/home/emzx/ros2_ws/install/pacote_teste:/home/emzx/ros2_ws/install/bumperbot_utils:/home/emzx/ros2_ws/install/bumperbot_py:/opt/ros/jazzy DEBUGINFOD_URLS=https://debuginfod.ubuntu.com /usr/bin/cmake --build /home/emzx/ros2_ws/build/bumperbot_controller -- -j8 -l8
[0.964s] DEBUG:colcon.colcon_core.event_handler.log_command:Invoking command in '/home/emzx/ros2_ws/build/bumperbot_controller': CMAKE_PREFIX_PATH=${CMAKE_PREFIX_PATH}:/home/emzx/ros2_ws/install/turtlesim_catch_them_all:/home/emzx/ros2_ws/install/pacote_teste:/home/emzx/ros2_ws/install/bumperbot_utils:/home/emzx/ros2_ws/install/bumperbot_py:/opt/ros/jazzy DEBUGINFOD_URLS=https://debuginfod.ubuntu.com /usr/bin/cmake --install /home/emzx/ros2_ws/build/bumperbot_controller
[1.055s] Level 1:colcon.colcon_core.environment:create_environment_scripts_only(bumperbot_controller)
[1.056s] DEBUG:colcon.colcon_core.event_handler.log_command:Invoked command in '/home/emzx/ros2_ws/build/bumperbot_controller' returned '0': CMAKE_PREFIX_PATH=${CMAKE_PREFIX_PATH}:/home/emzx/ros2_ws/install/turtlesim_catch_them_all:/home/emzx/ros2_ws/install/pacote_teste:/home/emzx/ros2_ws/install/bumperbot_utils:/home/emzx/ros2_ws/install/bumperbot_py:/opt/ros/jazzy DEBUGINFOD_URLS=https://debuginfod.ubuntu.com /usr/bin/cmake --install /home/emzx/ros2_ws/build/bumperbot_controller
[1.060s] Level 1:colcon.colcon_core.environment:checking '/home/emzx/ros2_ws/install/bumperbot_controller' for CMake module files
[1.061s] Level 1:colcon.colcon_core.environment:checking '/home/emzx/ros2_ws/install/bumperbot_controller' for CMake config files
[1.063s] Level 1:colcon.colcon_core.shell:create_environment_hook('bumperbot_controller', 'cmake_prefix_path')
[1.063s] INFO:colcon.colcon_core.shell:Creating environment hook '/home/emzx/ros2_ws/install/bumperbot_controller/share/bumperbot_controller/hook/cmake_prefix_path.ps1'
[1.064s] INFO:colcon.colcon_core.shell:Creating environment descriptor '/home/emzx/ros2_ws/install/bumperbot_controller/share/bumperbot_controller/hook/cmake_prefix_path.dsv'
[1.064s] INFO:colcon.colcon_core.shell:Creating environment hook '/home/emzx/ros2_ws/install/bumperbot_controller/share/bumperbot_controller/hook/cmake_prefix_path.sh'
[1.065s] Level 1:colcon.colcon_core.environment:checking '/home/emzx/ros2_ws/install/bumperbot_controller/lib'
[1.065s] Level 1:colcon.colcon_core.environment:checking '/home/emzx/ros2_ws/install/bumperbot_controller/bin'
[1.065s] Level 1:colcon.colcon_core.environment:checking '/home/emzx/ros2_ws/install/bumperbot_controller/lib/pkgconfig/bumperbot_controller.pc'
[1.066s] Level 1:colcon.colcon_core.environment:checking '/home/emzx/ros2_ws/install/bumperbot_controller/lib/python3.12/site-packages'
[1.066s] Level 1:colcon.colcon_core.shell:create_environment_hook('bumperbot_controller', 'pythonpath')
[1.066s] INFO:colcon.colcon_core.shell:Creating environment hook '/home/emzx/ros2_ws/install/bumperbot_controller/share/bumperbot_controller/hook/pythonpath.ps1'
[1.067s] INFO:colcon.colcon_core.shell:Creating environment descriptor '/home/emzx/ros2_ws/install/bumperbot_controller/share/bumperbot_controller/hook/pythonpath.dsv'
[1.067s] INFO:colcon.colcon_core.shell:Creating environment hook '/home/emzx/ros2_ws/install/bumperbot_controller/share/bumperbot_controller/hook/pythonpath.sh'
[1.068s] Level 1:colcon.colcon_core.environment:checking '/home/emzx/ros2_ws/install/bumperbot_controller/bin'
[1.068s] INFO:colcon.colcon_core.shell:Creating package script '/home/emzx/ros2_ws/install/bumperbot_controller/share/bumperbot_controller/package.ps1'
[1.070s] INFO:colcon.colcon_core.shell:Creating package descriptor '/home/emzx/ros2_ws/install/bumperbot_controller/share/bumperbot_controller/package.dsv'
[1.071s] INFO:colcon.colcon_core.shell:Creating package script '/home/emzx/ros2_ws/install/bumperbot_controller/share/bumperbot_controller/package.sh'
[1.072s] INFO:colcon.colcon_core.shell:Creating package script '/home/emzx/ros2_ws/install/bumperbot_controller/share/bumperbot_controller/package.bash'
[1.073s] INFO:colcon.colcon_core.shell:Creating package script '/home/emzx/ros2_ws/install/bumperbot_controller/share/bumperbot_controller/package.zsh'
[1.075s] Level 1:colcon.colcon_core.environment:create_file_with_runtime_dependencies(/home/emzx/ros2_ws/install/bumperbot_controller/share/colcon-core/packages/bumperbot_controller)
[1.075s] Level 1:colcon.colcon_core.environment:create_environment_scripts_only(bumperbot_controller)
[1.076s] Level 1:colcon.colcon_core.environment:checking '/home/emzx/ros2_ws/install/bumperbot_controller' for CMake module files
[1.076s] Level 1:colcon.colcon_core.environment:checking '/home/emzx/ros2_ws/install/bumperbot_controller' for CMake config files
[1.077s] Level 1:colcon.colcon_core.shell:create_environment_hook('bumperbot_controller', 'cmake_prefix_path')
[1.077s] INFO:colcon.colcon_core.shell:Creating environment hook '/home/emzx/ros2_ws/install/bumperbot_controller/share/bumperbot_controller/hook/cmake_prefix_path.ps1'
[1.078s] INFO:colcon.colcon_core.shell:Creating environment descriptor '/home/emzx/ros2_ws/install/bumperbot_controller/share/bumperbot_controller/hook/cmake_prefix_path.dsv'
[1.078s] INFO:colcon.colcon_core.shell:Creating environment hook '/home/emzx/ros2_ws/install/bumperbot_controller/share/bumperbot_controller/hook/cmake_prefix_path.sh'
[1.079s] Level 1:colcon.colcon_core.environment:checking '/home/emzx/ros2_ws/install/bumperbot_controller/lib'
[1.079s] Level 1:colcon.colcon_core.environment:checking '/home/emzx/ros2_ws/install/bumperbot_controller/bin'
[1.079s] Level 1:colcon.colcon_core.environment:checking '/home/emzx/ros2_ws/install/bumperbot_controller/lib/pkgconfig/bumperbot_controller.pc'
[1.079s] Level 1:colcon.colcon_core.environment:checking '/home/emzx/ros2_ws/install/bumperbot_controller/lib/python3.12/site-packages'
[1.079s] Level 1:colcon.colcon_core.shell:create_environment_hook('bumperbot_controller', 'pythonpath')
[1.080s] INFO:colcon.colcon_core.shell:Creating environment hook '/home/emzx/ros2_ws/install/bumperbot_controller/share/bumperbot_controller/hook/pythonpath.ps1'
[1.080s] INFO:colcon.colcon_core.shell:Creating environment descriptor '/home/emzx/ros2_ws/install/bumperbot_controller/share/bumperbot_controller/hook/pythonpath.dsv'
[1.081s] INFO:colcon.colcon_core.shell:Creating environment hook '/home/emzx/ros2_ws/install/bumperbot_controller/share/bumperbot_controller/hook/pythonpath.sh'
[1.081s] Level 1:colcon.colcon_core.environment:checking '/home/emzx/ros2_ws/install/bumperbot_controller/bin'
[1.082s] INFO:colcon.colcon_core.shell:Creating package script '/home/emzx/ros2_ws/install/bumperbot_controller/share/bumperbot_controller/package.ps1'
[1.083s] INFO:colcon.colcon_core.shell:Creating package descriptor '/home/emzx/ros2_ws/install/bumperbot_controller/share/bumperbot_controller/package.dsv'
[1.083s] INFO:colcon.colcon_core.shell:Creating package script '/home/emzx/ros2_ws/install/bumperbot_controller/share/bumperbot_controller/package.sh'
[1.084s] INFO:colcon.colcon_core.shell:Creating package script '/home/emzx/ros2_ws/install/bumperbot_controller/share/bumperbot_controller/package.bash'
[1.084s] INFO:colcon.colcon_core.shell:Creating package script '/home/emzx/ros2_ws/install/bumperbot_controller/share/bumperbot_controller/package.zsh'
[1.085s] Level 1:colcon.colcon_core.environment:create_file_with_runtime_dependencies(/home/emzx/ros2_ws/install/bumperbot_controller/share/colcon-core/packages/bumperbot_controller)
[1.086s] Level 1:colcon.colcon_core.environment:create_environment_scripts_only(bumperbot_description)
[1.086s] Level 1:colcon.colcon_core.environment:checking '/home/emzx/ros2_ws/install/bumperbot_description' for CMake module files
[1.087s] DEBUG:colcon.colcon_core.event_handler.log_command:Invoked command in '/home/emzx/ros2_ws/build/bumperbot_description' returned '0': CMAKE_PREFIX_PATH=${CMAKE_PREFIX_PATH}:/home/emzx/ros2_ws/install/turtlesim_catch_them_all:/home/emzx/ros2_ws/install/pacote_teste:/home/emzx/ros2_ws/install/bumperbot_utils:/home/emzx/ros2_ws/install/bumperbot_py:/opt/ros/jazzy DEBUGINFOD_URLS=https://debuginfod.ubuntu.com /usr/bin/cmake --install /home/emzx/ros2_ws/build/bumperbot_description
[1.087s] Level 1:colcon.colcon_core.environment:checking '/home/emzx/ros2_ws/install/bumperbot_description' for CMake config files
[1.094s] Level 1:colcon.colcon_core.shell:create_environment_hook('bumperbot_description', 'cmake_prefix_path')
[1.095s] INFO:colcon.colcon_core.shell:Creating environment hook '/home/emzx/ros2_ws/install/bumperbot_description/share/bumperbot_description/hook/cmake_prefix_path.ps1'
[1.095s] INFO:colcon.colcon_core.shell:Creating environment descriptor '/home/emzx/ros2_ws/install/bumperbot_description/share/bumperbot_description/hook/cmake_prefix_path.dsv'
[1.095s] INFO:colcon.colcon_core.shell:Creating environment hook '/home/emzx/ros2_ws/install/bumperbot_description/share/bumperbot_description/hook/cmake_prefix_path.sh'
[1.096s] Level 1:colcon.colcon_core.environment:checking '/home/emzx/ros2_ws/install/bumperbot_description/bin'
[1.096s] Level 1:colcon.colcon_core.environment:checking '/home/emzx/ros2_ws/install/bumperbot_description/lib/pkgconfig/bumperbot_description.pc'
[1.096s] Level 1:colcon.colcon_core.environment:checking '/home/emzx/ros2_ws/install/bumperbot_description/lib/python3.12/site-packages'
[1.096s] Level 1:colcon.colcon_core.environment:checking '/home/emzx/ros2_ws/install/bumperbot_description/bin'
[1.096s] INFO:colcon.colcon_core.shell:Creating package script '/home/emzx/ros2_ws/install/bumperbot_description/share/bumperbot_description/package.ps1'
[1.097s] INFO:colcon.colcon_core.shell:Creating package descriptor '/home/emzx/ros2_ws/install/bumperbot_description/share/bumperbot_description/package.dsv'
[1.098s] INFO:colcon.colcon_core.shell:Creating package script '/home/emzx/ros2_ws/install/bumperbot_description/share/bumperbot_description/package.sh'
[1.099s] INFO:colcon.colcon_core.shell:Creating package script '/home/emzx/ros2_ws/install/bumperbot_description/share/bumperbot_description/package.bash'
[1.099s] INFO:colcon.colcon_core.shell:Creating package script '/home/emzx/ros2_ws/install/bumperbot_description/share/bumperbot_description/package.zsh'
[1.100s] Level 1:colcon.colcon_core.environment:create_file_with_runtime_dependencies(/home/emzx/ros2_ws/install/bumperbot_description/share/colcon-core/packages/bumperbot_description)
[1.100s] Level 1:colcon.colcon_core.environment:create_environment_scripts_only(bumperbot_description)
[1.101s] Level 1:colcon.colcon_core.environment:checking '/home/emzx/ros2_ws/install/bumperbot_description' for CMake module files
[1.102s] Level 1:colcon.colcon_core.environment:checking '/home/emzx/ros2_ws/install/bumperbot_description' for CMake config files
[1.108s] Level 1:colcon.colcon_core.shell:create_environment_hook('bumperbot_description', 'cmake_prefix_path')
[1.108s] INFO:colcon.colcon_core.shell:Creating environment hook '/home/emzx/ros2_ws/install/bumperbot_description/share/bumperbot_description/hook/cmake_prefix_path.ps1'
[1.109s] INFO:colcon.colcon_core.shell:Creating environment descriptor '/home/emzx/ros2_ws/install/bumperbot_description/share/bumperbot_description/hook/cmake_prefix_path.dsv'
[1.109s] INFO:colcon.colcon_core.shell:Creating environment hook '/home/emzx/ros2_ws/install/bumperbot_description/share/bumperbot_description/hook/cmake_prefix_path.sh'
[1.110s] Level 1:colcon.colcon_core.environment:checking '/home/emzx/ros2_ws/install/bumperbot_description/bin'
[1.110s] Level 1:colcon.colcon_core.environment:checking '/home/emzx/ros2_ws/install/bumperbot_description/lib/pkgconfig/bumperbot_description.pc'
[1.110s] Level 1:colcon.colcon_core.environment:checking '/home/emzx/ros2_ws/install/bumperbot_description/lib/python3.12/site-packages'
[1.110s] Level 1:colcon.colcon_core.environment:checking '/home/emzx/ros2_ws/install/bumperbot_description/bin'
[1.110s] INFO:colcon.colcon_core.shell:Creating package script '/home/emzx/ros2_ws/install/bumperbot_description/share/bumperbot_description/package.ps1'
[1.111s] INFO:colcon.colcon_core.shell:Creating package descriptor '/home/emzx/ros2_ws/install/bumperbot_description/share/bumperbot_description/package.dsv'
[1.111s] INFO:colcon.colcon_core.shell:Creating package script '/home/emzx/ros2_ws/install/bumperbot_description/share/bumperbot_description/package.sh'
[1.112s] INFO:colcon.colcon_core.shell:Creating package script '/home/emzx/ros2_ws/install/bumperbot_description/share/bumperbot_description/package.bash'
[1.112s] INFO:colcon.colcon_core.shell:Creating package script '/home/emzx/ros2_ws/install/bumperbot_description/share/bumperbot_description/package.zsh'
[1.112s] Level 1:colcon.colcon_core.environment:create_file_with_runtime_dependencies(/home/emzx/ros2_ws/install/bumperbot_description/share/colcon-core/packages/bumperbot_description)
[1.112s] Level 1:colcon.colcon_core.environment:create_environment_scripts_only(bumperbot_localization)
[1.112s] Level 1:colcon.colcon_core.environment:checking '/home/emzx/ros2_ws/install/bumperbot_localization' for CMake module files
[1.113s] DEBUG:colcon.colcon_core.event_handler.log_command:Invoked command in '/home/emzx/ros2_ws/build/bumperbot_localization' returned '0': CMAKE_PREFIX_PATH=${CMAKE_PREFIX_PATH}:/home/emzx/ros2_ws/install/turtlesim_catch_them_all:/home/emzx/ros2_ws/install/pacote_teste:/home/emzx/ros2_ws/install/bumperbot_utils:/home/emzx/ros2_ws/install/bumperbot_py:/opt/ros/jazzy DEBUGINFOD_URLS=https://debuginfod.ubuntu.com /usr/bin/cmake --install /home/emzx/ros2_ws/build/bumperbot_localization
[1.114s] Level 1:colcon.colcon_core.environment:checking '/home/emzx/ros2_ws/install/bumperbot_localization' for CMake config files
[1.114s] Level 1:colcon.colcon_core.shell:create_environment_hook('bumperbot_localization', 'cmake_prefix_path')
[1.114s] INFO:colcon.colcon_core.shell:Creating environment hook '/home/emzx/ros2_ws/install/bumperbot_localization/share/bumperbot_localization/hook/cmake_prefix_path.ps1'
[1.114s] INFO:colcon.colcon_core.shell:Creating environment descriptor '/home/emzx/ros2_ws/install/bumperbot_localization/share/bumperbot_localization/hook/cmake_prefix_path.dsv'
[1.115s] INFO:colcon.colcon_core.shell:Creating environment hook '/home/emzx/ros2_ws/install/bumperbot_localization/share/bumperbot_localization/hook/cmake_prefix_path.sh'
[1.115s] Level 1:colcon.colcon_core.environment:checking '/home/emzx/ros2_ws/install/bumperbot_localization/lib'
[1.115s] Level 1:colcon.colcon_core.environment:checking '/home/emzx/ros2_ws/install/bumperbot_localization/bin'
[1.115s] Level 1:colcon.colcon_core.environment:checking '/home/emzx/ros2_ws/install/bumperbot_localization/lib/pkgconfig/bumperbot_localization.pc'
[1.116s] Level 1:colcon.colcon_core.environment:checking '/home/emzx/ros2_ws/install/bumperbot_localization/lib/python3.12/site-packages'
[1.116s] Level 1:colcon.colcon_core.shell:create_environment_hook('bumperbot_localization', 'pythonpath')
[1.116s] INFO:colcon.colcon_core.shell:Creating environment hook '/home/emzx/ros2_ws/install/bumperbot_localization/share/bumperbot_localization/hook/pythonpath.ps1'
[1.116s] INFO:colcon.colcon_core.shell:Creating environment descriptor '/home/emzx/ros2_ws/install/bumperbot_localization/share/bumperbot_localization/hook/pythonpath.dsv'
[1.116s] INFO:colcon.colcon_core.shell:Creating environment hook '/home/emzx/ros2_ws/install/bumperbot_localization/share/bumperbot_localization/hook/pythonpath.sh'
[1.117s] Level 1:colcon.colcon_core.environment:checking '/home/emzx/ros2_ws/install/bumperbot_localization/bin'
[1.117s] INFO:colcon.colcon_core.shell:Creating package script '/home/emzx/ros2_ws/install/bumperbot_localization/share/bumperbot_localization/package.ps1'
[1.117s] INFO:colcon.colcon_core.shell:Creating package descriptor '/home/emzx/ros2_ws/install/bumperbot_localization/share/bumperbot_localization/package.dsv'
[1.118s] INFO:colcon.colcon_core.shell:Creating package script '/home/emzx/ros2_ws/install/bumperbot_localization/share/bumperbot_localization/package.sh'
[1.118s] INFO:colcon.colcon_core.shell:Creating package script '/home/emzx/ros2_ws/install/bumperbot_localization/share/bumperbot_localization/package.bash'
[1.118s] INFO:colcon.colcon_core.shell:Creating package script '/home/emzx/ros2_ws/install/bumperbot_localization/share/bumperbot_localization/package.zsh'
[1.118s] Level 1:colcon.colcon_core.environment:create_file_with_runtime_dependencies(/home/emzx/ros2_ws/install/bumperbot_localization/share/colcon-core/packages/bumperbot_localization)
[1.119s] Level 1:colcon.colcon_core.environment:create_environment_scripts_only(bumperbot_localization)
[1.119s] Level 1:colcon.colcon_core.environment:checking '/home/emzx/ros2_ws/install/bumperbot_localization' for CMake module files
[1.119s] Level 1:colcon.colcon_core.environment:checking '/home/emzx/ros2_ws/install/bumperbot_localization' for CMake config files
[1.120s] Level 1:colcon.colcon_core.shell:create_environment_hook('bumperbot_localization', 'cmake_prefix_path')
[1.120s] INFO:colcon.colcon_core.shell:Creating environment hook '/home/emzx/ros2_ws/install/bumperbot_localization/share/bumperbot_localization/hook/cmake_prefix_path.ps1'
[1.120s] INFO:colcon.colcon_core.shell:Creating environment descriptor '/home/emzx/ros2_ws/install/bumperbot_localization/share/bumperbot_localization/hook/cmake_prefix_path.dsv'
[1.120s] INFO:colcon.colcon_core.shell:Creating environment hook '/home/emzx/ros2_ws/install/bumperbot_localization/share/bumperbot_localization/hook/cmake_prefix_path.sh'
[1.121s] Level 1:colcon.colcon_core.environment:checking '/home/emzx/ros2_ws/install/bumperbot_localization/lib'
[1.121s] Level 1:colcon.colcon_core.environment:checking '/home/emzx/ros2_ws/install/bumperbot_localization/bin'
[1.121s] Level 1:colcon.colcon_core.environment:checking '/home/emzx/ros2_ws/install/bumperbot_localization/lib/pkgconfig/bumperbot_localization.pc'
[1.121s] Level 1:colcon.colcon_core.environment:checking '/home/emzx/ros2_ws/install/bumperbot_localization/lib/python3.12/site-packages'
[1.121s] Level 1:colcon.colcon_core.shell:create_environment_hook('bumperbot_localization', 'pythonpath')
[1.121s] INFO:colcon.colcon_core.shell:Creating environment hook '/home/emzx/ros2_ws/install/bumperbot_localization/share/bumperbot_localization/hook/pythonpath.ps1'
[1.122s] INFO:colcon.colcon_core.shell:Creating environment descriptor '/home/emzx/ros2_ws/install/bumperbot_localization/share/bumperbot_localization/hook/pythonpath.dsv'
[1.122s] INFO:colcon.colcon_core.shell:Creating environment hook '/home/emzx/ros2_ws/install/bumperbot_localization/share/bumperbot_localization/hook/pythonpath.sh'
[1.123s] Level 1:colcon.colcon_core.environment:checking '/home/emzx/ros2_ws/install/bumperbot_localization/bin'
[1.123s] INFO:colcon.colcon_core.shell:Creating package script '/home/emzx/ros2_ws/install/bumperbot_localization/share/bumperbot_localization/package.ps1'
[1.123s] INFO:colcon.colcon_core.shell:Creating package descriptor '/home/emzx/ros2_ws/install/bumperbot_localization/share/bumperbot_localization/package.dsv'
[1.124s] INFO:colcon.colcon_core.shell:Creating package script '/home/emzx/ros2_ws/install/bumperbot_localization/share/bumperbot_localization/package.sh'
[1.124s] INFO:colcon.colcon_core.shell:Creating package script '/home/emzx/ros2_ws/install/bumperbot_localization/share/bumperbot_localization/package.bash'
[1.124s] INFO:colcon.colcon_core.shell:Creating package script '/home/emzx/ros2_ws/install/bumperbot_localization/share/bumperbot_localization/package.zsh'
[1.125s] Level 1:colcon.colcon_core.environment:create_file_with_runtime_dependencies(/home/emzx/ros2_ws/install/bumperbot_localization/share/colcon-core/packages/bumperbot_localization)
[1.125s] Level 1:colcon.colcon_core.environment:create_environment_scripts_only(my_robot_interfaces)
[1.126s] Level 1:colcon.colcon_core.environment:checking '/home/emzx/ros2_ws/install/my_robot_interfaces' for CMake module files
[1.126s] DEBUG:colcon.colcon_core.event_handler.log_command:Invoked command in '/home/emzx/ros2_ws/build/my_robot_interfaces' returned '0': CMAKE_PREFIX_PATH=${CMAKE_PREFIX_PATH}:/home/emzx/ros2_ws/install/turtlesim_catch_them_all:/home/emzx/ros2_ws/install/pacote_teste:/home/emzx/ros2_ws/install/bumperbot_utils:/home/emzx/ros2_ws/install/bumperbot_py:/opt/ros/jazzy DEBUGINFOD_URLS=https://debuginfod.ubuntu.com /usr/bin/cmake --install /home/emzx/ros2_ws/build/my_robot_interfaces
[1.127s] Level 1:colcon.colcon_core.environment:checking '/home/emzx/ros2_ws/install/my_robot_interfaces' for CMake config files
[1.127s] Level 1:colcon.colcon_core.shell:create_environment_hook('my_robot_interfaces', 'cmake_prefix_path')
[1.127s] INFO:colcon.colcon_core.shell:Creating environment hook '/home/emzx/ros2_ws/install/my_robot_interfaces/share/my_robot_interfaces/hook/cmake_prefix_path.ps1'
[1.128s] INFO:colcon.colcon_core.shell:Creating environment descriptor '/home/emzx/ros2_ws/install/my_robot_interfaces/share/my_robot_interfaces/hook/cmake_prefix_path.dsv'
[1.128s] INFO:colcon.colcon_core.shell:Creating environment hook '/home/emzx/ros2_ws/install/my_robot_interfaces/share/my_robot_interfaces/hook/cmake_prefix_path.sh'
[1.128s] Level 1:colcon.colcon_core.environment:checking '/home/emzx/ros2_ws/install/my_robot_interfaces/lib'
[1.128s] Level 1:colcon.colcon_core.shell:create_environment_hook('my_robot_interfaces', 'ld_library_path_lib')
[1.129s] INFO:colcon.colcon_core.shell:Creating environment hook '/home/emzx/ros2_ws/install/my_robot_interfaces/share/my_robot_interfaces/hook/ld_library_path_lib.ps1'
[1.129s] INFO:colcon.colcon_core.shell:Creating environment descriptor '/home/emzx/ros2_ws/install/my_robot_interfaces/share/my_robot_interfaces/hook/ld_library_path_lib.dsv'
[1.129s] INFO:colcon.colcon_core.shell:Creating environment hook '/home/emzx/ros2_ws/install/my_robot_interfaces/share/my_robot_interfaces/hook/ld_library_path_lib.sh'
[1.129s] Level 1:colcon.colcon_core.environment:checking '/home/emzx/ros2_ws/install/my_robot_interfaces/bin'
[1.129s] Level 1:colcon.colcon_core.environment:checking '/home/emzx/ros2_ws/install/my_robot_interfaces/lib/pkgconfig/my_robot_interfaces.pc'
[1.130s] Level 1:colcon.colcon_core.environment:checking '/home/emzx/ros2_ws/install/my_robot_interfaces/lib/python3.12/site-packages'
[1.130s] Level 1:colcon.colcon_core.shell:create_environment_hook('my_robot_interfaces', 'pythonpath')
[1.130s] INFO:colcon.colcon_core.shell:Creating environment hook '/home/emzx/ros2_ws/install/my_robot_interfaces/share/my_robot_interfaces/hook/pythonpath.ps1'
[1.130s] INFO:colcon.colcon_core.shell:Creating environment descriptor '/home/emzx/ros2_ws/install/my_robot_interfaces/share/my_robot_interfaces/hook/pythonpath.dsv'
[1.130s] INFO:colcon.colcon_core.shell:Creating environment hook '/home/emzx/ros2_ws/install/my_robot_interfaces/share/my_robot_interfaces/hook/pythonpath.sh'
[1.131s] Level 1:colcon.colcon_core.environment:checking '/home/emzx/ros2_ws/install/my_robot_interfaces/bin'
[1.131s] INFO:colcon.colcon_core.shell:Creating package script '/home/emzx/ros2_ws/install/my_robot_interfaces/share/my_robot_interfaces/package.ps1'
[1.131s] INFO:colcon.colcon_core.shell:Creating package descriptor '/home/emzx/ros2_ws/install/my_robot_interfaces/share/my_robot_interfaces/package.dsv'
[1.132s] INFO:colcon.colcon_core.shell:Creating package script '/home/emzx/ros2_ws/install/my_robot_interfaces/share/my_robot_interfaces/package.sh'
[1.132s] INFO:colcon.colcon_core.shell:Creating package script '/home/emzx/ros2_ws/install/my_robot_interfaces/share/my_robot_interfaces/package.bash'
[1.132s] INFO:colcon.colcon_core.shell:Creating package script '/home/emzx/ros2_ws/install/my_robot_interfaces/share/my_robot_interfaces/package.zsh'
[1.133s] Level 1:colcon.colcon_core.environment:create_file_with_runtime_dependencies(/home/emzx/ros2_ws/install/my_robot_interfaces/share/colcon-core/packages/my_robot_interfaces)
[1.133s] Level 1:colcon.colcon_core.environment:create_environment_scripts_only(my_robot_interfaces)
[1.133s] Level 1:colcon.colcon_core.environment:checking '/home/emzx/ros2_ws/install/my_robot_interfaces' for CMake module files
[1.134s] Level 1:colcon.colcon_core.environment:checking '/home/emzx/ros2_ws/install/my_robot_interfaces' for CMake config files
[1.134s] Level 1:colcon.colcon_core.shell:create_environment_hook('my_robot_interfaces', 'cmake_prefix_path')
[1.134s] INFO:colcon.colcon_core.shell:Creating environment hook '/home/emzx/ros2_ws/install/my_robot_interfaces/share/my_robot_interfaces/hook/cmake_prefix_path.ps1'
[1.135s] INFO:colcon.colcon_core.shell:Creating environment descriptor '/home/emzx/ros2_ws/install/my_robot_interfaces/share/my_robot_interfaces/hook/cmake_prefix_path.dsv'
[1.135s] INFO:colcon.colcon_core.shell:Creating environment hook '/home/emzx/ros2_ws/install/my_robot_interfaces/share/my_robot_interfaces/hook/cmake_prefix_path.sh'
[1.135s] Level 1:colcon.colcon_core.environment:checking '/home/emzx/ros2_ws/install/my_robot_interfaces/lib'
[1.135s] Level 1:colcon.colcon_core.shell:create_environment_hook('my_robot_interfaces', 'ld_library_path_lib')
[1.135s] INFO:colcon.colcon_core.shell:Creating environment hook '/home/emzx/ros2_ws/install/my_robot_interfaces/share/my_robot_interfaces/hook/ld_library_path_lib.ps1'
[1.136s] INFO:colcon.colcon_core.shell:Creating environment descriptor '/home/emzx/ros2_ws/install/my_robot_interfaces/share/my_robot_interfaces/hook/ld_library_path_lib.dsv'
[1.136s] INFO:colcon.colcon_core.shell:Creating environment hook '/home/emzx/ros2_ws/install/my_robot_interfaces/share/my_robot_interfaces/hook/ld_library_path_lib.sh'
[1.136s] Level 1:colcon.colcon_core.environment:checking '/home/emzx/ros2_ws/install/my_robot_interfaces/bin'
[1.136s] Level 1:colcon.colcon_core.environment:checking '/home/emzx/ros2_ws/install/my_robot_interfaces/lib/pkgconfig/my_robot_interfaces.pc'
[1.137s] Level 1:colcon.colcon_core.environment:checking '/home/emzx/ros2_ws/install/my_robot_interfaces/lib/python3.12/site-packages'
[1.137s] Level 1:colcon.colcon_core.shell:create_environment_hook('my_robot_interfaces', 'pythonpath')
[1.137s] INFO:colcon.colcon_core.shell:Creating environment hook '/home/emzx/ros2_ws/install/my_robot_interfaces/share/my_robot_interfaces/hook/pythonpath.ps1'
[1.137s] INFO:colcon.colcon_core.shell:Creating environment descriptor '/home/emzx/ros2_ws/install/my_robot_interfaces/share/my_robot_interfaces/hook/pythonpath.dsv'
[1.137s] INFO:colcon.colcon_core.shell:Creating environment hook '/home/emzx/ros2_ws/install/my_robot_interfaces/share/my_robot_interfaces/hook/pythonpath.sh'
[1.138s] Level 1:colcon.colcon_core.environment:checking '/home/emzx/ros2_ws/install/my_robot_interfaces/bin'
[1.138s] INFO:colcon.colcon_core.shell:Creating package script '/home/emzx/ros2_ws/install/my_robot_interfaces/share/my_robot_interfaces/package.ps1'
[1.139s] INFO:colcon.colcon_core.shell:Creating package descriptor '/home/emzx/ros2_ws/install/my_robot_interfaces/share/my_robot_interfaces/package.dsv'
[1.140s] INFO:colcon.colcon_core.shell:Creating package script '/home/emzx/ros2_ws/install/my_robot_interfaces/share/my_robot_interfaces/package.sh'
[1.140s] INFO:colcon.colcon_core.shell:Creating package script '/home/emzx/ros2_ws/install/my_robot_interfaces/share/my_robot_interfaces/package.bash'
[1.140s] INFO:colcon.colcon_core.shell:Creating package script '/home/emzx/ros2_ws/install/my_robot_interfaces/share/my_robot_interfaces/package.zsh'
[1.141s] Level 1:colcon.colcon_core.environment:create_file_with_runtime_dependencies(/home/emzx/ros2_ws/install/my_robot_interfaces/share/colcon-core/packages/my_robot_interfaces)
[1.141s] INFO:colcon.colcon_ros.task.ament_python.build:Building ROS package in '/home/emzx/ros2_ws/src/pacote_teste' with build type 'ament_python'
[1.141s] Level 1:colcon.colcon_core.shell:create_environment_hook('pacote_teste', 'ament_prefix_path')
[1.141s] INFO:colcon.colcon_core.shell:Creating environment hook '/home/emzx/ros2_ws/install/pacote_teste/share/pacote_teste/hook/ament_prefix_path.ps1'
[1.142s] INFO:colcon.colcon_core.shell:Creating environment descriptor '/home/emzx/ros2_ws/install/pacote_teste/share/pacote_teste/hook/ament_prefix_path.dsv'
[1.142s] INFO:colcon.colcon_core.shell:Creating environment hook '/home/emzx/ros2_ws/install/pacote_teste/share/pacote_teste/hook/ament_prefix_path.sh'
[1.143s] INFO:colcon.colcon_core.shell:Skip shell extension 'powershell' for command environment: Not usable outside of PowerShell
[1.143s] DEBUG:colcon.colcon_core.shell:Skip shell extension 'dsv' for command environment
[1.146s] INFO:colcon.colcon_ros.task.ament_python.build:Building ROS package in '/home/emzx/ros2_ws/src/turtlesim_catch_them_all' with build type 'ament_python'
[1.147s] Level 1:colcon.colcon_core.shell:create_environment_hook('turtlesim_catch_them_all', 'ament_prefix_path')
[1.147s] INFO:colcon.colcon_core.shell:Creating environment hook '/home/emzx/ros2_ws/install/turtlesim_catch_them_all/share/turtlesim_catch_them_all/hook/ament_prefix_path.ps1'
[1.147s] INFO:colcon.colcon_core.shell:Creating environment descriptor '/home/emzx/ros2_ws/install/turtlesim_catch_them_all/share/turtlesim_catch_them_all/hook/ament_prefix_path.dsv'
[1.147s] INFO:colcon.colcon_core.shell:Creating environment hook '/home/emzx/ros2_ws/install/turtlesim_catch_them_all/share/turtlesim_catch_them_all/hook/ament_prefix_path.sh'
[1.148s] INFO:colcon.colcon_core.shell:Skip shell extension 'powershell' for command environment: Not usable outside of PowerShell
[1.148s] DEBUG:colcon.colcon_core.shell:Skip shell extension 'dsv' for command environment
[1.379s] INFO:colcon.colcon_core.task.python.build:Building Python package in '/home/emzx/ros2_ws/src/pacote_teste'
[1.379s] INFO:colcon.colcon_core.shell:Skip shell extension 'powershell' for command environment: Not usable outside of PowerShell
[1.379s] DEBUG:colcon.colcon_core.shell:Skip shell extension 'dsv' for command environment
[1.640s] INFO:colcon.colcon_core.task.python.build:Building Python package in '/home/emzx/ros2_ws/src/turtlesim_catch_them_all'
[1.641s] INFO:colcon.colcon_core.shell:Skip shell extension 'powershell' for command environment: Not usable outside of PowerShell
[1.641s] DEBUG:colcon.colcon_core.shell:Skip shell extension 'dsv' for command environment
[1.747s] DEBUG:colcon.colcon_core.event_handler.log_command:Invoking command in '/home/emzx/ros2_ws/src/bumperbot_utils': DEBUGINFOD_URLS=https://debuginfod.ubuntu.com PYTHONPATH=/home/emzx/ros2_ws/build/bumperbot_utils/prefix_override:/usr/lib/python3/dist-packages/colcon_core/task/python/colcon_distutils_commands:/home/emzx/ros2_ws/install/bumperbot_utils/lib/python3.12/site-packages:${PYTHONPATH} /usr/bin/python3 -W ignore:setup.py install is deprecated -W ignore:easy_install command is deprecated setup.py egg_info --egg-base ../../build/bumperbot_utils build --build-base /home/emzx/ros2_ws/build/bumperbot_utils/build install --record /home/emzx/ros2_ws/build/bumperbot_utils/install.log --single-version-externally-managed install_data
[1.767s] DEBUG:colcon.colcon_core.event_handler.log_command:Invoking command in '/home/emzx/ros2_ws/src/bumperbot_py': DEBUGINFOD_URLS=https://debuginfod.ubuntu.com PYTHONPATH=/home/emzx/ros2_ws/build/bumperbot_py/prefix_override:/usr/lib/python3/dist-packages/colcon_core/task/python/colcon_distutils_commands:/home/emzx/ros2_ws/install/bumperbot_py/lib/python3.12/site-packages:${PYTHONPATH} /usr/bin/python3 -W ignore:setup.py install is deprecated -W ignore:easy_install command is deprecated setup.py egg_info --egg-base ../../build/bumperbot_py build --build-base /home/emzx/ros2_ws/build/bumperbot_py/build install --record /home/emzx/ros2_ws/build/bumperbot_py/install.log --single-version-externally-managed install_data
[2.305s] DEBUG:colcon.colcon_core.event_handler.log_command:Invoking command in '/home/emzx/ros2_ws/src/turtlesim_catch_them_all': CMAKE_PREFIX_PATH=/home/emzx/ros2_ws/install/my_robot_interfaces:/home/emzx/ros2_ws/install/my_robot_bringup:/home/emzx/ros2_ws/install/bumperbot_localization:/home/emzx/ros2_ws/install/bumperbot_description:/home/emzx/ros2_ws/install/bumperbot_controller:/opt/ros/jazzy/opt/gz_sim_vendor:/opt/ros/jazzy/opt/gz_sensors_vendor:/opt/ros/jazzy/opt/gz_physics_vendor:/opt/ros/jazzy/opt/sdformat_vendor:/opt/ros/jazzy/opt/gz_gui_vendor:/opt/ros/jazzy/opt/gz_transport_vendor:/opt/ros/jazzy/opt/gz_rendering_vendor:/opt/ros/jazzy/opt/gz_plugin_vendor:/opt/ros/jazzy/opt/gz_fuel_tools_vendor:/opt/ros/jazzy/opt/gz_msgs_vendor:/opt/ros/jazzy/opt/gz_common_vendor:/opt/ros/jazzy/opt/gz_math_vendor:/opt/ros/jazzy/opt/gz_utils_vendor:/opt/ros/jazzy/opt/gz_tools_vendor:/opt/ros/jazzy/opt/gz_ogre_next_vendor:/opt/ros/jazzy/opt/gz_dartsim_vendor:/opt/ros/jazzy/opt/gz_cmake_vendor DEBUGINFOD_URLS=https://debuginfod.ubuntu.com PYTHONPATH=/home/emzx/ros2_ws/build/turtlesim_catch_them_all/prefix_override:/usr/lib/python3/dist-packages/colcon_core/task/python/colcon_distutils_commands:/home/emzx/ros2_ws/install/turtlesim_catch_them_all/lib/python3.12/site-packages:/home/emzx/ros2_ws/install/my_robot_interfaces/lib/python3.12/site-packages:/home/emzx/ros2_ws/install/turtlesim_catch_them_all/lib/python3.12/site-packages:/home/emzx/ros2_ws/install/pacote_teste/lib/python3.12/site-packages:/home/emzx/ros2_ws/install/bumperbot_utils/lib/python3.12/site-packages:/home/emzx/ros2_ws/install/bumperbot_py/lib/python3.12/site-packages:/home/emzx/ros2_ws/install/bumperbot_localization/lib/python3.12/site-packages:/home/emzx/ros2_ws/install/bumperbot_controller/lib/python3.12/site-packages:/opt/ros/jazzy/lib/python3.12/site-packages /usr/bin/python3 -W ignore:setup.py install is deprecated -W ignore:easy_install command is deprecated setup.py egg_info --egg-base ../../build/turtlesim_catch_them_all build --build-base /home/emzx/ros2_ws/build/turtlesim_catch_them_all/build install --record /home/emzx/ros2_ws/build/turtlesim_catch_them_all/install.log --single-version-externally-managed install_data
[2.324s] DEBUG:colcon.colcon_core.event_handler.log_command:Invoking command in '/home/emzx/ros2_ws/src/pacote_teste': CMAKE_PREFIX_PATH=/home/emzx/ros2_ws/install/my_robot_interfaces:/home/emzx/ros2_ws/install/my_robot_bringup:/home/emzx/ros2_ws/install/bumperbot_localization:/home/emzx/ros2_ws/install/bumperbot_description:/home/emzx/ros2_ws/install/bumperbot_controller:/opt/ros/jazzy/opt/gz_sim_vendor:/opt/ros/jazzy/opt/gz_sensors_vendor:/opt/ros/jazzy/opt/gz_physics_vendor:/opt/ros/jazzy/opt/sdformat_vendor:/opt/ros/jazzy/opt/gz_gui_vendor:/opt/ros/jazzy/opt/gz_transport_vendor:/opt/ros/jazzy/opt/gz_rendering_vendor:/opt/ros/jazzy/opt/gz_plugin_vendor:/opt/ros/jazzy/opt/gz_fuel_tools_vendor:/opt/ros/jazzy/opt/gz_msgs_vendor:/opt/ros/jazzy/opt/gz_common_vendor:/opt/ros/jazzy/opt/gz_math_vendor:/opt/ros/jazzy/opt/gz_utils_vendor:/opt/ros/jazzy/opt/gz_tools_vendor:/opt/ros/jazzy/opt/gz_ogre_next_vendor:/opt/ros/jazzy/opt/gz_dartsim_vendor:/opt/ros/jazzy/opt/gz_cmake_vendor DEBUGINFOD_URLS=https://debuginfod.ubuntu.com PYTHONPATH=/home/emzx/ros2_ws/build/pacote_teste/prefix_override:/usr/lib/python3/dist-packages/colcon_core/task/python/colcon_distutils_commands:/home/emzx/ros2_ws/install/pacote_teste/lib/python3.12/site-packages:/home/emzx/ros2_ws/install/my_robot_interfaces/lib/python3.12/site-packages:/home/emzx/ros2_ws/install/turtlesim_catch_them_all/lib/python3.12/site-packages:/home/emzx/ros2_ws/install/pacote_teste/lib/python3.12/site-packages:/home/emzx/ros2_ws/install/bumperbot_utils/lib/python3.12/site-packages:/home/emzx/ros2_ws/install/bumperbot_py/lib/python3.12/site-packages:/home/emzx/ros2_ws/install/bumperbot_localization/lib/python3.12/site-packages:/home/emzx/ros2_ws/install/bumperbot_controller/lib/python3.12/site-packages:/opt/ros/jazzy/lib/python3.12/site-packages /usr/bin/python3 -W ignore:setup.py install is deprecated -W ignore:easy_install command is deprecated setup.py egg_info --egg-base ../../build/pacote_teste build --build-base /home/emzx/ros2_ws/build/pacote_teste/build install --record /home/emzx/ros2_ws/build/pacote_teste/install.log --single-version-externally-managed install_data
[2.409s] Level 1:colcon.colcon_core.environment:checking '/home/emzx/ros2_ws/install/bumperbot_py' for CMake module files
[2.409s] DEBUG:colcon.colcon_core.event_handler.log_command:Invoked command in '/home/emzx/ros2_ws/src/bumperbot_py' returned '0': DEBUGINFOD_URLS=https://debuginfod.ubuntu.com PYTHONPATH=/home/emzx/ros2_ws/build/bumperbot_py/prefix_override:/usr/lib/python3/dist-packages/colcon_core/task/python/colcon_distutils_commands:/home/emzx/ros2_ws/install/bumperbot_py/lib/python3.12/site-packages:${PYTHONPATH} /usr/bin/python3 -W ignore:setup.py install is deprecated -W ignore:easy_install command is deprecated setup.py egg_info --egg-base ../../build/bumperbot_py build --build-base /home/emzx/ros2_ws/build/bumperbot_py/build install --record /home/emzx/ros2_ws/build/bumperbot_py/install.log --single-version-externally-managed install_data
[2.410s] Level 1:colcon.colcon_core.environment:checking '/home/emzx/ros2_ws/install/bumperbot_py' for CMake config files
[2.411s] Level 1:colcon.colcon_core.environment:checking '/home/emzx/ros2_ws/install/bumperbot_py/lib'
[2.411s] Level 1:colcon.colcon_core.environment:checking '/home/emzx/ros2_ws/install/bumperbot_py/bin'
[2.411s] Level 1:colcon.colcon_core.environment:checking '/home/emzx/ros2_ws/install/bumperbot_py/lib/pkgconfig/bumperbot_py.pc'
[2.411s] Level 1:colcon.colcon_core.environment:checking '/home/emzx/ros2_ws/install/bumperbot_py/lib/python3.12/site-packages'
[2.411s] Level 1:colcon.colcon_core.shell:create_environment_hook('bumperbot_py', 'pythonpath')
[2.412s] INFO:colcon.colcon_core.shell:Creating environment hook '/home/emzx/ros2_ws/install/bumperbot_py/share/bumperbot_py/hook/pythonpath.ps1'
[2.412s] INFO:colcon.colcon_core.shell:Creating environment descriptor '/home/emzx/ros2_ws/install/bumperbot_py/share/bumperbot_py/hook/pythonpath.dsv'
[2.413s] INFO:colcon.colcon_core.shell:Creating environment hook '/home/emzx/ros2_ws/install/bumperbot_py/share/bumperbot_py/hook/pythonpath.sh'
[2.413s] Level 1:colcon.colcon_core.environment:checking '/home/emzx/ros2_ws/install/bumperbot_py/bin'
[2.414s] Level 1:colcon.colcon_core.environment:create_environment_scripts_only(bumperbot_py)
[2.414s] INFO:colcon.colcon_core.shell:Creating package script '/home/emzx/ros2_ws/install/bumperbot_py/share/bumperbot_py/package.ps1'
[2.415s] INFO:colcon.colcon_core.shell:Creating package descriptor '/home/emzx/ros2_ws/install/bumperbot_py/share/bumperbot_py/package.dsv'
[2.415s] INFO:colcon.colcon_core.shell:Creating package script '/home/emzx/ros2_ws/install/bumperbot_py/share/bumperbot_py/package.sh'
[2.416s] INFO:colcon.colcon_core.shell:Creating package script '/home/emzx/ros2_ws/install/bumperbot_py/share/bumperbot_py/package.bash'
[2.416s] INFO:colcon.colcon_core.shell:Creating package script '/home/emzx/ros2_ws/install/bumperbot_py/share/bumperbot_py/package.zsh'
[2.417s] Level 1:colcon.colcon_core.environment:create_file_with_runtime_dependencies(/home/emzx/ros2_ws/install/bumperbot_py/share/colcon-core/packages/bumperbot_py)
[2.417s] Level 1:colcon.colcon_core.environment:checking '/home/emzx/ros2_ws/install/bumperbot_utils' for CMake module files
[2.419s] DEBUG:colcon.colcon_core.event_handler.log_command:Invoked command in '/home/emzx/ros2_ws/src/bumperbot_utils' returned '0': DEBUGINFOD_URLS=https://debuginfod.ubuntu.com PYTHONPATH=/home/emzx/ros2_ws/build/bumperbot_utils/prefix_override:/usr/lib/python3/dist-packages/colcon_core/task/python/colcon_distutils_commands:/home/emzx/ros2_ws/install/bumperbot_utils/lib/python3.12/site-packages:${PYTHONPATH} /usr/bin/python3 -W ignore:setup.py install is deprecated -W ignore:easy_install command is deprecated setup.py egg_info --egg-base ../../build/bumperbot_utils build --build-base /home/emzx/ros2_ws/build/bumperbot_utils/build install --record /home/emzx/ros2_ws/build/bumperbot_utils/install.log --single-version-externally-managed install_data
[2.419s] Level 1:colcon.colcon_core.environment:checking '/home/emzx/ros2_ws/install/bumperbot_utils' for CMake config files
[2.419s] Level 1:colcon.colcon_core.environment:checking '/home/emzx/ros2_ws/install/bumperbot_utils/lib'
[2.420s] Level 1:colcon.colcon_core.environment:checking '/home/emzx/ros2_ws/install/bumperbot_utils/bin'
[2.420s] Level 1:colcon.colcon_core.environment:checking '/home/emzx/ros2_ws/install/bumperbot_utils/lib/pkgconfig/bumperbot_utils.pc'
[2.420s] Level 1:colcon.colcon_core.environment:checking '/home/emzx/ros2_ws/install/bumperbot_utils/lib/python3.12/site-packages'
[2.420s] Level 1:colcon.colcon_core.shell:create_environment_hook('bumperbot_utils', 'pythonpath')
[2.420s] INFO:colcon.colcon_core.shell:Creating environment hook '/home/emzx/ros2_ws/install/bumperbot_utils/share/bumperbot_utils/hook/pythonpath.ps1'
[2.421s] INFO:colcon.colcon_core.shell:Creating environment descriptor '/home/emzx/ros2_ws/install/bumperbot_utils/share/bumperbot_utils/hook/pythonpath.dsv'
[2.421s] INFO:colcon.colcon_core.shell:Creating environment hook '/home/emzx/ros2_ws/install/bumperbot_utils/share/bumperbot_utils/hook/pythonpath.sh'
[2.422s] Level 1:colcon.colcon_core.environment:checking '/home/emzx/ros2_ws/install/bumperbot_utils/bin'
[2.422s] Level 1:colcon.colcon_core.environment:create_environment_scripts_only(bumperbot_utils)
[2.423s] INFO:colcon.colcon_core.shell:Creating package script '/home/emzx/ros2_ws/install/bumperbot_utils/share/bumperbot_utils/package.ps1'
[2.423s] INFO:colcon.colcon_core.shell:Creating package descriptor '/home/emzx/ros2_ws/install/bumperbot_utils/share/bumperbot_utils/package.dsv'
[2.424s] INFO:colcon.colcon_core.shell:Creating package script '/home/emzx/ros2_ws/install/bumperbot_utils/share/bumperbot_utils/package.sh'
[2.424s] INFO:colcon.colcon_core.shell:Creating package script '/home/emzx/ros2_ws/install/bumperbot_utils/share/bumperbot_utils/package.bash'
[2.425s] INFO:colcon.colcon_core.shell:Creating package script '/home/emzx/ros2_ws/install/bumperbot_utils/share/bumperbot_utils/package.zsh'
[2.425s] Level 1:colcon.colcon_core.environment:create_file_with_runtime_dependencies(/home/emzx/ros2_ws/install/bumperbot_utils/share/colcon-core/packages/bumperbot_utils)
[2.876s] Level 1:colcon.colcon_core.environment:checking '/home/emzx/ros2_ws/install/turtlesim_catch_them_all' for CMake module files
[2.876s] DEBUG:colcon.colcon_core.event_handler.log_command:Invoked command in '/home/emzx/ros2_ws/src/turtlesim_catch_them_all' returned '0': CMAKE_PREFIX_PATH=/home/emzx/ros2_ws/install/my_robot_interfaces:/home/emzx/ros2_ws/install/my_robot_bringup:/home/emzx/ros2_ws/install/bumperbot_localization:/home/emzx/ros2_ws/install/bumperbot_description:/home/emzx/ros2_ws/install/bumperbot_controller:/opt/ros/jazzy/opt/gz_sim_vendor:/opt/ros/jazzy/opt/gz_sensors_vendor:/opt/ros/jazzy/opt/gz_physics_vendor:/opt/ros/jazzy/opt/sdformat_vendor:/opt/ros/jazzy/opt/gz_gui_vendor:/opt/ros/jazzy/opt/gz_transport_vendor:/opt/ros/jazzy/opt/gz_rendering_vendor:/opt/ros/jazzy/opt/gz_plugin_vendor:/opt/ros/jazzy/opt/gz_fuel_tools_vendor:/opt/ros/jazzy/opt/gz_msgs_vendor:/opt/ros/jazzy/opt/gz_common_vendor:/opt/ros/jazzy/opt/gz_math_vendor:/opt/ros/jazzy/opt/gz_utils_vendor:/opt/ros/jazzy/opt/gz_tools_vendor:/opt/ros/jazzy/opt/gz_ogre_next_vendor:/opt/ros/jazzy/opt/gz_dartsim_vendor:/opt/ros/jazzy/opt/gz_cmake_vendor DEBUGINFOD_URLS=https://debuginfod.ubuntu.com PYTHONPATH=/home/emzx/ros2_ws/build/turtlesim_catch_them_all/prefix_override:/usr/lib/python3/dist-packages/colcon_core/task/python/colcon_distutils_commands:/home/emzx/ros2_ws/install/turtlesim_catch_them_all/lib/python3.12/site-packages:/home/emzx/ros2_ws/install/my_robot_interfaces/lib/python3.12/site-packages:/home/emzx/ros2_ws/install/turtlesim_catch_them_all/lib/python3.12/site-packages:/home/emzx/ros2_ws/install/pacote_teste/lib/python3.12/site-packages:/home/emzx/ros2_ws/install/bumperbot_utils/lib/python3.12/site-packages:/home/emzx/ros2_ws/install/bumperbot_py/lib/python3.12/site-packages:/home/emzx/ros2_ws/install/bumperbot_localization/lib/python3.12/site-packages:/home/emzx/ros2_ws/install/bumperbot_controller/lib/python3.12/site-packages:/opt/ros/jazzy/lib/python3.12/site-packages /usr/bin/python3 -W ignore:setup.py install is deprecated -W ignore:easy_install command is deprecated setup.py egg_info --egg-base ../../build/turtlesim_catch_them_all build --build-base /home/emzx/ros2_ws/build/turtlesim_catch_them_all/build install --record /home/emzx/ros2_ws/build/turtlesim_catch_them_all/install.log --single-version-externally-managed install_data
[2.877s] Level 1:colcon.colcon_core.environment:checking '/home/emzx/ros2_ws/install/turtlesim_catch_them_all' for CMake config files
[2.877s] Level 1:colcon.colcon_core.environment:checking '/home/emzx/ros2_ws/install/turtlesim_catch_them_all/lib'
[2.877s] Level 1:colcon.colcon_core.environment:checking '/home/emzx/ros2_ws/install/turtlesim_catch_them_all/bin'
[2.877s] Level 1:colcon.colcon_core.environment:checking '/home/emzx/ros2_ws/install/turtlesim_catch_them_all/lib/pkgconfig/turtlesim_catch_them_all.pc'
[2.878s] Level 1:colcon.colcon_core.environment:checking '/home/emzx/ros2_ws/install/turtlesim_catch_them_all/lib/python3.12/site-packages'
[2.878s] Level 1:colcon.colcon_core.shell:create_environment_hook('turtlesim_catch_them_all', 'pythonpath')
[2.878s] INFO:colcon.colcon_core.shell:Creating environment hook '/home/emzx/ros2_ws/install/turtlesim_catch_them_all/share/turtlesim_catch_them_all/hook/pythonpath.ps1'
[2.878s] INFO:colcon.colcon_core.shell:Creating environment descriptor '/home/emzx/ros2_ws/install/turtlesim_catch_them_all/share/turtlesim_catch_them_all/hook/pythonpath.dsv'
[2.879s] INFO:colcon.colcon_core.shell:Creating environment hook '/home/emzx/ros2_ws/install/turtlesim_catch_them_all/share/turtlesim_catch_them_all/hook/pythonpath.sh'
[2.879s] Level 1:colcon.colcon_core.environment:checking '/home/emzx/ros2_ws/install/turtlesim_catch_them_all/bin'
[2.879s] Level 1:colcon.colcon_core.environment:create_environment_scripts_only(turtlesim_catch_them_all)
[2.879s] INFO:colcon.colcon_core.shell:Creating package script '/home/emzx/ros2_ws/install/turtlesim_catch_them_all/share/turtlesim_catch_them_all/package.ps1'
[2.880s] INFO:colcon.colcon_core.shell:Creating package descriptor '/home/emzx/ros2_ws/install/turtlesim_catch_them_all/share/turtlesim_catch_them_all/package.dsv'
[2.880s] INFO:colcon.colcon_core.shell:Creating package script '/home/emzx/ros2_ws/install/turtlesim_catch_them_all/share/turtlesim_catch_them_all/package.sh'
[2.881s] INFO:colcon.colcon_core.shell:Creating package script '/home/emzx/ros2_ws/install/turtlesim_catch_them_all/share/turtlesim_catch_them_all/package.bash'
[2.881s] INFO:colcon.colcon_core.shell:Creating package script '/home/emzx/ros2_ws/install/turtlesim_catch_them_all/share/turtlesim_catch_them_all/package.zsh'
[2.881s] Level 1:colcon.colcon_core.environment:create_file_with_runtime_dependencies(/home/emzx/ros2_ws/install/turtlesim_catch_them_all/share/colcon-core/packages/turtlesim_catch_them_all)
[2.886s] Level 1:colcon.colcon_core.environment:checking '/home/emzx/ros2_ws/install/pacote_teste' for CMake module files
[2.887s] DEBUG:colcon.colcon_core.event_handler.log_command:Invoked command in '/home/emzx/ros2_ws/src/pacote_teste' returned '0': CMAKE_PREFIX_PATH=/home/emzx/ros2_ws/install/my_robot_interfaces:/home/emzx/ros2_ws/install/my_robot_bringup:/home/emzx/ros2_ws/install/bumperbot_localization:/home/emzx/ros2_ws/install/bumperbot_description:/home/emzx/ros2_ws/install/bumperbot_controller:/opt/ros/jazzy/opt/gz_sim_vendor:/opt/ros/jazzy/opt/gz_sensors_vendor:/opt/ros/jazzy/opt/gz_physics_vendor:/opt/ros/jazzy/opt/sdformat_vendor:/opt/ros/jazzy/opt/gz_gui_vendor:/opt/ros/jazzy/opt/gz_transport_vendor:/opt/ros/jazzy/opt/gz_rendering_vendor:/opt/ros/jazzy/opt/gz_plugin_vendor:/opt/ros/jazzy/opt/gz_fuel_tools_vendor:/opt/ros/jazzy/opt/gz_msgs_vendor:/opt/ros/jazzy/opt/gz_common_vendor:/opt/ros/jazzy/opt/gz_math_vendor:/opt/ros/jazzy/opt/gz_utils_vendor:/opt/ros/jazzy/opt/gz_tools_vendor:/opt/ros/jazzy/opt/gz_ogre_next_vendor:/opt/ros/jazzy/opt/gz_dartsim_vendor:/opt/ros/jazzy/opt/gz_cmake_vendor DEBUGINFOD_URLS=https://debuginfod.ubuntu.com PYTHONPATH=/home/emzx/ros2_ws/build/pacote_teste/prefix_override:/usr/lib/python3/dist-packages/colcon_core/task/python/colcon_distutils_commands:/home/emzx/ros2_ws/install/pacote_teste/lib/python3.12/site-packages:/home/emzx/ros2_ws/install/my_robot_interfaces/lib/python3.12/site-packages:/home/emzx/ros2_ws/install/turtlesim_catch_them_all/lib/python3.12/site-packages:/home/emzx/ros2_ws/install/pacote_teste/lib/python3.12/site-packages:/home/emzx/ros2_ws/install/bumperbot_utils/lib/python3.12/site-packages:/home/emzx/ros2_ws/install/bumperbot_py/lib/python3.12/site-packages:/home/emzx/ros2_ws/install/bumperbot_localization/lib/python3.12/site-packages:/home/emzx/ros2_ws/install/bumperbot_controller/lib/python3.12/site-packages:/opt/ros/jazzy/lib/python3.12/site-packages /usr/bin/python3 -W ignore:setup.py install is deprecated -W ignore:easy_install command is deprecated setup.py egg_info --egg-base ../../build/pacote_teste build --build-base /home/emzx/ros2_ws/build/pacote_teste/build install --record /home/emzx/ros2_ws/build/pacote_teste/install.log --single-version-externally-managed install_data
[2.887s] Level 1:colcon.colcon_core.environment:checking '/home/emzx/ros2_ws/install/pacote_teste' for CMake config files
[2.887s] Level 1:colcon.colcon_core.environment:checking '/home/emzx/ros2_ws/install/pacote_teste/lib'
[2.887s] Level 1:colcon.colcon_core.environment:checking '/home/emzx/ros2_ws/install/pacote_teste/bin'
[2.887s] Level 1:colcon.colcon_core.environment:checking '/home/emzx/ros2_ws/install/pacote_teste/lib/pkgconfig/pacote_teste.pc'
[2.888s] Level 1:colcon.colcon_core.environment:checking '/home/emzx/ros2_ws/install/pacote_teste/lib/python3.12/site-packages'
[2.888s] Level 1:colcon.colcon_core.shell:create_environment_hook('pacote_teste', 'pythonpath')
[2.888s] INFO:colcon.colcon_core.shell:Creating environment hook '/home/emzx/ros2_ws/install/pacote_teste/share/pacote_teste/hook/pythonpath.ps1'
[2.888s] INFO:colcon.colcon_core.shell:Creating environment descriptor '/home/emzx/ros2_ws/install/pacote_teste/share/pacote_teste/hook/pythonpath.dsv'
[2.889s] INFO:colcon.colcon_core.shell:Creating environment hook '/home/emzx/ros2_ws/install/pacote_teste/share/pacote_teste/hook/pythonpath.sh'
[2.889s] Level 1:colcon.colcon_core.environment:checking '/home/emzx/ros2_ws/install/pacote_teste/bin'
[2.889s] Level 1:colcon.colcon_core.environment:create_environment_scripts_only(pacote_teste)
[2.889s] INFO:colcon.colcon_core.shell:Creating package script '/home/emzx/ros2_ws/install/pacote_teste/share/pacote_teste/package.ps1'
[2.890s] INFO:colcon.colcon_core.shell:Creating package descriptor '/home/emzx/ros2_ws/install/pacote_teste/share/pacote_teste/package.dsv'
[2.890s] INFO:colcon.colcon_core.shell:Creating package script '/home/emzx/ros2_ws/install/pacote_teste/share/pacote_teste/package.sh'
[2.891s] INFO:colcon.colcon_core.shell:Creating package script '/home/emzx/ros2_ws/install/pacote_teste/share/pacote_teste/package.bash'
[2.891s] INFO:colcon.colcon_core.shell:Creating package script '/home/emzx/ros2_ws/install/pacote_teste/share/pacote_teste/package.zsh'
[2.891s] Level 1:colcon.colcon_core.environment:create_file_with_runtime_dependencies(/home/emzx/ros2_ws/install/pacote_teste/share/colcon-core/packages/pacote_teste)
[2.891s] INFO:colcon.colcon_ros.task.ament_cmake.build:Building ROS package in '/home/emzx/ros2_ws/src/my_robot_bringup' with build type 'ament_cmake'
[2.891s] INFO:colcon.colcon_cmake.task.cmake.build:Building CMake package in '/home/emzx/ros2_ws/src/my_robot_bringup'
[2.892s] INFO:colcon.colcon_core.shell:Skip shell extension 'powershell' for command environment: Not usable outside of PowerShell
[2.892s] DEBUG:colcon.colcon_core.shell:Skip shell extension 'dsv' for command environment
[2.904s] DEBUG:colcon.colcon_core.event_handler.log_command:Invoking command in '/home/emzx/ros2_ws/build/my_robot_bringup': AMENT_PREFIX_PATH=/home/emzx/ros2_ws/install/pacote_teste:/home/emzx/ros2_ws/install/turtlesim_catch_them_all:/home/emzx/ros2_ws/install/my_robot_bringup:/home/emzx/ros2_ws/install/my_robot_interfaces:/home/emzx/ros2_ws/install/bumperbot_utils:/home/emzx/ros2_ws/install/bumperbot_py:/home/emzx/ros2_ws/install/bumperbot_localization:/home/emzx/ros2_ws/install/bumperbot_description:/home/emzx/ros2_ws/install/bumperbot_controller:/opt/ros/jazzy CMAKE_PREFIX_PATH=/home/emzx/ros2_ws/install/my_robot_interfaces:/home/emzx/ros2_ws/install/my_robot_bringup:/home/emzx/ros2_ws/install/bumperbot_localization:/home/emzx/ros2_ws/install/bumperbot_description:/home/emzx/ros2_ws/install/bumperbot_controller:/opt/ros/jazzy/opt/gz_sim_vendor:/opt/ros/jazzy/opt/gz_sensors_vendor:/opt/ros/jazzy/opt/gz_physics_vendor:/opt/ros/jazzy/opt/sdformat_vendor:/opt/ros/jazzy/opt/gz_gui_vendor:/opt/ros/jazzy/opt/gz_transport_vendor:/opt/ros/jazzy/opt/gz_rendering_vendor:/opt/ros/jazzy/opt/gz_plugin_vendor:/opt/ros/jazzy/opt/gz_fuel_tools_vendor:/opt/ros/jazzy/opt/gz_msgs_vendor:/opt/ros/jazzy/opt/gz_common_vendor:/opt/ros/jazzy/opt/gz_math_vendor:/opt/ros/jazzy/opt/gz_utils_vendor:/opt/ros/jazzy/opt/gz_tools_vendor:/opt/ros/jazzy/opt/gz_ogre_next_vendor:/opt/ros/jazzy/opt/gz_dartsim_vendor:/opt/ros/jazzy/opt/gz_cmake_vendor:/home/emzx/ros2_ws/install/turtlesim_catch_them_all:/home/emzx/ros2_ws/install/pacote_teste:/home/emzx/ros2_ws/install/bumperbot_utils:/home/emzx/ros2_ws/install/bumperbot_py:/opt/ros/jazzy DEBUGINFOD_URLS=https://debuginfod.ubuntu.com PYTHONPATH=/home/emzx/ros2_ws/install/pacote_teste/lib/python3.12/site-packages:/home/emzx/ros2_ws/install/my_robot_interfaces/lib/python3.12/site-packages:/home/emzx/ros2_ws/install/turtlesim_catch_them_all/lib/python3.12/site-packages:/home/emzx/ros2_ws/install/bumperbot_utils/lib/python3.12/site-packages:/home/emzx/ros2_ws/install/bumperbot_py/lib/python3.12/site-packages:/home/emzx/ros2_ws/install/bumperbot_localization/lib/python3.12/site-packages:/home/emzx/ros2_ws/install/bumperbot_controller/lib/python3.12/site-packages:/opt/ros/jazzy/lib/python3.12/site-packages /usr/bin/cmake --build /home/emzx/ros2_ws/build/my_robot_bringup -- -j8 -l8
[2.967s] DEBUG:colcon.colcon_core.event_handler.log_command:Invoked command in '/home/emzx/ros2_ws/build/my_robot_bringup' returned '0': AMENT_PREFIX_PATH=/home/emzx/ros2_ws/install/pacote_teste:/home/emzx/ros2_ws/install/turtlesim_catch_them_all:/home/emzx/ros2_ws/install/my_robot_bringup:/home/emzx/ros2_ws/install/my_robot_interfaces:/home/emzx/ros2_ws/install/bumperbot_utils:/home/emzx/ros2_ws/install/bumperbot_py:/home/emzx/ros2_ws/install/bumperbot_localization:/home/emzx/ros2_ws/install/bumperbot_description:/home/emzx/ros2_ws/install/bumperbot_controller:/opt/ros/jazzy CMAKE_PREFIX_PATH=/home/emzx/ros2_ws/install/my_robot_interfaces:/home/emzx/ros2_ws/install/my_robot_bringup:/home/emzx/ros2_ws/install/bumperbot_localization:/home/emzx/ros2_ws/install/bumperbot_description:/home/emzx/ros2_ws/install/bumperbot_controller:/opt/ros/jazzy/opt/gz_sim_vendor:/opt/ros/jazzy/opt/gz_sensors_vendor:/opt/ros/jazzy/opt/gz_physics_vendor:/opt/ros/jazzy/opt/sdformat_vendor:/opt/ros/jazzy/opt/gz_gui_vendor:/opt/ros/jazzy/opt/gz_transport_vendor:/opt/ros/jazzy/opt/gz_rendering_vendor:/opt/ros/jazzy/opt/gz_plugin_vendor:/opt/ros/jazzy/opt/gz_fuel_tools_vendor:/opt/ros/jazzy/opt/gz_msgs_vendor:/opt/ros/jazzy/opt/gz_common_vendor:/opt/ros/jazzy/opt/gz_math_vendor:/opt/ros/jazzy/opt/gz_utils_vendor:/opt/ros/jazzy/opt/gz_tools_vendor:/opt/ros/jazzy/opt/gz_ogre_next_vendor:/opt/ros/jazzy/opt/gz_dartsim_vendor:/opt/ros/jazzy/opt/gz_cmake_vendor:/home/emzx/ros2_ws/install/turtlesim_catch_them_all:/home/emzx/ros2_ws/install/pacote_teste:/home/emzx/ros2_ws/install/bumperbot_utils:/home/emzx/ros2_ws/install/bumperbot_py:/opt/ros/jazzy DEBUGINFOD_URLS=https://debuginfod.ubuntu.com PYTHONPATH=/home/emzx/ros2_ws/install/pacote_teste/lib/python3.12/site-packages:/home/emzx/ros2_ws/install/my_robot_interfaces/lib/python3.12/site-packages:/home/emzx/ros2_ws/install/turtlesim_catch_them_all/lib/python3.12/site-packages:/home/emzx/ros2_ws/install/bumperbot_utils/lib/python3.12/site-packages:/home/emzx/ros2_ws/install/bumperbot_py/lib/python3.12/site-packages:/home/emzx/ros2_ws/install/bumperbot_localization/lib/python3.12/site-packages:/home/emzx/ros2_ws/install/bumperbot_controller/lib/python3.12/site-packages:/opt/ros/jazzy/lib/python3.12/site-packages /usr/bin/cmake --build /home/emzx/ros2_ws/build/my_robot_bringup -- -j8 -l8
[2.969s] DEBUG:colcon.colcon_core.event_handler.log_command:Invoking command in '/home/emzx/ros2_ws/build/my_robot_bringup': AMENT_PREFIX_PATH=/home/emzx/ros2_ws/install/pacote_teste:/home/emzx/ros2_ws/install/turtlesim_catch_them_all:/home/emzx/ros2_ws/install/my_robot_bringup:/home/emzx/ros2_ws/install/my_robot_interfaces:/home/emzx/ros2_ws/install/bumperbot_utils:/home/emzx/ros2_ws/install/bumperbot_py:/home/emzx/ros2_ws/install/bumperbot_localization:/home/emzx/ros2_ws/install/bumperbot_description:/home/emzx/ros2_ws/install/bumperbot_controller:/opt/ros/jazzy CMAKE_PREFIX_PATH=/home/emzx/ros2_ws/install/my_robot_interfaces:/home/emzx/ros2_ws/install/my_robot_bringup:/home/emzx/ros2_ws/install/bumperbot_localization:/home/emzx/ros2_ws/install/bumperbot_description:/home/emzx/ros2_ws/install/bumperbot_controller:/opt/ros/jazzy/opt/gz_sim_vendor:/opt/ros/jazzy/opt/gz_sensors_vendor:/opt/ros/jazzy/opt/gz_physics_vendor:/opt/ros/jazzy/opt/sdformat_vendor:/opt/ros/jazzy/opt/gz_gui_vendor:/opt/ros/jazzy/opt/gz_transport_vendor:/opt/ros/jazzy/opt/gz_rendering_vendor:/opt/ros/jazzy/opt/gz_plugin_vendor:/opt/ros/jazzy/opt/gz_fuel_tools_vendor:/opt/ros/jazzy/opt/gz_msgs_vendor:/opt/ros/jazzy/opt/gz_common_vendor:/opt/ros/jazzy/opt/gz_math_vendor:/opt/ros/jazzy/opt/gz_utils_vendor:/opt/ros/jazzy/opt/gz_tools_vendor:/opt/ros/jazzy/opt/gz_ogre_next_vendor:/opt/ros/jazzy/opt/gz_dartsim_vendor:/opt/ros/jazzy/opt/gz_cmake_vendor:/home/emzx/ros2_ws/install/turtlesim_catch_them_all:/home/emzx/ros2_ws/install/pacote_teste:/home/emzx/ros2_ws/install/bumperbot_utils:/home/emzx/ros2_ws/install/bumperbot_py:/opt/ros/jazzy DEBUGINFOD_URLS=https://debuginfod.ubuntu.com PYTHONPATH=/home/emzx/ros2_ws/install/pacote_teste/lib/python3.12/site-packages:/home/emzx/ros2_ws/install/my_robot_interfaces/lib/python3.12/site-packages:/home/emzx/ros2_ws/install/turtlesim_catch_them_all/lib/python3.12/site-packages:/home/emzx/ros2_ws/install/bumperbot_utils/lib/python3.12/site-packages:/home/emzx/ros2_ws/install/bumperbot_py/lib/python3.12/site-packages:/home/emzx/ros2_ws/install/bumperbot_localization/lib/python3.12/site-packages:/home/emzx/ros2_ws/install/bumperbot_controller/lib/python3.12/site-packages:/opt/ros/jazzy/lib/python3.12/site-packages /usr/bin/cmake --install /home/emzx/ros2_ws/build/my_robot_bringup
[2.990s] Level 1:colcon.colcon_core.environment:create_environment_scripts_only(my_robot_bringup)
[2.990s] Level 1:colcon.colcon_core.environment:checking '/home/emzx/ros2_ws/install/my_robot_bringup' for CMake module files
[2.991s] DEBUG:colcon.colcon_core.event_handler.log_command:Invoked command in '/home/emzx/ros2_ws/build/my_robot_bringup' returned '0': AMENT_PREFIX_PATH=/home/emzx/ros2_ws/install/pacote_teste:/home/emzx/ros2_ws/install/turtlesim_catch_them_all:/home/emzx/ros2_ws/install/my_robot_bringup:/home/emzx/ros2_ws/install/my_robot_interfaces:/home/emzx/ros2_ws/install/bumperbot_utils:/home/emzx/ros2_ws/install/bumperbot_py:/home/emzx/ros2_ws/install/bumperbot_localization:/home/emzx/ros2_ws/install/bumperbot_description:/home/emzx/ros2_ws/install/bumperbot_controller:/opt/ros/jazzy CMAKE_PREFIX_PATH=/home/emzx/ros2_ws/install/my_robot_interfaces:/home/emzx/ros2_ws/install/my_robot_bringup:/home/emzx/ros2_ws/install/bumperbot_localization:/home/emzx/ros2_ws/install/bumperbot_description:/home/emzx/ros2_ws/install/bumperbot_controller:/opt/ros/jazzy/opt/gz_sim_vendor:/opt/ros/jazzy/opt/gz_sensors_vendor:/opt/ros/jazzy/opt/gz_physics_vendor:/opt/ros/jazzy/opt/sdformat_vendor:/opt/ros/jazzy/opt/gz_gui_vendor:/opt/ros/jazzy/opt/gz_transport_vendor:/opt/ros/jazzy/opt/gz_rendering_vendor:/opt/ros/jazzy/opt/gz_plugin_vendor:/opt/ros/jazzy/opt/gz_fuel_tools_vendor:/opt/ros/jazzy/opt/gz_msgs_vendor:/opt/ros/jazzy/opt/gz_common_vendor:/opt/ros/jazzy/opt/gz_math_vendor:/opt/ros/jazzy/opt/gz_utils_vendor:/opt/ros/jazzy/opt/gz_tools_vendor:/opt/ros/jazzy/opt/gz_ogre_next_vendor:/opt/ros/jazzy/opt/gz_dartsim_vendor:/opt/ros/jazzy/opt/gz_cmake_vendor:/home/emzx/ros2_ws/install/turtlesim_catch_them_all:/home/emzx/ros2_ws/install/pacote_teste:/home/emzx/ros2_ws/install/bumperbot_utils:/home/emzx/ros2_ws/install/bumperbot_py:/opt/ros/jazzy DEBUGINFOD_URLS=https://debuginfod.ubuntu.com PYTHONPATH=/home/emzx/ros2_ws/install/pacote_teste/lib/python3.12/site-packages:/home/emzx/ros2_ws/install/my_robot_interfaces/lib/python3.12/site-packages:/home/emzx/ros2_ws/install/turtlesim_catch_them_all/lib/python3.12/site-packages:/home/emzx/ros2_ws/install/bumperbot_utils/lib/python3.12/site-packages:/home/emzx/ros2_ws/install/bumperbot_py/lib/python3.12/site-packages:/home/emzx/ros2_ws/install/bumperbot_localization/lib/python3.12/site-packages:/home/emzx/ros2_ws/install/bumperbot_controller/lib/python3.12/site-packages:/opt/ros/jazzy/lib/python3.12/site-packages /usr/bin/cmake --install /home/emzx/ros2_ws/build/my_robot_bringup
[2.992s] Level 1:colcon.colcon_core.environment:checking '/home/emzx/ros2_ws/install/my_robot_bringup' for CMake config files
[2.992s] Level 1:colcon.colcon_core.shell:create_environment_hook('my_robot_bringup', 'cmake_prefix_path')
[2.992s] INFO:colcon.colcon_core.shell:Creating environment hook '/home/emzx/ros2_ws/install/my_robot_bringup/share/my_robot_bringup/hook/cmake_prefix_path.ps1'
[2.993s] INFO:colcon.colcon_core.shell:Creating environment descriptor '/home/emzx/ros2_ws/install/my_robot_bringup/share/my_robot_bringup/hook/cmake_prefix_path.dsv'
[2.994s] INFO:colcon.colcon_core.shell:Creating environment hook '/home/emzx/ros2_ws/install/my_robot_bringup/share/my_robot_bringup/hook/cmake_prefix_path.sh'
[2.995s] Level 1:colcon.colcon_core.environment:checking '/home/emzx/ros2_ws/install/my_robot_bringup/bin'
[2.995s] Level 1:colcon.colcon_core.environment:checking '/home/emzx/ros2_ws/install/my_robot_bringup/lib/pkgconfig/my_robot_bringup.pc'
[2.996s] Level 1:colcon.colcon_core.environment:checking '/home/emzx/ros2_ws/install/my_robot_bringup/lib/python3.12/site-packages'
[2.996s] Level 1:colcon.colcon_core.environment:checking '/home/emzx/ros2_ws/install/my_robot_bringup/bin'
[2.996s] INFO:colcon.colcon_core.shell:Creating package script '/home/emzx/ros2_ws/install/my_robot_bringup/share/my_robot_bringup/package.ps1'
[2.997s] INFO:colcon.colcon_core.shell:Creating package descriptor '/home/emzx/ros2_ws/install/my_robot_bringup/share/my_robot_bringup/package.dsv'
[2.998s] INFO:colcon.colcon_core.shell:Creating package script '/home/emzx/ros2_ws/install/my_robot_bringup/share/my_robot_bringup/package.sh'
[2.998s] INFO:colcon.colcon_core.shell:Creating package script '/home/emzx/ros2_ws/install/my_robot_bringup/share/my_robot_bringup/package.bash'
[2.999s] INFO:colcon.colcon_core.shell:Creating package script '/home/emzx/ros2_ws/install/my_robot_bringup/share/my_robot_bringup/package.zsh'
[2.999s] Level 1:colcon.colcon_core.environment:create_file_with_runtime_dependencies(/home/emzx/ros2_ws/install/my_robot_bringup/share/colcon-core/packages/my_robot_bringup)
[3.000s] Level 1:colcon.colcon_core.environment:create_environment_scripts_only(my_robot_bringup)
[3.000s] Level 1:colcon.colcon_core.environment:checking '/home/emzx/ros2_ws/install/my_robot_bringup' for CMake module files
[3.001s] Level 1:colcon.colcon_core.environment:checking '/home/emzx/ros2_ws/install/my_robot_bringup' for CMake config files
[3.002s] Level 1:colcon.colcon_core.shell:create_environment_hook('my_robot_bringup', 'cmake_prefix_path')
[3.002s] INFO:colcon.colcon_core.shell:Creating environment hook '/home/emzx/ros2_ws/install/my_robot_bringup/share/my_robot_bringup/hook/cmake_prefix_path.ps1'
[3.002s] INFO:colcon.colcon_core.shell:Creating environment descriptor '/home/emzx/ros2_ws/install/my_robot_bringup/share/my_robot_bringup/hook/cmake_prefix_path.dsv'
[3.003s] INFO:colcon.colcon_core.shell:Creating environment hook '/home/emzx/ros2_ws/install/my_robot_bringup/share/my_robot_bringup/hook/cmake_prefix_path.sh'
[3.004s] Level 1:colcon.colcon_core.environment:checking '/home/emzx/ros2_ws/install/my_robot_bringup/bin'
[3.004s] Level 1:colcon.colcon_core.environment:checking '/home/emzx/ros2_ws/install/my_robot_bringup/lib/pkgconfig/my_robot_bringup.pc'
[3.004s] Level 1:colcon.colcon_core.environment:checking '/home/emzx/ros2_ws/install/my_robot_bringup/lib/python3.12/site-packages'
[3.005s] Level 1:colcon.colcon_core.environment:checking '/home/emzx/ros2_ws/install/my_robot_bringup/bin'
[3.005s] INFO:colcon.colcon_core.shell:Creating package script '/home/emzx/ros2_ws/install/my_robot_bringup/share/my_robot_bringup/package.ps1'
[3.006s] INFO:colcon.colcon_core.shell:Creating package descriptor '/home/emzx/ros2_ws/install/my_robot_bringup/share/my_robot_bringup/package.dsv'
[3.007s] INFO:colcon.colcon_core.shell:Creating package script '/home/emzx/ros2_ws/install/my_robot_bringup/share/my_robot_bringup/package.sh'
[3.007s] INFO:colcon.colcon_core.shell:Creating package script '/home/emzx/ros2_ws/install/my_robot_bringup/share/my_robot_bringup/package.bash'
[3.008s] INFO:colcon.colcon_core.shell:Creating package script '/home/emzx/ros2_ws/install/my_robot_bringup/share/my_robot_bringup/package.zsh'
[3.009s] Level 1:colcon.colcon_core.environment:create_file_with_runtime_dependencies(/home/emzx/ros2_ws/install/my_robot_bringup/share/colcon-core/packages/my_robot_bringup)
[3.009s] DEBUG:colcon.colcon_parallel_executor.executor.parallel:closing loop
[3.009s] DEBUG:colcon.colcon_parallel_executor.executor.parallel:loop closed
[3.009s] DEBUG:colcon.colcon_parallel_executor.executor.parallel:run_until_complete finished with '0'
[3.009s] DEBUG:colcon.colcon_core.event_reactor:joining thread
[3.021s] INFO:colcon.colcon_core.plugin_system:Skipping extension 'colcon_notification.desktop_notification.terminal_notifier': Not used on non-Darwin systems
[3.021s] INFO:colcon.colcon_core.plugin_system:Skipping extension 'colcon_notification.desktop_notification.win32': Not used on non-Windows systems
[3.021s] INFO:colcon.colcon_notification.desktop_notification:Sending desktop notification using 'notify2'
[3.061s] DEBUG:colcon.colcon_core.event_reactor:joined thread
[3.062s] INFO:colcon.colcon_core.shell:Creating prefix script '/home/emzx/ros2_ws/install/local_setup.ps1'
[3.064s] INFO:colcon.colcon_core.shell:Creating prefix util module '/home/emzx/ros2_ws/install/_local_setup_util_ps1.py'
[3.066s] INFO:colcon.colcon_core.shell:Creating prefix chain script '/home/emzx/ros2_ws/install/setup.ps1'
[3.068s] INFO:colcon.colcon_core.shell:Creating prefix script '/home/emzx/ros2_ws/install/local_setup.sh'
[3.070s] INFO:colcon.colcon_core.shell:Creating prefix util module '/home/emzx/ros2_ws/install/_local_setup_util_sh.py'
[3.071s] INFO:colcon.colcon_core.shell:Creating prefix chain script '/home/emzx/ros2_ws/install/setup.sh'
[3.073s] INFO:colcon.colcon_core.shell:Creating prefix script '/home/emzx/ros2_ws/install/local_setup.bash'
[3.075s] INFO:colcon.colcon_core.shell:Creating prefix chain script '/home/emzx/ros2_ws/install/setup.bash'
[3.078s] INFO:colcon.colcon_core.shell:Creating prefix script '/home/emzx/ros2_ws/install/local_setup.zsh'
[3.079s] INFO:colcon.colcon_core.shell:Creating prefix chain script '/home/emzx/ros2_ws/install/setup.zsh'
