[0.070s] DEBUG:colcon:Command line arguments: ['/usr/bin/colcon', 'build']
[0.070s] DEBUG:colcon:Parsed command line arguments: Namespace(log_base=None, log_level=None, verb_name='build', build_base='build', install_base='install', merge_install=False, symlink_install=False, test_result_base=None, continue_on_error=False, executor='parallel', parallel_workers=8, event_handlers=None, ignore_user_meta=False, metas=['./colcon.meta'], base_paths=['.'], packages_ignore=None, packages_ignore_regex=None, paths=None, packages_up_to=None, packages_up_to_regex=None, packages_above=None, packages_above_and_dependencies=None, packages_above_depth=None, packages_select_by_dep=None, packages_skip_by_dep=None, packages_skip_up_to=None, packages_select_build_failed=False, packages_skip_build_finished=False, packages_select_test_failures=False, packages_skip_test_passed=False, packages_select=None, packages_skip=None, packages_select_regex=None, packages_skip_regex=None, packages_start=None, packages_end=None, allow_overriding=[], cmake_args=None, cmake_target=None, cmake_target_skip_unavailable=False, cmake_clean_cache=False, cmake_clean_first=False, cmake_force_configure=False, ament_cmake_args=None, catkin_cmake_args=None, catkin_skip_building_tests=False, mixin_files=None, mixin=None, verb_parser=<colcon_mixin.mixin.mixin_argument.MixinArgumentDecorator object at 0x78be0dba2720>, verb_extension=<colcon_core.verb.build.BuildVerb object at 0x78be0dabacc0>, main=<bound method BuildVerb.main of <colcon_core.verb.build.BuildVerb object at 0x78be0dabacc0>>, mixin_verb=('build',))
[0.094s] Level 1:colcon.colcon_core.package_discovery:discover_packages(colcon_meta) check parameters
[0.095s] Level 1:colcon.colcon_core.package_discovery:discover_packages(recursive) check parameters
[0.095s] Level 1:colcon.colcon_core.package_discovery:discover_packages(ignore) check parameters
[0.095s] Level 1:colcon.colcon_core.package_discovery:discover_packages(path) check parameters
[0.095s] Level 1:colcon.colcon_core.package_discovery:discover_packages(colcon_meta) discover
[0.095s] Level 1:colcon.colcon_core.package_discovery:discover_packages(recursive) discover
[0.095s] INFO:colcon.colcon_core.package_discovery:Crawling recursively for packages in '/home/emzx/ros2_ws'
[0.095s] Level 1:colcon.colcon_core.package_identification:_identify(.) by extensions ['ignore', 'ignore_ament_install']
[0.095s] Level 1:colcon.colcon_core.package_identification:_identify(.) by extension 'ignore'
[0.095s] Level 1:colcon.colcon_core.package_identification:_identify(.) by extension 'ignore_ament_install'
[0.095s] Level 1:colcon.colcon_core.package_identification:_identify(.) by extensions ['colcon_pkg']
[0.095s] Level 1:colcon.colcon_core.package_identification:_identify(.) by extension 'colcon_pkg'
[0.095s] Level 1:colcon.colcon_core.package_identification:_identify(.) by extensions ['colcon_meta']
[0.095s] Level 1:colcon.colcon_core.package_identification:_identify(.) by extension 'colcon_meta'
[0.095s] Level 1:colcon.colcon_core.package_identification:_identify(.) by extensions ['ros']
[0.095s] Level 1:colcon.colcon_core.package_identification:_identify(.) by extension 'ros'
[0.113s] Level 1:colcon.colcon_core.package_identification:_identify(.) by extensions ['cmake', 'python']
[0.113s] Level 1:colcon.colcon_core.package_identification:_identify(.) by extension 'cmake'
[0.113s] Level 1:colcon.colcon_core.package_identification:_identify(.) by extension 'python'
[0.113s] Level 1:colcon.colcon_core.package_identification:_identify(.) by extensions ['python_setup_py']
[0.113s] Level 1:colcon.colcon_core.package_identification:_identify(.) by extension 'python_setup_py'
[0.113s] Level 1:colcon.colcon_core.package_identification:_identify(build) by extensions ['ignore', 'ignore_ament_install']
[0.113s] Level 1:colcon.colcon_core.package_identification:_identify(build) by extension 'ignore'
[0.113s] Level 1:colcon.colcon_core.package_identification:_identify(build) ignored
[0.113s] Level 1:colcon.colcon_core.package_identification:_identify(install) by extensions ['ignore', 'ignore_ament_install']
[0.113s] Level 1:colcon.colcon_core.package_identification:_identify(install) by extension 'ignore'
[0.113s] Level 1:colcon.colcon_core.package_identification:_identify(install) ignored
[0.113s] Level 1:colcon.colcon_core.package_identification:_identify(log) by extensions ['ignore', 'ignore_ament_install']
[0.113s] Level 1:colcon.colcon_core.package_identification:_identify(log) by extension 'ignore'
[0.113s] Level 1:colcon.colcon_core.package_identification:_identify(log) ignored
[0.114s] Level 1:colcon.colcon_core.package_identification:_identify(src) by extensions ['ignore', 'ignore_ament_install']
[0.114s] Level 1:colcon.colcon_core.package_identification:_identify(src) by extension 'ignore'
[0.114s] Level 1:colcon.colcon_core.package_identification:_identify(src) by extension 'ignore_ament_install'
[0.114s] Level 1:colcon.colcon_core.package_identification:_identify(src) by extensions ['colcon_pkg']
[0.114s] Level 1:colcon.colcon_core.package_identification:_identify(src) by extension 'colcon_pkg'
[0.114s] Level 1:colcon.colcon_core.package_identification:_identify(src) by extensions ['colcon_meta']
[0.114s] Level 1:colcon.colcon_core.package_identification:_identify(src) by extension 'colcon_meta'
[0.114s] Level 1:colcon.colcon_core.package_identification:_identify(src) by extensions ['ros']
[0.114s] Level 1:colcon.colcon_core.package_identification:_identify(src) by extension 'ros'
[0.114s] Level 1:colcon.colcon_core.package_identification:_identify(src) by extensions ['cmake', 'python']
[0.114s] Level 1:colcon.colcon_core.package_identification:_identify(src) by extension 'cmake'
[0.114s] Level 1:colcon.colcon_core.package_identification:_identify(src) by extension 'python'
[0.114s] Level 1:colcon.colcon_core.package_identification:_identify(src) by extensions ['python_setup_py']
[0.114s] Level 1:colcon.colcon_core.package_identification:_identify(src) by extension 'python_setup_py'
[0.114s] Level 1:colcon.colcon_core.package_identification:_identify(src/build) by extensions ['ignore', 'ignore_ament_install']
[0.114s] Level 1:colcon.colcon_core.package_identification:_identify(src/build) by extension 'ignore'
[0.114s] Level 1:colcon.colcon_core.package_identification:_identify(src/build) ignored
[0.114s] Level 1:colcon.colcon_core.package_identification:_identify(src/bumperbot_bringup) by extensions ['ignore', 'ignore_ament_install']
[0.114s] Level 1:colcon.colcon_core.package_identification:_identify(src/bumperbot_bringup) by extension 'ignore'
[0.114s] Level 1:colcon.colcon_core.package_identification:_identify(src/bumperbot_bringup) by extension 'ignore_ament_install'
[0.114s] Level 1:colcon.colcon_core.package_identification:_identify(src/bumperbot_bringup) by extensions ['colcon_pkg']
[0.114s] Level 1:colcon.colcon_core.package_identification:_identify(src/bumperbot_bringup) by extension 'colcon_pkg'
[0.114s] Level 1:colcon.colcon_core.package_identification:_identify(src/bumperbot_bringup) by extensions ['colcon_meta']
[0.114s] Level 1:colcon.colcon_core.package_identification:_identify(src/bumperbot_bringup) by extension 'colcon_meta'
[0.114s] Level 1:colcon.colcon_core.package_identification:_identify(src/bumperbot_bringup) by extensions ['ros']
[0.114s] Level 1:colcon.colcon_core.package_identification:_identify(src/bumperbot_bringup) by extension 'ros'
[0.116s] DEBUG:colcon.colcon_core.package_identification:Package 'src/bumperbot_bringup' with type 'ros.ament_cmake' and name 'bumperbot_bringup'
[0.116s] Level 1:colcon.colcon_core.package_identification:_identify(src/bumperbot_controller) by extensions ['ignore', 'ignore_ament_install']
[0.116s] Level 1:colcon.colcon_core.package_identification:_identify(src/bumperbot_controller) by extension 'ignore'
[0.116s] Level 1:colcon.colcon_core.package_identification:_identify(src/bumperbot_controller) by extension 'ignore_ament_install'
[0.116s] Level 1:colcon.colcon_core.package_identification:_identify(src/bumperbot_controller) by extensions ['colcon_pkg']
[0.116s] Level 1:colcon.colcon_core.package_identification:_identify(src/bumperbot_controller) by extension 'colcon_pkg'
[0.116s] Level 1:colcon.colcon_core.package_identification:_identify(src/bumperbot_controller) by extensions ['colcon_meta']
[0.116s] Level 1:colcon.colcon_core.package_identification:_identify(src/bumperbot_controller) by extension 'colcon_meta'
[0.116s] Level 1:colcon.colcon_core.package_identification:_identify(src/bumperbot_controller) by extensions ['ros']
[0.116s] Level 1:colcon.colcon_core.package_identification:_identify(src/bumperbot_controller) by extension 'ros'
[0.117s] DEBUG:colcon.colcon_core.package_identification:Package 'src/bumperbot_controller' with type 'ros.ament_cmake' and name 'bumperbot_controller'
[0.117s] Level 1:colcon.colcon_core.package_identification:_identify(src/bumperbot_description) by extensions ['ignore', 'ignore_ament_install']
[0.117s] Level 1:colcon.colcon_core.package_identification:_identify(src/bumperbot_description) by extension 'ignore'
[0.117s] Level 1:colcon.colcon_core.package_identification:_identify(src/bumperbot_description) by extension 'ignore_ament_install'
[0.117s] Level 1:colcon.colcon_core.package_identification:_identify(src/bumperbot_description) by extensions ['colcon_pkg']
[0.117s] Level 1:colcon.colcon_core.package_identification:_identify(src/bumperbot_description) by extension 'colcon_pkg'
[0.117s] Level 1:colcon.colcon_core.package_identification:_identify(src/bumperbot_description) by extensions ['colcon_meta']
[0.117s] Level 1:colcon.colcon_core.package_identification:_identify(src/bumperbot_description) by extension 'colcon_meta'
[0.117s] Level 1:colcon.colcon_core.package_identification:_identify(src/bumperbot_description) by extensions ['ros']
[0.117s] Level 1:colcon.colcon_core.package_identification:_identify(src/bumperbot_description) by extension 'ros'
[0.119s] DEBUG:colcon.colcon_core.package_identification:Package 'src/bumperbot_description' with type 'ros.ament_cmake' and name 'bumperbot_description'
[0.119s] Level 1:colcon.colcon_core.package_identification:_identify(src/bumperbot_localization) by extensions ['ignore', 'ignore_ament_install']
[0.120s] Level 1:colcon.colcon_core.package_identification:_identify(src/bumperbot_localization) by extension 'ignore'
[0.120s] Level 1:colcon.colcon_core.package_identification:_identify(src/bumperbot_localization) by extension 'ignore_ament_install'
[0.120s] Level 1:colcon.colcon_core.package_identification:_identify(src/bumperbot_localization) by extensions ['colcon_pkg']
[0.120s] Level 1:colcon.colcon_core.package_identification:_identify(src/bumperbot_localization) by extension 'colcon_pkg'
[0.120s] Level 1:colcon.colcon_core.package_identification:_identify(src/bumperbot_localization) by extensions ['colcon_meta']
[0.120s] Level 1:colcon.colcon_core.package_identification:_identify(src/bumperbot_localization) by extension 'colcon_meta'
[0.120s] Level 1:colcon.colcon_core.package_identification:_identify(src/bumperbot_localization) by extensions ['ros']
[0.120s] Level 1:colcon.colcon_core.package_identification:_identify(src/bumperbot_localization) by extension 'ros'
[0.120s] DEBUG:colcon.colcon_core.package_identification:Package 'src/bumperbot_localization' with type 'ros.ament_cmake' and name 'bumperbot_localization'
[0.120s] Level 1:colcon.colcon_core.package_identification:_identify(src/bumperbot_mapping) by extensions ['ignore', 'ignore_ament_install']
[0.120s] Level 1:colcon.colcon_core.package_identification:_identify(src/bumperbot_mapping) by extension 'ignore'
[0.120s] Level 1:colcon.colcon_core.package_identification:_identify(src/bumperbot_mapping) by extension 'ignore_ament_install'
[0.120s] Level 1:colcon.colcon_core.package_identification:_identify(src/bumperbot_mapping) by extensions ['colcon_pkg']
[0.120s] Level 1:colcon.colcon_core.package_identification:_identify(src/bumperbot_mapping) by extension 'colcon_pkg'
[0.120s] Level 1:colcon.colcon_core.package_identification:_identify(src/bumperbot_mapping) by extensions ['colcon_meta']
[0.120s] Level 1:colcon.colcon_core.package_identification:_identify(src/bumperbot_mapping) by extension 'colcon_meta'
[0.120s] Level 1:colcon.colcon_core.package_identification:_identify(src/bumperbot_mapping) by extensions ['ros']
[0.120s] Level 1:colcon.colcon_core.package_identification:_identify(src/bumperbot_mapping) by extension 'ros'
[0.121s] DEBUG:colcon.colcon_core.package_identification:Package 'src/bumperbot_mapping' with type 'ros.ament_cmake' and name 'bumperbot_mapping'
[0.121s] Level 1:colcon.colcon_core.package_identification:_identify(src/bumperbot_py) by extensions ['ignore', 'ignore_ament_install']
[0.121s] Level 1:colcon.colcon_core.package_identification:_identify(src/bumperbot_py) by extension 'ignore'
[0.121s] Level 1:colcon.colcon_core.package_identification:_identify(src/bumperbot_py) by extension 'ignore_ament_install'
[0.121s] Level 1:colcon.colcon_core.package_identification:_identify(src/bumperbot_py) by extensions ['colcon_pkg']
[0.121s] Level 1:colcon.colcon_core.package_identification:_identify(src/bumperbot_py) by extension 'colcon_pkg'
[0.121s] Level 1:colcon.colcon_core.package_identification:_identify(src/bumperbot_py) by extensions ['colcon_meta']
[0.121s] Level 1:colcon.colcon_core.package_identification:_identify(src/bumperbot_py) by extension 'colcon_meta'
[0.121s] Level 1:colcon.colcon_core.package_identification:_identify(src/bumperbot_py) by extensions ['ros']
[0.121s] Level 1:colcon.colcon_core.package_identification:_identify(src/bumperbot_py) by extension 'ros'
[0.121s] DEBUG:colcon.colcon_core.package_identification:Package 'src/bumperbot_py' with type 'ros.ament_python' and name 'bumperbot_py'
[0.122s] Level 1:colcon.colcon_core.package_identification:_identify(src/bumperbot_utils) by extensions ['ignore', 'ignore_ament_install']
[0.122s] Level 1:colcon.colcon_core.package_identification:_identify(src/bumperbot_utils) by extension 'ignore'
[0.122s] Level 1:colcon.colcon_core.package_identification:_identify(src/bumperbot_utils) by extension 'ignore_ament_install'
[0.122s] Level 1:colcon.colcon_core.package_identification:_identify(src/bumperbot_utils) by extensions ['colcon_pkg']
[0.122s] Level 1:colcon.colcon_core.package_identification:_identify(src/bumperbot_utils) by extension 'colcon_pkg'
[0.122s] Level 1:colcon.colcon_core.package_identification:_identify(src/bumperbot_utils) by extensions ['colcon_meta']
[0.122s] Level 1:colcon.colcon_core.package_identification:_identify(src/bumperbot_utils) by extension 'colcon_meta'
[0.122s] Level 1:colcon.colcon_core.package_identification:_identify(src/bumperbot_utils) by extensions ['ros']
[0.122s] Level 1:colcon.colcon_core.package_identification:_identify(src/bumperbot_utils) by extension 'ros'
[0.122s] DEBUG:colcon.colcon_core.package_identification:Package 'src/bumperbot_utils' with type 'ros.ament_python' and name 'bumperbot_utils'
[0.122s] Level 1:colcon.colcon_core.package_identification:_identify(src/install) by extensions ['ignore', 'ignore_ament_install']
[0.122s] Level 1:colcon.colcon_core.package_identification:_identify(src/install) by extension 'ignore'
[0.122s] Level 1:colcon.colcon_core.package_identification:_identify(src/install) ignored
[0.122s] Level 1:colcon.colcon_core.package_identification:_identify(src/log) by extensions ['ignore', 'ignore_ament_install']
[0.122s] Level 1:colcon.colcon_core.package_identification:_identify(src/log) by extension 'ignore'
[0.122s] Level 1:colcon.colcon_core.package_identification:_identify(src/log) ignored
[0.122s] Level 1:colcon.colcon_core.package_identification:_identify(src/my_robot_bringup) by extensions ['ignore', 'ignore_ament_install']
[0.123s] Level 1:colcon.colcon_core.package_identification:_identify(src/my_robot_bringup) by extension 'ignore'
[0.123s] Level 1:colcon.colcon_core.package_identification:_identify(src/my_robot_bringup) by extension 'ignore_ament_install'
[0.123s] Level 1:colcon.colcon_core.package_identification:_identify(src/my_robot_bringup) by extensions ['colcon_pkg']
[0.123s] Level 1:colcon.colcon_core.package_identification:_identify(src/my_robot_bringup) by extension 'colcon_pkg'
[0.123s] Level 1:colcon.colcon_core.package_identification:_identify(src/my_robot_bringup) by extensions ['colcon_meta']
[0.123s] Level 1:colcon.colcon_core.package_identification:_identify(src/my_robot_bringup) by extension 'colcon_meta'
[0.123s] Level 1:colcon.colcon_core.package_identification:_identify(src/my_robot_bringup) by extensions ['ros']
[0.123s] Level 1:colcon.colcon_core.package_identification:_identify(src/my_robot_bringup) by extension 'ros'
[0.123s] DEBUG:colcon.colcon_core.package_identification:Package 'src/my_robot_bringup' with type 'ros.ament_cmake' and name 'my_robot_bringup'
[0.123s] Level 1:colcon.colcon_core.package_identification:_identify(src/my_robot_interfaces) by extensions ['ignore', 'ignore_ament_install']
[0.123s] Level 1:colcon.colcon_core.package_identification:_identify(src/my_robot_interfaces) by extension 'ignore'
[0.123s] Level 1:colcon.colcon_core.package_identification:_identify(src/my_robot_interfaces) by extension 'ignore_ament_install'
[0.123s] Level 1:colcon.colcon_core.package_identification:_identify(src/my_robot_interfaces) by extensions ['colcon_pkg']
[0.123s] Level 1:colcon.colcon_core.package_identification:_identify(src/my_robot_interfaces) by extension 'colcon_pkg'
[0.123s] Level 1:colcon.colcon_core.package_identification:_identify(src/my_robot_interfaces) by extensions ['colcon_meta']
[0.123s] Level 1:colcon.colcon_core.package_identification:_identify(src/my_robot_interfaces) by extension 'colcon_meta'
[0.123s] Level 1:colcon.colcon_core.package_identification:_identify(src/my_robot_interfaces) by extensions ['ros']
[0.123s] Level 1:colcon.colcon_core.package_identification:_identify(src/my_robot_interfaces) by extension 'ros'
[0.124s] DEBUG:colcon.colcon_core.package_identification:Package 'src/my_robot_interfaces' with type 'ros.ament_cmake' and name 'my_robot_interfaces'
[0.124s] Level 1:colcon.colcon_core.package_identification:_identify(src/pacote_teste) by extensions ['ignore', 'ignore_ament_install']
[0.124s] Level 1:colcon.colcon_core.package_identification:_identify(src/pacote_teste) by extension 'ignore'
[0.124s] Level 1:colcon.colcon_core.package_identification:_identify(src/pacote_teste) by extension 'ignore_ament_install'
[0.124s] Level 1:colcon.colcon_core.package_identification:_identify(src/pacote_teste) by extensions ['colcon_pkg']
[0.124s] Level 1:colcon.colcon_core.package_identification:_identify(src/pacote_teste) by extension 'colcon_pkg'
[0.124s] Level 1:colcon.colcon_core.package_identification:_identify(src/pacote_teste) by extensions ['colcon_meta']
[0.124s] Level 1:colcon.colcon_core.package_identification:_identify(src/pacote_teste) by extension 'colcon_meta'
[0.124s] Level 1:colcon.colcon_core.package_identification:_identify(src/pacote_teste) by extensions ['ros']
[0.124s] Level 1:colcon.colcon_core.package_identification:_identify(src/pacote_teste) by extension 'ros'
[0.124s] DEBUG:colcon.colcon_core.package_identification:Package 'src/pacote_teste' with type 'ros.ament_python' and name 'pacote_teste'
[0.124s] Level 1:colcon.colcon_core.package_identification:_identify(src/turtlesim_catch_them_all) by extensions ['ignore', 'ignore_ament_install']
[0.124s] Level 1:colcon.colcon_core.package_identification:_identify(src/turtlesim_catch_them_all) by extension 'ignore'
[0.124s] Level 1:colcon.colcon_core.package_identification:_identify(src/turtlesim_catch_them_all) by extension 'ignore_ament_install'
[0.124s] Level 1:colcon.colcon_core.package_identification:_identify(src/turtlesim_catch_them_all) by extensions ['colcon_pkg']
[0.124s] Level 1:colcon.colcon_core.package_identification:_identify(src/turtlesim_catch_them_all) by extension 'colcon_pkg'
[0.124s] Level 1:colcon.colcon_core.package_identification:_identify(src/turtlesim_catch_them_all) by extensions ['colcon_meta']
[0.124s] Level 1:colcon.colcon_core.package_identification:_identify(src/turtlesim_catch_them_all) by extension 'colcon_meta'
[0.124s] Level 1:colcon.colcon_core.package_identification:_identify(src/turtlesim_catch_them_all) by extensions ['ros']
[0.124s] Level 1:colcon.colcon_core.package_identification:_identify(src/turtlesim_catch_them_all) by extension 'ros'
[0.125s] DEBUG:colcon.colcon_core.package_identification:Package 'src/turtlesim_catch_them_all' with type 'ros.ament_python' and name 'turtlesim_catch_them_all'
[0.125s] Level 1:colcon.colcon_core.package_discovery:discover_packages(recursive) using defaults
[0.125s] Level 1:colcon.colcon_core.package_discovery:discover_packages(ignore) discover
[0.125s] Level 1:colcon.colcon_core.package_discovery:discover_packages(ignore) using defaults
[0.125s] Level 1:colcon.colcon_core.package_discovery:discover_packages(path) discover
[0.125s] Level 1:colcon.colcon_core.package_discovery:discover_packages(path) using defaults
[0.138s] Level 1:colcon.colcon_core.package_discovery:discover_packages(prefix_path) check parameters
[0.138s] Level 1:colcon.colcon_core.package_discovery:discover_packages(prefix_path) discover
[0.140s] DEBUG:colcon.colcon_installed_package_information.package_discovery:Found 11 installed packages in /home/emzx/ros2_ws/install
[0.141s] DEBUG:colcon.colcon_installed_package_information.package_discovery:Found 452 installed packages in /opt/ros/jazzy
[0.142s] Level 1:colcon.colcon_core.package_discovery:discover_packages(prefix_path) using defaults
[0.188s] Level 5:colcon.colcon_core.verb:set package 'bumperbot_bringup' build argument 'cmake_args' from command line to 'None'
[0.188s] Level 5:colcon.colcon_core.verb:set package 'bumperbot_bringup' build argument 'cmake_target' from command line to 'None'
[0.188s] Level 5:colcon.colcon_core.verb:set package 'bumperbot_bringup' build argument 'cmake_target_skip_unavailable' from command line to 'False'
[0.188s] Level 5:colcon.colcon_core.verb:set package 'bumperbot_bringup' build argument 'cmake_clean_cache' from command line to 'False'
[0.188s] Level 5:colcon.colcon_core.verb:set package 'bumperbot_bringup' build argument 'cmake_clean_first' from command line to 'False'
[0.188s] Level 5:colcon.colcon_core.verb:set package 'bumperbot_bringup' build argument 'cmake_force_configure' from command line to 'False'
[0.188s] Level 5:colcon.colcon_core.verb:set package 'bumperbot_bringup' build argument 'ament_cmake_args' from command line to 'None'
[0.188s] Level 5:colcon.colcon_core.verb:set package 'bumperbot_bringup' build argument 'catkin_cmake_args' from command line to 'None'
[0.188s] Level 5:colcon.colcon_core.verb:set package 'bumperbot_bringup' build argument 'catkin_skip_building_tests' from command line to 'False'
[0.188s] DEBUG:colcon.colcon_core.verb:Building package 'bumperbot_bringup' with the following arguments: {'ament_cmake_args': None, 'build_base': '/home/emzx/ros2_ws/build/bumperbot_bringup', 'catkin_cmake_args': None, 'catkin_skip_building_tests': False, 'cmake_args': None, 'cmake_clean_cache': False, 'cmake_clean_first': False, 'cmake_force_configure': False, 'cmake_target': None, 'cmake_target_skip_unavailable': False, 'install_base': '/home/emzx/ros2_ws/install/bumperbot_bringup', 'merge_install': False, 'path': '/home/emzx/ros2_ws/src/bumperbot_bringup', 'symlink_install': False, 'test_result_base': None}
[0.188s] Level 5:colcon.colcon_core.verb:set package 'bumperbot_controller' build argument 'cmake_args' from command line to 'None'
[0.188s] Level 5:colcon.colcon_core.verb:set package 'bumperbot_controller' build argument 'cmake_target' from command line to 'None'
[0.188s] Level 5:colcon.colcon_core.verb:set package 'bumperbot_controller' build argument 'cmake_target_skip_unavailable' from command line to 'False'
[0.188s] Level 5:colcon.colcon_core.verb:set package 'bumperbot_controller' build argument 'cmake_clean_cache' from command line to 'False'
[0.188s] Level 5:colcon.colcon_core.verb:set package 'bumperbot_controller' build argument 'cmake_clean_first' from command line to 'False'
[0.188s] Level 5:colcon.colcon_core.verb:set package 'bumperbot_controller' build argument 'cmake_force_configure' from command line to 'False'
[0.188s] Level 5:colcon.colcon_core.verb:set package 'bumperbot_controller' build argument 'ament_cmake_args' from command line to 'None'
[0.188s] Level 5:colcon.colcon_core.verb:set package 'bumperbot_controller' build argument 'catkin_cmake_args' from command line to 'None'
[0.188s] Level 5:colcon.colcon_core.verb:set package 'bumperbot_controller' build argument 'catkin_skip_building_tests' from command line to 'False'
[0.188s] DEBUG:colcon.colcon_core.verb:Building package 'bumperbot_controller' with the following arguments: {'ament_cmake_args': None, 'build_base': '/home/emzx/ros2_ws/build/bumperbot_controller', 'catkin_cmake_args': None, 'catkin_skip_building_tests': False, 'cmake_args': None, 'cmake_clean_cache': False, 'cmake_clean_first': False, 'cmake_force_configure': False, 'cmake_target': None, 'cmake_target_skip_unavailable': False, 'install_base': '/home/emzx/ros2_ws/install/bumperbot_controller', 'merge_install': False, 'path': '/home/emzx/ros2_ws/src/bumperbot_controller', 'symlink_install': False, 'test_result_base': None}
[0.188s] Level 5:colcon.colcon_core.verb:set package 'bumperbot_description' build argument 'cmake_args' from command line to 'None'
[0.188s] Level 5:colcon.colcon_core.verb:set package 'bumperbot_description' build argument 'cmake_target' from command line to 'None'
[0.188s] Level 5:colcon.colcon_core.verb:set package 'bumperbot_description' build argument 'cmake_target_skip_unavailable' from command line to 'False'
[0.188s] Level 5:colcon.colcon_core.verb:set package 'bumperbot_description' build argument 'cmake_clean_cache' from command line to 'False'
[0.188s] Level 5:colcon.colcon_core.verb:set package 'bumperbot_description' build argument 'cmake_clean_first' from command line to 'False'
[0.188s] Level 5:colcon.colcon_core.verb:set package 'bumperbot_description' build argument 'cmake_force_configure' from command line to 'False'
[0.188s] Level 5:colcon.colcon_core.verb:set package 'bumperbot_description' build argument 'ament_cmake_args' from command line to 'None'
[0.188s] Level 5:colcon.colcon_core.verb:set package 'bumperbot_description' build argument 'catkin_cmake_args' from command line to 'None'
[0.188s] Level 5:colcon.colcon_core.verb:set package 'bumperbot_description' build argument 'catkin_skip_building_tests' from command line to 'False'
[0.188s] DEBUG:colcon.colcon_core.verb:Building package 'bumperbot_description' with the following arguments: {'ament_cmake_args': None, 'build_base': '/home/emzx/ros2_ws/build/bumperbot_description', 'catkin_cmake_args': None, 'catkin_skip_building_tests': False, 'cmake_args': None, 'cmake_clean_cache': False, 'cmake_clean_first': False, 'cmake_force_configure': False, 'cmake_target': None, 'cmake_target_skip_unavailable': False, 'install_base': '/home/emzx/ros2_ws/install/bumperbot_description', 'merge_install': False, 'path': '/home/emzx/ros2_ws/src/bumperbot_description', 'symlink_install': False, 'test_result_base': None}
[0.189s] Level 5:colcon.colcon_core.verb:set package 'bumperbot_localization' build argument 'cmake_args' from command line to 'None'
[0.189s] Level 5:colcon.colcon_core.verb:set package 'bumperbot_localization' build argument 'cmake_target' from command line to 'None'
[0.189s] Level 5:colcon.colcon_core.verb:set package 'bumperbot_localization' build argument 'cmake_target_skip_unavailable' from command line to 'False'
[0.189s] Level 5:colcon.colcon_core.verb:set package 'bumperbot_localization' build argument 'cmake_clean_cache' from command line to 'False'
[0.189s] Level 5:colcon.colcon_core.verb:set package 'bumperbot_localization' build argument 'cmake_clean_first' from command line to 'False'
[0.189s] Level 5:colcon.colcon_core.verb:set package 'bumperbot_localization' build argument 'cmake_force_configure' from command line to 'False'
[0.189s] Level 5:colcon.colcon_core.verb:set package 'bumperbot_localization' build argument 'ament_cmake_args' from command line to 'None'
[0.189s] Level 5:colcon.colcon_core.verb:set package 'bumperbot_localization' build argument 'catkin_cmake_args' from command line to 'None'
[0.189s] Level 5:colcon.colcon_core.verb:set package 'bumperbot_localization' build argument 'catkin_skip_building_tests' from command line to 'False'
[0.189s] DEBUG:colcon.colcon_core.verb:Building package 'bumperbot_localization' with the following arguments: {'ament_cmake_args': None, 'build_base': '/home/emzx/ros2_ws/build/bumperbot_localization', 'catkin_cmake_args': None, 'catkin_skip_building_tests': False, 'cmake_args': None, 'cmake_clean_cache': False, 'cmake_clean_first': False, 'cmake_force_configure': False, 'cmake_target': None, 'cmake_target_skip_unavailable': False, 'install_base': '/home/emzx/ros2_ws/install/bumperbot_localization', 'merge_install': False, 'path': '/home/emzx/ros2_ws/src/bumperbot_localization', 'symlink_install': False, 'test_result_base': None}
[0.189s] Level 5:colcon.colcon_core.verb:set package 'bumperbot_mapping' build argument 'cmake_args' from command line to 'None'
[0.189s] Level 5:colcon.colcon_core.verb:set package 'bumperbot_mapping' build argument 'cmake_target' from command line to 'None'
[0.189s] Level 5:colcon.colcon_core.verb:set package 'bumperbot_mapping' build argument 'cmake_target_skip_unavailable' from command line to 'False'
[0.189s] Level 5:colcon.colcon_core.verb:set package 'bumperbot_mapping' build argument 'cmake_clean_cache' from command line to 'False'
[0.189s] Level 5:colcon.colcon_core.verb:set package 'bumperbot_mapping' build argument 'cmake_clean_first' from command line to 'False'
[0.189s] Level 5:colcon.colcon_core.verb:set package 'bumperbot_mapping' build argument 'cmake_force_configure' from command line to 'False'
[0.189s] Level 5:colcon.colcon_core.verb:set package 'bumperbot_mapping' build argument 'ament_cmake_args' from command line to 'None'
[0.189s] Level 5:colcon.colcon_core.verb:set package 'bumperbot_mapping' build argument 'catkin_cmake_args' from command line to 'None'
[0.189s] Level 5:colcon.colcon_core.verb:set package 'bumperbot_mapping' build argument 'catkin_skip_building_tests' from command line to 'False'
[0.189s] DEBUG:colcon.colcon_core.verb:Building package 'bumperbot_mapping' with the following arguments: {'ament_cmake_args': None, 'build_base': '/home/emzx/ros2_ws/build/bumperbot_mapping', 'catkin_cmake_args': None, 'catkin_skip_building_tests': False, 'cmake_args': None, 'cmake_clean_cache': False, 'cmake_clean_first': False, 'cmake_force_configure': False, 'cmake_target': None, 'cmake_target_skip_unavailable': False, 'install_base': '/home/emzx/ros2_ws/install/bumperbot_mapping', 'merge_install': False, 'path': '/home/emzx/ros2_ws/src/bumperbot_mapping', 'symlink_install': False, 'test_result_base': None}
[0.189s] Level 5:colcon.colcon_core.verb:set package 'bumperbot_py' build argument 'cmake_args' from command line to 'None'
[0.189s] Level 5:colcon.colcon_core.verb:set package 'bumperbot_py' build argument 'cmake_target' from command line to 'None'
[0.189s] Level 5:colcon.colcon_core.verb:set package 'bumperbot_py' build argument 'cmake_target_skip_unavailable' from command line to 'False'
[0.189s] Level 5:colcon.colcon_core.verb:set package 'bumperbot_py' build argument 'cmake_clean_cache' from command line to 'False'
[0.189s] Level 5:colcon.colcon_core.verb:set package 'bumperbot_py' build argument 'cmake_clean_first' from command line to 'False'
[0.189s] Level 5:colcon.colcon_core.verb:set package 'bumperbot_py' build argument 'cmake_force_configure' from command line to 'False'
[0.189s] Level 5:colcon.colcon_core.verb:set package 'bumperbot_py' build argument 'ament_cmake_args' from command line to 'None'
[0.189s] Level 5:colcon.colcon_core.verb:set package 'bumperbot_py' build argument 'catkin_cmake_args' from command line to 'None'
[0.189s] Level 5:colcon.colcon_core.verb:set package 'bumperbot_py' build argument 'catkin_skip_building_tests' from command line to 'False'
[0.189s] DEBUG:colcon.colcon_core.verb:Building package 'bumperbot_py' with the following arguments: {'ament_cmake_args': None, 'build_base': '/home/emzx/ros2_ws/build/bumperbot_py', 'catkin_cmake_args': None, 'catkin_skip_building_tests': False, 'cmake_args': None, 'cmake_clean_cache': False, 'cmake_clean_first': False, 'cmake_force_configure': False, 'cmake_target': None, 'cmake_target_skip_unavailable': False, 'install_base': '/home/emzx/ros2_ws/install/bumperbot_py', 'merge_install': False, 'path': '/home/emzx/ros2_ws/src/bumperbot_py', 'symlink_install': False, 'test_result_base': None}
[0.189s] Level 5:colcon.colcon_core.verb:set package 'bumperbot_utils' build argument 'cmake_args' from command line to 'None'
[0.189s] Level 5:colcon.colcon_core.verb:set package 'bumperbot_utils' build argument 'cmake_target' from command line to 'None'
[0.189s] Level 5:colcon.colcon_core.verb:set package 'bumperbot_utils' build argument 'cmake_target_skip_unavailable' from command line to 'False'
[0.189s] Level 5:colcon.colcon_core.verb:set package 'bumperbot_utils' build argument 'cmake_clean_cache' from command line to 'False'
[0.189s] Level 5:colcon.colcon_core.verb:set package 'bumperbot_utils' build argument 'cmake_clean_first' from command line to 'False'
[0.189s] Level 5:colcon.colcon_core.verb:set package 'bumperbot_utils' build argument 'cmake_force_configure' from command line to 'False'
[0.190s] Level 5:colcon.colcon_core.verb:set package 'bumperbot_utils' build argument 'ament_cmake_args' from command line to 'None'
[0.190s] Level 5:colcon.colcon_core.verb:set package 'bumperbot_utils' build argument 'catkin_cmake_args' from command line to 'None'
[0.190s] Level 5:colcon.colcon_core.verb:set package 'bumperbot_utils' build argument 'catkin_skip_building_tests' from command line to 'False'
[0.190s] DEBUG:colcon.colcon_core.verb:Building package 'bumperbot_utils' with the following arguments: {'ament_cmake_args': None, 'build_base': '/home/emzx/ros2_ws/build/bumperbot_utils', 'catkin_cmake_args': None, 'catkin_skip_building_tests': False, 'cmake_args': None, 'cmake_clean_cache': False, 'cmake_clean_first': False, 'cmake_force_configure': False, 'cmake_target': None, 'cmake_target_skip_unavailable': False, 'install_base': '/home/emzx/ros2_ws/install/bumperbot_utils', 'merge_install': False, 'path': '/home/emzx/ros2_ws/src/bumperbot_utils', 'symlink_install': False, 'test_result_base': None}
[0.190s] Level 5:colcon.colcon_core.verb:set package 'my_robot_interfaces' build argument 'cmake_args' from command line to 'None'
[0.190s] Level 5:colcon.colcon_core.verb:set package 'my_robot_interfaces' build argument 'cmake_target' from command line to 'None'
[0.190s] Level 5:colcon.colcon_core.verb:set package 'my_robot_interfaces' build argument 'cmake_target_skip_unavailable' from command line to 'False'
[0.190s] Level 5:colcon.colcon_core.verb:set package 'my_robot_interfaces' build argument 'cmake_clean_cache' from command line to 'False'
[0.190s] Level 5:colcon.colcon_core.verb:set package 'my_robot_interfaces' build argument 'cmake_clean_first' from command line to 'False'
[0.190s] Level 5:colcon.colcon_core.verb:set package 'my_robot_interfaces' build argument 'cmake_force_configure' from command line to 'False'
[0.190s] Level 5:colcon.colcon_core.verb:set package 'my_robot_interfaces' build argument 'ament_cmake_args' from command line to 'None'
[0.190s] Level 5:colcon.colcon_core.verb:set package 'my_robot_interfaces' build argument 'catkin_cmake_args' from command line to 'None'
[0.190s] Level 5:colcon.colcon_core.verb:set package 'my_robot_interfaces' build argument 'catkin_skip_building_tests' from command line to 'False'
[0.190s] DEBUG:colcon.colcon_core.verb:Building package 'my_robot_interfaces' with the following arguments: {'ament_cmake_args': None, 'build_base': '/home/emzx/ros2_ws/build/my_robot_interfaces', 'catkin_cmake_args': None, 'catkin_skip_building_tests': False, 'cmake_args': None, 'cmake_clean_cache': False, 'cmake_clean_first': False, 'cmake_force_configure': False, 'cmake_target': None, 'cmake_target_skip_unavailable': False, 'install_base': '/home/emzx/ros2_ws/install/my_robot_interfaces', 'merge_install': False, 'path': '/home/emzx/ros2_ws/src/my_robot_interfaces', 'symlink_install': False, 'test_result_base': None}
[0.190s] Level 5:colcon.colcon_core.verb:set package 'pacote_teste' build argument 'cmake_args' from command line to 'None'
[0.190s] Level 5:colcon.colcon_core.verb:set package 'pacote_teste' build argument 'cmake_target' from command line to 'None'
[0.190s] Level 5:colcon.colcon_core.verb:set package 'pacote_teste' build argument 'cmake_target_skip_unavailable' from command line to 'False'
[0.190s] Level 5:colcon.colcon_core.verb:set package 'pacote_teste' build argument 'cmake_clean_cache' from command line to 'False'
[0.190s] Level 5:colcon.colcon_core.verb:set package 'pacote_teste' build argument 'cmake_clean_first' from command line to 'False'
[0.190s] Level 5:colcon.colcon_core.verb:set package 'pacote_teste' build argument 'cmake_force_configure' from command line to 'False'
[0.190s] Level 5:colcon.colcon_core.verb:set package 'pacote_teste' build argument 'ament_cmake_args' from command line to 'None'
[0.190s] Level 5:colcon.colcon_core.verb:set package 'pacote_teste' build argument 'catkin_cmake_args' from command line to 'None'
[0.190s] Level 5:colcon.colcon_core.verb:set package 'pacote_teste' build argument 'catkin_skip_building_tests' from command line to 'False'
[0.190s] DEBUG:colcon.colcon_core.verb:Building package 'pacote_teste' with the following arguments: {'ament_cmake_args': None, 'build_base': '/home/emzx/ros2_ws/build/pacote_teste', 'catkin_cmake_args': None, 'catkin_skip_building_tests': False, 'cmake_args': None, 'cmake_clean_cache': False, 'cmake_clean_first': False, 'cmake_force_configure': False, 'cmake_target': None, 'cmake_target_skip_unavailable': False, 'install_base': '/home/emzx/ros2_ws/install/pacote_teste', 'merge_install': False, 'path': '/home/emzx/ros2_ws/src/pacote_teste', 'symlink_install': False, 'test_result_base': None}
[0.190s] Level 5:colcon.colcon_core.verb:set package 'turtlesim_catch_them_all' build argument 'cmake_args' from command line to 'None'
[0.190s] Level 5:colcon.colcon_core.verb:set package 'turtlesim_catch_them_all' build argument 'cmake_target' from command line to 'None'
[0.190s] Level 5:colcon.colcon_core.verb:set package 'turtlesim_catch_them_all' build argument 'cmake_target_skip_unavailable' from command line to 'False'
[0.190s] Level 5:colcon.colcon_core.verb:set package 'turtlesim_catch_them_all' build argument 'cmake_clean_cache' from command line to 'False'
[0.190s] Level 5:colcon.colcon_core.verb:set package 'turtlesim_catch_them_all' build argument 'cmake_clean_first' from command line to 'False'
[0.190s] Level 5:colcon.colcon_core.verb:set package 'turtlesim_catch_them_all' build argument 'cmake_force_configure' from command line to 'False'
[0.190s] Level 5:colcon.colcon_core.verb:set package 'turtlesim_catch_them_all' build argument 'ament_cmake_args' from command line to 'None'
[0.190s] Level 5:colcon.colcon_core.verb:set package 'turtlesim_catch_them_all' build argument 'catkin_cmake_args' from command line to 'None'
[0.190s] Level 5:colcon.colcon_core.verb:set package 'turtlesim_catch_them_all' build argument 'catkin_skip_building_tests' from command line to 'False'
[0.190s] DEBUG:colcon.colcon_core.verb:Building package 'turtlesim_catch_them_all' with the following arguments: {'ament_cmake_args': None, 'build_base': '/home/emzx/ros2_ws/build/turtlesim_catch_them_all', 'catkin_cmake_args': None, 'catkin_skip_building_tests': False, 'cmake_args': None, 'cmake_clean_cache': False, 'cmake_clean_first': False, 'cmake_force_configure': False, 'cmake_target': None, 'cmake_target_skip_unavailable': False, 'install_base': '/home/emzx/ros2_ws/install/turtlesim_catch_them_all', 'merge_install': False, 'path': '/home/emzx/ros2_ws/src/turtlesim_catch_them_all', 'symlink_install': False, 'test_result_base': None}
[0.190s] Level 5:colcon.colcon_core.verb:set package 'my_robot_bringup' build argument 'cmake_args' from command line to 'None'
[0.190s] Level 5:colcon.colcon_core.verb:set package 'my_robot_bringup' build argument 'cmake_target' from command line to 'None'
[0.190s] Level 5:colcon.colcon_core.verb:set package 'my_robot_bringup' build argument 'cmake_target_skip_unavailable' from command line to 'False'
[0.190s] Level 5:colcon.colcon_core.verb:set package 'my_robot_bringup' build argument 'cmake_clean_cache' from command line to 'False'
[0.190s] Level 5:colcon.colcon_core.verb:set package 'my_robot_bringup' build argument 'cmake_clean_first' from command line to 'False'
[0.190s] Level 5:colcon.colcon_core.verb:set package 'my_robot_bringup' build argument 'cmake_force_configure' from command line to 'False'
[0.190s] Level 5:colcon.colcon_core.verb:set package 'my_robot_bringup' build argument 'ament_cmake_args' from command line to 'None'
[0.190s] Level 5:colcon.colcon_core.verb:set package 'my_robot_bringup' build argument 'catkin_cmake_args' from command line to 'None'
[0.190s] Level 5:colcon.colcon_core.verb:set package 'my_robot_bringup' build argument 'catkin_skip_building_tests' from command line to 'False'
[0.190s] DEBUG:colcon.colcon_core.verb:Building package 'my_robot_bringup' with the following arguments: {'ament_cmake_args': None, 'build_base': '/home/emzx/ros2_ws/build/my_robot_bringup', 'catkin_cmake_args': None, 'catkin_skip_building_tests': False, 'cmake_args': None, 'cmake_clean_cache': False, 'cmake_clean_first': False, 'cmake_force_configure': False, 'cmake_target': None, 'cmake_target_skip_unavailable': False, 'install_base': '/home/emzx/ros2_ws/install/my_robot_bringup', 'merge_install': False, 'path': '/home/emzx/ros2_ws/src/my_robot_bringup', 'symlink_install': False, 'test_result_base': None}
[0.191s] INFO:colcon.colcon_core.executor:Executing jobs using 'parallel' executor
[0.191s] DEBUG:colcon.colcon_parallel_executor.executor.parallel:run_until_complete
[0.191s] INFO:colcon.colcon_ros.task.ament_cmake.build:Building ROS package in '/home/emzx/ros2_ws/src/my_robot_interfaces' with build type 'ament_cmake'
[0.191s] INFO:colcon.colcon_cmake.task.cmake.build:Building CMake package in '/home/emzx/ros2_ws/src/my_robot_interfaces'
[0.193s] INFO:colcon.colcon_core.plugin_system:Skipping extension 'colcon_core.shell.bat': Not used on non-Windows systems
[0.193s] INFO:colcon.colcon_core.shell:Skip shell extension 'powershell' for command environment: Not usable outside of PowerShell
[0.193s] DEBUG:colcon.colcon_core.shell:Skip shell extension 'dsv' for command environment
[0.196s] INFO:colcon.colcon_ros.task.ament_cmake.build:Building ROS package in '/home/emzx/ros2_ws/src/bumperbot_bringup' with build type 'ament_cmake'
[0.196s] INFO:colcon.colcon_cmake.task.cmake.build:Building CMake package in '/home/emzx/ros2_ws/src/bumperbot_bringup'
[0.196s] INFO:colcon.colcon_core.shell:Skip shell extension 'powershell' for command environment: Not usable outside of PowerShell
[0.196s] DEBUG:colcon.colcon_core.shell:Skip shell extension 'dsv' for command environment
[0.199s] INFO:colcon.colcon_ros.task.ament_cmake.build:Building ROS package in '/home/emzx/ros2_ws/src/bumperbot_controller' with build type 'ament_cmake'
[0.199s] INFO:colcon.colcon_cmake.task.cmake.build:Building CMake package in '/home/emzx/ros2_ws/src/bumperbot_controller'
[0.199s] INFO:colcon.colcon_core.shell:Skip shell extension 'powershell' for command environment: Not usable outside of PowerShell
[0.199s] DEBUG:colcon.colcon_core.shell:Skip shell extension 'dsv' for command environment
[0.202s] INFO:colcon.colcon_ros.task.ament_cmake.build:Building ROS package in '/home/emzx/ros2_ws/src/bumperbot_description' with build type 'ament_cmake'
[0.202s] INFO:colcon.colcon_cmake.task.cmake.build:Building CMake package in '/home/emzx/ros2_ws/src/bumperbot_description'
[0.202s] INFO:colcon.colcon_core.shell:Skip shell extension 'powershell' for command environment: Not usable outside of PowerShell
[0.202s] DEBUG:colcon.colcon_core.shell:Skip shell extension 'dsv' for command environment
[0.205s] INFO:colcon.colcon_ros.task.ament_cmake.build:Building ROS package in '/home/emzx/ros2_ws/src/bumperbot_localization' with build type 'ament_cmake'
[0.205s] INFO:colcon.colcon_cmake.task.cmake.build:Building CMake package in '/home/emzx/ros2_ws/src/bumperbot_localization'
[0.205s] INFO:colcon.colcon_core.shell:Skip shell extension 'powershell' for command environment: Not usable outside of PowerShell
[0.205s] DEBUG:colcon.colcon_core.shell:Skip shell extension 'dsv' for command environment
[0.208s] INFO:colcon.colcon_ros.task.ament_cmake.build:Building ROS package in '/home/emzx/ros2_ws/src/bumperbot_mapping' with build type 'ament_cmake'
[0.208s] INFO:colcon.colcon_cmake.task.cmake.build:Building CMake package in '/home/emzx/ros2_ws/src/bumperbot_mapping'
[0.208s] INFO:colcon.colcon_core.shell:Skip shell extension 'powershell' for command environment: Not usable outside of PowerShell
[0.208s] DEBUG:colcon.colcon_core.shell:Skip shell extension 'dsv' for command environment
[0.212s] INFO:colcon.colcon_ros.task.ament_python.build:Building ROS package in '/home/emzx/ros2_ws/src/bumperbot_py' with build type 'ament_python'
[0.212s] Level 1:colcon.colcon_core.shell:create_environment_hook('bumperbot_py', 'ament_prefix_path')
[0.213s] INFO:colcon.colcon_core.shell:Creating environment hook '/home/emzx/ros2_ws/install/bumperbot_py/share/bumperbot_py/hook/ament_prefix_path.ps1'
[0.213s] INFO:colcon.colcon_core.shell:Creating environment descriptor '/home/emzx/ros2_ws/install/bumperbot_py/share/bumperbot_py/hook/ament_prefix_path.dsv'
[0.213s] INFO:colcon.colcon_core.shell:Creating environment hook '/home/emzx/ros2_ws/install/bumperbot_py/share/bumperbot_py/hook/ament_prefix_path.sh'
[0.214s] INFO:colcon.colcon_core.shell:Skip shell extension 'powershell' for command environment: Not usable outside of PowerShell
[0.214s] DEBUG:colcon.colcon_core.shell:Skip shell extension 'dsv' for command environment
[0.216s] INFO:colcon.colcon_ros.task.ament_python.build:Building ROS package in '/home/emzx/ros2_ws/src/bumperbot_utils' with build type 'ament_python'
[0.216s] Level 1:colcon.colcon_core.shell:create_environment_hook('bumperbot_utils', 'ament_prefix_path')
[0.217s] INFO:colcon.colcon_core.shell:Creating environment hook '/home/emzx/ros2_ws/install/bumperbot_utils/share/bumperbot_utils/hook/ament_prefix_path.ps1'
[0.217s] INFO:colcon.colcon_core.shell:Creating environment descriptor '/home/emzx/ros2_ws/install/bumperbot_utils/share/bumperbot_utils/hook/ament_prefix_path.dsv'
[0.217s] INFO:colcon.colcon_core.shell:Creating environment hook '/home/emzx/ros2_ws/install/bumperbot_utils/share/bumperbot_utils/hook/ament_prefix_path.sh'
[0.217s] INFO:colcon.colcon_core.shell:Skip shell extension 'powershell' for command environment: Not usable outside of PowerShell
[0.217s] DEBUG:colcon.colcon_core.shell:Skip shell extension 'dsv' for command environment
[0.224s] DEBUG:colcon.colcon_core.event_handler.log_command:Invoking command in '/home/emzx/ros2_ws/build/my_robot_interfaces': CMAKE_PREFIX_PATH=${CMAKE_PREFIX_PATH}:/home/emzx/ros2_ws/install/turtlesim_catch_them_all:/home/emzx/ros2_ws/install/pacote_teste:/home/emzx/ros2_ws/install/bumperbot_utils:/home/emzx/ros2_ws/install/bumperbot_py:/opt/ros/jazzy DEBUGINFOD_URLS=https://debuginfod.ubuntu.com /usr/bin/cmake --build /home/emzx/ros2_ws/build/my_robot_interfaces -- -j8 -l8
[0.225s] DEBUG:colcon.colcon_core.event_handler.log_command:Invoking command in '/home/emzx/ros2_ws/build/bumperbot_bringup': CMAKE_PREFIX_PATH=${CMAKE_PREFIX_PATH}:/home/emzx/ros2_ws/install/turtlesim_catch_them_all:/home/emzx/ros2_ws/install/pacote_teste:/home/emzx/ros2_ws/install/bumperbot_utils:/home/emzx/ros2_ws/install/bumperbot_py:/opt/ros/jazzy DEBUGINFOD_URLS=https://debuginfod.ubuntu.com /usr/bin/cmake --build /home/emzx/ros2_ws/build/bumperbot_bringup -- -j8 -l8
[0.227s] DEBUG:colcon.colcon_core.event_handler.log_command:Invoking command in '/home/emzx/ros2_ws/build/bumperbot_controller': CMAKE_PREFIX_PATH=${CMAKE_PREFIX_PATH}:/home/emzx/ros2_ws/install/turtlesim_catch_them_all:/home/emzx/ros2_ws/install/pacote_teste:/home/emzx/ros2_ws/install/bumperbot_utils:/home/emzx/ros2_ws/install/bumperbot_py:/opt/ros/jazzy DEBUGINFOD_URLS=https://debuginfod.ubuntu.com /usr/bin/cmake --build /home/emzx/ros2_ws/build/bumperbot_controller -- -j8 -l8
[0.228s] DEBUG:colcon.colcon_core.event_handler.log_command:Invoking command in '/home/emzx/ros2_ws/build/bumperbot_description': CMAKE_PREFIX_PATH=${CMAKE_PREFIX_PATH}:/home/emzx/ros2_ws/install/turtlesim_catch_them_all:/home/emzx/ros2_ws/install/pacote_teste:/home/emzx/ros2_ws/install/bumperbot_utils:/home/emzx/ros2_ws/install/bumperbot_py:/opt/ros/jazzy DEBUGINFOD_URLS=https://debuginfod.ubuntu.com /usr/bin/cmake --build /home/emzx/ros2_ws/build/bumperbot_description -- -j8 -l8
[0.231s] DEBUG:colcon.colcon_core.event_handler.log_command:Invoking command in '/home/emzx/ros2_ws/build/bumperbot_localization': CMAKE_PREFIX_PATH=${CMAKE_PREFIX_PATH}:/home/emzx/ros2_ws/install/turtlesim_catch_them_all:/home/emzx/ros2_ws/install/pacote_teste:/home/emzx/ros2_ws/install/bumperbot_utils:/home/emzx/ros2_ws/install/bumperbot_py:/opt/ros/jazzy DEBUGINFOD_URLS=https://debuginfod.ubuntu.com /usr/bin/cmake --build /home/emzx/ros2_ws/build/bumperbot_localization -- -j8 -l8
[0.233s] DEBUG:colcon.colcon_core.event_handler.log_command:Invoking command in '/home/emzx/ros2_ws/build/bumperbot_mapping': CMAKE_PREFIX_PATH=${CMAKE_PREFIX_PATH}:/home/emzx/ros2_ws/install/turtlesim_catch_them_all:/home/emzx/ros2_ws/install/pacote_teste:/home/emzx/ros2_ws/install/bumperbot_utils:/home/emzx/ros2_ws/install/bumperbot_py:/opt/ros/jazzy DEBUGINFOD_URLS=https://debuginfod.ubuntu.com /usr/bin/cmake --build /home/emzx/ros2_ws/build/bumperbot_mapping -- -j8 -l8
[0.503s] INFO:colcon.colcon_core.task.python.build:Building Python package in '/home/emzx/ros2_ws/src/bumperbot_py'
[0.504s] INFO:colcon.colcon_core.shell:Skip shell extension 'powershell' for command environment: Not usable outside of PowerShell
[0.504s] DEBUG:colcon.colcon_core.shell:Skip shell extension 'dsv' for command environment
[0.688s] INFO:colcon.colcon_core.task.python.build:Building Python package in '/home/emzx/ros2_ws/src/bumperbot_utils'
[0.689s] INFO:colcon.colcon_core.shell:Skip shell extension 'powershell' for command environment: Not usable outside of PowerShell
[0.689s] DEBUG:colcon.colcon_core.shell:Skip shell extension 'dsv' for command environment
[0.693s] DEBUG:colcon.colcon_core.event_handler.log_command:Invoked command in '/home/emzx/ros2_ws/build/bumperbot_bringup' returned '0': CMAKE_PREFIX_PATH=${CMAKE_PREFIX_PATH}:/home/emzx/ros2_ws/install/turtlesim_catch_them_all:/home/emzx/ros2_ws/install/pacote_teste:/home/emzx/ros2_ws/install/bumperbot_utils:/home/emzx/ros2_ws/install/bumperbot_py:/opt/ros/jazzy DEBUGINFOD_URLS=https://debuginfod.ubuntu.com /usr/bin/cmake --build /home/emzx/ros2_ws/build/bumperbot_bringup -- -j8 -l8
[0.701s] DEBUG:colcon.colcon_core.event_handler.log_command:Invoking command in '/home/emzx/ros2_ws/build/bumperbot_bringup': CMAKE_PREFIX_PATH=${CMAKE_PREFIX_PATH}:/home/emzx/ros2_ws/install/turtlesim_catch_them_all:/home/emzx/ros2_ws/install/pacote_teste:/home/emzx/ros2_ws/install/bumperbot_utils:/home/emzx/ros2_ws/install/bumperbot_py:/opt/ros/jazzy DEBUGINFOD_URLS=https://debuginfod.ubuntu.com /usr/bin/cmake --install /home/emzx/ros2_ws/build/bumperbot_bringup
[0.702s] DEBUG:colcon.colcon_core.event_handler.log_command:Invoked command in '/home/emzx/ros2_ws/build/bumperbot_description' returned '0': CMAKE_PREFIX_PATH=${CMAKE_PREFIX_PATH}:/home/emzx/ros2_ws/install/turtlesim_catch_them_all:/home/emzx/ros2_ws/install/pacote_teste:/home/emzx/ros2_ws/install/bumperbot_utils:/home/emzx/ros2_ws/install/bumperbot_py:/opt/ros/jazzy DEBUGINFOD_URLS=https://debuginfod.ubuntu.com /usr/bin/cmake --build /home/emzx/ros2_ws/build/bumperbot_description -- -j8 -l8
[0.702s] DEBUG:colcon.colcon_core.event_handler.log_command:Invoking command in '/home/emzx/ros2_ws/build/bumperbot_description': CMAKE_PREFIX_PATH=${CMAKE_PREFIX_PATH}:/home/emzx/ros2_ws/install/turtlesim_catch_them_all:/home/emzx/ros2_ws/install/pacote_teste:/home/emzx/ros2_ws/install/bumperbot_utils:/home/emzx/ros2_ws/install/bumperbot_py:/opt/ros/jazzy DEBUGINFOD_URLS=https://debuginfod.ubuntu.com /usr/bin/cmake --install /home/emzx/ros2_ws/build/bumperbot_description
[0.704s] DEBUG:colcon.colcon_core.event_handler.log_command:Invoked command in '/home/emzx/ros2_ws/build/bumperbot_controller' returned '0': CMAKE_PREFIX_PATH=${CMAKE_PREFIX_PATH}:/home/emzx/ros2_ws/install/turtlesim_catch_them_all:/home/emzx/ros2_ws/install/pacote_teste:/home/emzx/ros2_ws/install/bumperbot_utils:/home/emzx/ros2_ws/install/bumperbot_py:/opt/ros/jazzy DEBUGINFOD_URLS=https://debuginfod.ubuntu.com /usr/bin/cmake --build /home/emzx/ros2_ws/build/bumperbot_controller -- -j8 -l8
[0.705s] DEBUG:colcon.colcon_core.event_handler.log_command:Invoking command in '/home/emzx/ros2_ws/build/bumperbot_controller': CMAKE_PREFIX_PATH=${CMAKE_PREFIX_PATH}:/home/emzx/ros2_ws/install/turtlesim_catch_them_all:/home/emzx/ros2_ws/install/pacote_teste:/home/emzx/ros2_ws/install/bumperbot_utils:/home/emzx/ros2_ws/install/bumperbot_py:/opt/ros/jazzy DEBUGINFOD_URLS=https://debuginfod.ubuntu.com /usr/bin/cmake --install /home/emzx/ros2_ws/build/bumperbot_controller
[0.707s] DEBUG:colcon.colcon_core.event_handler.log_command:Invoked command in '/home/emzx/ros2_ws/build/my_robot_interfaces' returned '0': CMAKE_PREFIX_PATH=${CMAKE_PREFIX_PATH}:/home/emzx/ros2_ws/install/turtlesim_catch_them_all:/home/emzx/ros2_ws/install/pacote_teste:/home/emzx/ros2_ws/install/bumperbot_utils:/home/emzx/ros2_ws/install/bumperbot_py:/opt/ros/jazzy DEBUGINFOD_URLS=https://debuginfod.ubuntu.com /usr/bin/cmake --build /home/emzx/ros2_ws/build/my_robot_interfaces -- -j8 -l8
[0.708s] DEBUG:colcon.colcon_core.event_handler.log_command:Invoking command in '/home/emzx/ros2_ws/build/my_robot_interfaces': CMAKE_PREFIX_PATH=${CMAKE_PREFIX_PATH}:/home/emzx/ros2_ws/install/turtlesim_catch_them_all:/home/emzx/ros2_ws/install/pacote_teste:/home/emzx/ros2_ws/install/bumperbot_utils:/home/emzx/ros2_ws/install/bumperbot_py:/opt/ros/jazzy DEBUGINFOD_URLS=https://debuginfod.ubuntu.com /usr/bin/cmake --install /home/emzx/ros2_ws/build/my_robot_interfaces
[0.713s] DEBUG:colcon.colcon_core.event_handler.log_command:Invoked command in '/home/emzx/ros2_ws/build/bumperbot_localization' returned '0': CMAKE_PREFIX_PATH=${CMAKE_PREFIX_PATH}:/home/emzx/ros2_ws/install/turtlesim_catch_them_all:/home/emzx/ros2_ws/install/pacote_teste:/home/emzx/ros2_ws/install/bumperbot_utils:/home/emzx/ros2_ws/install/bumperbot_py:/opt/ros/jazzy DEBUGINFOD_URLS=https://debuginfod.ubuntu.com /usr/bin/cmake --build /home/emzx/ros2_ws/build/bumperbot_localization -- -j8 -l8
[0.715s] DEBUG:colcon.colcon_core.event_handler.log_command:Invoking command in '/home/emzx/ros2_ws/build/bumperbot_localization': CMAKE_PREFIX_PATH=${CMAKE_PREFIX_PATH}:/home/emzx/ros2_ws/install/turtlesim_catch_them_all:/home/emzx/ros2_ws/install/pacote_teste:/home/emzx/ros2_ws/install/bumperbot_utils:/home/emzx/ros2_ws/install/bumperbot_py:/opt/ros/jazzy DEBUGINFOD_URLS=https://debuginfod.ubuntu.com /usr/bin/cmake --install /home/emzx/ros2_ws/build/bumperbot_localization
[0.723s] Level 1:colcon.colcon_core.environment:create_environment_scripts_only(bumperbot_bringup)
[0.727s] DEBUG:colcon.colcon_core.event_handler.log_command:Invoked command in '/home/emzx/ros2_ws/build/bumperbot_bringup' returned '0': CMAKE_PREFIX_PATH=${CMAKE_PREFIX_PATH}:/home/emzx/ros2_ws/install/turtlesim_catch_them_all:/home/emzx/ros2_ws/install/pacote_teste:/home/emzx/ros2_ws/install/bumperbot_utils:/home/emzx/ros2_ws/install/bumperbot_py:/opt/ros/jazzy DEBUGINFOD_URLS=https://debuginfod.ubuntu.com /usr/bin/cmake --install /home/emzx/ros2_ws/build/bumperbot_bringup
[0.737s] Level 1:colcon.colcon_core.environment:checking '/home/emzx/ros2_ws/install/bumperbot_bringup' for CMake module files
[0.738s] Level 1:colcon.colcon_core.environment:checking '/home/emzx/ros2_ws/install/bumperbot_bringup' for CMake config files
[0.738s] Level 1:colcon.colcon_core.shell:create_environment_hook('bumperbot_bringup', 'cmake_prefix_path')
[0.739s] INFO:colcon.colcon_core.shell:Creating environment hook '/home/emzx/ros2_ws/install/bumperbot_bringup/share/bumperbot_bringup/hook/cmake_prefix_path.ps1'
[0.739s] INFO:colcon.colcon_core.shell:Creating environment descriptor '/home/emzx/ros2_ws/install/bumperbot_bringup/share/bumperbot_bringup/hook/cmake_prefix_path.dsv'
[0.740s] INFO:colcon.colcon_core.shell:Creating environment hook '/home/emzx/ros2_ws/install/bumperbot_bringup/share/bumperbot_bringup/hook/cmake_prefix_path.sh'
[0.741s] Level 1:colcon.colcon_core.environment:checking '/home/emzx/ros2_ws/install/bumperbot_bringup/bin'
[0.741s] Level 1:colcon.colcon_core.environment:checking '/home/emzx/ros2_ws/install/bumperbot_bringup/lib/pkgconfig/bumperbot_bringup.pc'
[0.742s] Level 1:colcon.colcon_core.environment:checking '/home/emzx/ros2_ws/install/bumperbot_bringup/lib/python3.12/site-packages'
[0.742s] Level 1:colcon.colcon_core.environment:checking '/home/emzx/ros2_ws/install/bumperbot_bringup/bin'
[0.743s] INFO:colcon.colcon_core.shell:Creating package script '/home/emzx/ros2_ws/install/bumperbot_bringup/share/bumperbot_bringup/package.ps1'
[0.747s] INFO:colcon.colcon_core.shell:Creating package descriptor '/home/emzx/ros2_ws/install/bumperbot_bringup/share/bumperbot_bringup/package.dsv'
[0.749s] INFO:colcon.colcon_core.shell:Creating package script '/home/emzx/ros2_ws/install/bumperbot_bringup/share/bumperbot_bringup/package.sh'
[0.751s] INFO:colcon.colcon_core.shell:Creating package script '/home/emzx/ros2_ws/install/bumperbot_bringup/share/bumperbot_bringup/package.bash'
[0.752s] INFO:colcon.colcon_core.shell:Creating package script '/home/emzx/ros2_ws/install/bumperbot_bringup/share/bumperbot_bringup/package.zsh'
[0.754s] Level 1:colcon.colcon_core.environment:create_file_with_runtime_dependencies(/home/emzx/ros2_ws/install/bumperbot_bringup/share/colcon-core/packages/bumperbot_bringup)
[0.756s] Level 1:colcon.colcon_core.environment:create_environment_scripts_only(bumperbot_bringup)
[0.756s] Level 1:colcon.colcon_core.environment:checking '/home/emzx/ros2_ws/install/bumperbot_bringup' for CMake module files
[0.762s] Level 1:colcon.colcon_core.environment:checking '/home/emzx/ros2_ws/install/bumperbot_bringup' for CMake config files
[0.768s] Level 1:colcon.colcon_core.shell:create_environment_hook('bumperbot_bringup', 'cmake_prefix_path')
[0.769s] INFO:colcon.colcon_core.shell:Creating environment hook '/home/emzx/ros2_ws/install/bumperbot_bringup/share/bumperbot_bringup/hook/cmake_prefix_path.ps1'
[0.771s] INFO:colcon.colcon_core.shell:Creating environment descriptor '/home/emzx/ros2_ws/install/bumperbot_bringup/share/bumperbot_bringup/hook/cmake_prefix_path.dsv'
[0.772s] INFO:colcon.colcon_core.shell:Creating environment hook '/home/emzx/ros2_ws/install/bumperbot_bringup/share/bumperbot_bringup/hook/cmake_prefix_path.sh'
[0.773s] Level 1:colcon.colcon_core.environment:checking '/home/emzx/ros2_ws/install/bumperbot_bringup/bin'
[0.773s] Level 1:colcon.colcon_core.environment:checking '/home/emzx/ros2_ws/install/bumperbot_bringup/lib/pkgconfig/bumperbot_bringup.pc'
[0.774s] Level 1:colcon.colcon_core.environment:checking '/home/emzx/ros2_ws/install/bumperbot_bringup/lib/python3.12/site-packages'
[0.774s] Level 1:colcon.colcon_core.environment:checking '/home/emzx/ros2_ws/install/bumperbot_bringup/bin'
[0.774s] INFO:colcon.colcon_core.shell:Creating package script '/home/emzx/ros2_ws/install/bumperbot_bringup/share/bumperbot_bringup/package.ps1'
[0.781s] INFO:colcon.colcon_core.shell:Creating package descriptor '/home/emzx/ros2_ws/install/bumperbot_bringup/share/bumperbot_bringup/package.dsv'
[0.783s] INFO:colcon.colcon_core.shell:Creating package script '/home/emzx/ros2_ws/install/bumperbot_bringup/share/bumperbot_bringup/package.sh'
[0.784s] INFO:colcon.colcon_core.shell:Creating package script '/home/emzx/ros2_ws/install/bumperbot_bringup/share/bumperbot_bringup/package.bash'
[0.786s] INFO:colcon.colcon_core.shell:Creating package script '/home/emzx/ros2_ws/install/bumperbot_bringup/share/bumperbot_bringup/package.zsh'
[0.788s] Level 1:colcon.colcon_core.environment:create_file_with_runtime_dependencies(/home/emzx/ros2_ws/install/bumperbot_bringup/share/colcon-core/packages/bumperbot_bringup)
[0.801s] Level 1:colcon.colcon_core.environment:create_environment_scripts_only(bumperbot_controller)
[0.803s] Level 1:colcon.colcon_core.environment:checking '/home/emzx/ros2_ws/install/bumperbot_controller' for CMake module files
[0.815s] Level 1:colcon.colcon_core.environment:checking '/home/emzx/ros2_ws/install/bumperbot_controller' for CMake config files
[0.822s] DEBUG:colcon.colcon_core.event_handler.log_command:Invoked command in '/home/emzx/ros2_ws/build/bumperbot_mapping' returned '0': CMAKE_PREFIX_PATH=${CMAKE_PREFIX_PATH}:/home/emzx/ros2_ws/install/turtlesim_catch_them_all:/home/emzx/ros2_ws/install/pacote_teste:/home/emzx/ros2_ws/install/bumperbot_utils:/home/emzx/ros2_ws/install/bumperbot_py:/opt/ros/jazzy DEBUGINFOD_URLS=https://debuginfod.ubuntu.com /usr/bin/cmake --build /home/emzx/ros2_ws/build/bumperbot_mapping -- -j8 -l8
[0.823s] DEBUG:colcon.colcon_core.event_handler.log_command:Invoking command in '/home/emzx/ros2_ws/build/bumperbot_mapping': CMAKE_PREFIX_PATH=${CMAKE_PREFIX_PATH}:/home/emzx/ros2_ws/install/turtlesim_catch_them_all:/home/emzx/ros2_ws/install/pacote_teste:/home/emzx/ros2_ws/install/bumperbot_utils:/home/emzx/ros2_ws/install/bumperbot_py:/opt/ros/jazzy DEBUGINFOD_URLS=https://debuginfod.ubuntu.com /usr/bin/cmake --install /home/emzx/ros2_ws/build/bumperbot_mapping
[0.823s] DEBUG:colcon.colcon_core.event_handler.log_command:Invoked command in '/home/emzx/ros2_ws/build/bumperbot_controller' returned '0': CMAKE_PREFIX_PATH=${CMAKE_PREFIX_PATH}:/home/emzx/ros2_ws/install/turtlesim_catch_them_all:/home/emzx/ros2_ws/install/pacote_teste:/home/emzx/ros2_ws/install/bumperbot_utils:/home/emzx/ros2_ws/install/bumperbot_py:/opt/ros/jazzy DEBUGINFOD_URLS=https://debuginfod.ubuntu.com /usr/bin/cmake --install /home/emzx/ros2_ws/build/bumperbot_controller
[0.827s] Level 1:colcon.colcon_core.shell:create_environment_hook('bumperbot_controller', 'cmake_prefix_path')
[0.827s] INFO:colcon.colcon_core.shell:Creating environment hook '/home/emzx/ros2_ws/install/bumperbot_controller/share/bumperbot_controller/hook/cmake_prefix_path.ps1'
[0.828s] INFO:colcon.colcon_core.shell:Creating environment descriptor '/home/emzx/ros2_ws/install/bumperbot_controller/share/bumperbot_controller/hook/cmake_prefix_path.dsv'
[0.828s] INFO:colcon.colcon_core.shell:Creating environment hook '/home/emzx/ros2_ws/install/bumperbot_controller/share/bumperbot_controller/hook/cmake_prefix_path.sh'
[0.829s] Level 1:colcon.colcon_core.environment:checking '/home/emzx/ros2_ws/install/bumperbot_controller/lib'
[0.829s] Level 1:colcon.colcon_core.environment:checking '/home/emzx/ros2_ws/install/bumperbot_controller/bin'
[0.829s] Level 1:colcon.colcon_core.environment:checking '/home/emzx/ros2_ws/install/bumperbot_controller/lib/pkgconfig/bumperbot_controller.pc'
[0.829s] Level 1:colcon.colcon_core.environment:checking '/home/emzx/ros2_ws/install/bumperbot_controller/lib/python3.12/site-packages'
[0.830s] Level 1:colcon.colcon_core.shell:create_environment_hook('bumperbot_controller', 'pythonpath')
[0.830s] INFO:colcon.colcon_core.shell:Creating environment hook '/home/emzx/ros2_ws/install/bumperbot_controller/share/bumperbot_controller/hook/pythonpath.ps1'
[0.830s] INFO:colcon.colcon_core.shell:Creating environment descriptor '/home/emzx/ros2_ws/install/bumperbot_controller/share/bumperbot_controller/hook/pythonpath.dsv'
[0.831s] INFO:colcon.colcon_core.shell:Creating environment hook '/home/emzx/ros2_ws/install/bumperbot_controller/share/bumperbot_controller/hook/pythonpath.sh'
[0.831s] Level 1:colcon.colcon_core.environment:checking '/home/emzx/ros2_ws/install/bumperbot_controller/bin'
[0.831s] INFO:colcon.colcon_core.shell:Creating package script '/home/emzx/ros2_ws/install/bumperbot_controller/share/bumperbot_controller/package.ps1'
[0.832s] INFO:colcon.colcon_core.shell:Creating package descriptor '/home/emzx/ros2_ws/install/bumperbot_controller/share/bumperbot_controller/package.dsv'
[0.832s] INFO:colcon.colcon_core.shell:Creating package script '/home/emzx/ros2_ws/install/bumperbot_controller/share/bumperbot_controller/package.sh'
[0.833s] INFO:colcon.colcon_core.shell:Creating package script '/home/emzx/ros2_ws/install/bumperbot_controller/share/bumperbot_controller/package.bash'
[0.833s] INFO:colcon.colcon_core.shell:Creating package script '/home/emzx/ros2_ws/install/bumperbot_controller/share/bumperbot_controller/package.zsh'
[0.834s] Level 1:colcon.colcon_core.environment:create_file_with_runtime_dependencies(/home/emzx/ros2_ws/install/bumperbot_controller/share/colcon-core/packages/bumperbot_controller)
[0.834s] Level 1:colcon.colcon_core.environment:create_environment_scripts_only(bumperbot_controller)
[0.834s] Level 1:colcon.colcon_core.environment:checking '/home/emzx/ros2_ws/install/bumperbot_controller' for CMake module files
[0.835s] Level 1:colcon.colcon_core.environment:checking '/home/emzx/ros2_ws/install/bumperbot_controller' for CMake config files
[0.835s] Level 1:colcon.colcon_core.shell:create_environment_hook('bumperbot_controller', 'cmake_prefix_path')
[0.836s] INFO:colcon.colcon_core.shell:Creating environment hook '/home/emzx/ros2_ws/install/bumperbot_controller/share/bumperbot_controller/hook/cmake_prefix_path.ps1'
[0.836s] INFO:colcon.colcon_core.shell:Creating environment descriptor '/home/emzx/ros2_ws/install/bumperbot_controller/share/bumperbot_controller/hook/cmake_prefix_path.dsv'
[0.836s] INFO:colcon.colcon_core.shell:Creating environment hook '/home/emzx/ros2_ws/install/bumperbot_controller/share/bumperbot_controller/hook/cmake_prefix_path.sh'
[0.837s] Level 1:colcon.colcon_core.environment:checking '/home/emzx/ros2_ws/install/bumperbot_controller/lib'
[0.837s] Level 1:colcon.colcon_core.environment:checking '/home/emzx/ros2_ws/install/bumperbot_controller/bin'
[0.837s] Level 1:colcon.colcon_core.environment:checking '/home/emzx/ros2_ws/install/bumperbot_controller/lib/pkgconfig/bumperbot_controller.pc'
[0.837s] Level 1:colcon.colcon_core.environment:checking '/home/emzx/ros2_ws/install/bumperbot_controller/lib/python3.12/site-packages'
[0.837s] Level 1:colcon.colcon_core.shell:create_environment_hook('bumperbot_controller', 'pythonpath')
[0.838s] INFO:colcon.colcon_core.shell:Creating environment hook '/home/emzx/ros2_ws/install/bumperbot_controller/share/bumperbot_controller/hook/pythonpath.ps1'
[0.838s] INFO:colcon.colcon_core.shell:Creating environment descriptor '/home/emzx/ros2_ws/install/bumperbot_controller/share/bumperbot_controller/hook/pythonpath.dsv'
[0.838s] INFO:colcon.colcon_core.shell:Creating environment hook '/home/emzx/ros2_ws/install/bumperbot_controller/share/bumperbot_controller/hook/pythonpath.sh'
[0.839s] Level 1:colcon.colcon_core.environment:checking '/home/emzx/ros2_ws/install/bumperbot_controller/bin'
[0.839s] INFO:colcon.colcon_core.shell:Creating package script '/home/emzx/ros2_ws/install/bumperbot_controller/share/bumperbot_controller/package.ps1'
[0.840s] INFO:colcon.colcon_core.shell:Creating package descriptor '/home/emzx/ros2_ws/install/bumperbot_controller/share/bumperbot_controller/package.dsv'
[0.840s] INFO:colcon.colcon_core.shell:Creating package script '/home/emzx/ros2_ws/install/bumperbot_controller/share/bumperbot_controller/package.sh'
[0.841s] INFO:colcon.colcon_core.shell:Creating package script '/home/emzx/ros2_ws/install/bumperbot_controller/share/bumperbot_controller/package.bash'
[0.841s] INFO:colcon.colcon_core.shell:Creating package script '/home/emzx/ros2_ws/install/bumperbot_controller/share/bumperbot_controller/package.zsh'
[0.842s] Level 1:colcon.colcon_core.environment:create_file_with_runtime_dependencies(/home/emzx/ros2_ws/install/bumperbot_controller/share/colcon-core/packages/bumperbot_controller)
[0.842s] Level 1:colcon.colcon_core.environment:create_environment_scripts_only(bumperbot_localization)
[0.842s] Level 1:colcon.colcon_core.environment:checking '/home/emzx/ros2_ws/install/bumperbot_localization' for CMake module files
[0.843s] DEBUG:colcon.colcon_core.event_handler.log_command:Invoked command in '/home/emzx/ros2_ws/build/bumperbot_localization' returned '0': CMAKE_PREFIX_PATH=${CMAKE_PREFIX_PATH}:/home/emzx/ros2_ws/install/turtlesim_catch_them_all:/home/emzx/ros2_ws/install/pacote_teste:/home/emzx/ros2_ws/install/bumperbot_utils:/home/emzx/ros2_ws/install/bumperbot_py:/opt/ros/jazzy DEBUGINFOD_URLS=https://debuginfod.ubuntu.com /usr/bin/cmake --install /home/emzx/ros2_ws/build/bumperbot_localization
[0.844s] Level 1:colcon.colcon_core.environment:checking '/home/emzx/ros2_ws/install/bumperbot_localization' for CMake config files
[0.844s] Level 1:colcon.colcon_core.shell:create_environment_hook('bumperbot_localization', 'cmake_prefix_path')
[0.844s] INFO:colcon.colcon_core.shell:Creating environment hook '/home/emzx/ros2_ws/install/bumperbot_localization/share/bumperbot_localization/hook/cmake_prefix_path.ps1'
[0.845s] INFO:colcon.colcon_core.shell:Creating environment descriptor '/home/emzx/ros2_ws/install/bumperbot_localization/share/bumperbot_localization/hook/cmake_prefix_path.dsv'
[0.845s] INFO:colcon.colcon_core.shell:Creating environment hook '/home/emzx/ros2_ws/install/bumperbot_localization/share/bumperbot_localization/hook/cmake_prefix_path.sh'
[0.848s] Level 1:colcon.colcon_core.environment:checking '/home/emzx/ros2_ws/install/bumperbot_localization/lib'
[0.848s] Level 1:colcon.colcon_core.environment:checking '/home/emzx/ros2_ws/install/bumperbot_localization/bin'
[0.848s] Level 1:colcon.colcon_core.environment:checking '/home/emzx/ros2_ws/install/bumperbot_localization/lib/pkgconfig/bumperbot_localization.pc'
[0.849s] Level 1:colcon.colcon_core.environment:checking '/home/emzx/ros2_ws/install/bumperbot_localization/lib/python3.12/site-packages'
[0.849s] Level 1:colcon.colcon_core.shell:create_environment_hook('bumperbot_localization', 'pythonpath')
[0.849s] INFO:colcon.colcon_core.shell:Creating environment hook '/home/emzx/ros2_ws/install/bumperbot_localization/share/bumperbot_localization/hook/pythonpath.ps1'
[0.849s] INFO:colcon.colcon_core.shell:Creating environment descriptor '/home/emzx/ros2_ws/install/bumperbot_localization/share/bumperbot_localization/hook/pythonpath.dsv'
[0.850s] INFO:colcon.colcon_core.shell:Creating environment hook '/home/emzx/ros2_ws/install/bumperbot_localization/share/bumperbot_localization/hook/pythonpath.sh'
[0.850s] Level 1:colcon.colcon_core.environment:checking '/home/emzx/ros2_ws/install/bumperbot_localization/bin'
[0.851s] INFO:colcon.colcon_core.shell:Creating package script '/home/emzx/ros2_ws/install/bumperbot_localization/share/bumperbot_localization/package.ps1'
[0.851s] INFO:colcon.colcon_core.shell:Creating package descriptor '/home/emzx/ros2_ws/install/bumperbot_localization/share/bumperbot_localization/package.dsv'
[0.851s] INFO:colcon.colcon_core.shell:Creating package script '/home/emzx/ros2_ws/install/bumperbot_localization/share/bumperbot_localization/package.sh'
[0.852s] INFO:colcon.colcon_core.shell:Creating package script '/home/emzx/ros2_ws/install/bumperbot_localization/share/bumperbot_localization/package.bash'
[0.852s] INFO:colcon.colcon_core.shell:Creating package script '/home/emzx/ros2_ws/install/bumperbot_localization/share/bumperbot_localization/package.zsh'
[0.853s] Level 1:colcon.colcon_core.environment:create_file_with_runtime_dependencies(/home/emzx/ros2_ws/install/bumperbot_localization/share/colcon-core/packages/bumperbot_localization)
[0.853s] Level 1:colcon.colcon_core.environment:create_environment_scripts_only(bumperbot_localization)
[0.853s] Level 1:colcon.colcon_core.environment:checking '/home/emzx/ros2_ws/install/bumperbot_localization' for CMake module files
[0.854s] Level 1:colcon.colcon_core.environment:checking '/home/emzx/ros2_ws/install/bumperbot_localization' for CMake config files
[0.854s] Level 1:colcon.colcon_core.shell:create_environment_hook('bumperbot_localization', 'cmake_prefix_path')
[0.854s] INFO:colcon.colcon_core.shell:Creating environment hook '/home/emzx/ros2_ws/install/bumperbot_localization/share/bumperbot_localization/hook/cmake_prefix_path.ps1'
[0.855s] INFO:colcon.colcon_core.shell:Creating environment descriptor '/home/emzx/ros2_ws/install/bumperbot_localization/share/bumperbot_localization/hook/cmake_prefix_path.dsv'
[0.855s] INFO:colcon.colcon_core.shell:Creating environment hook '/home/emzx/ros2_ws/install/bumperbot_localization/share/bumperbot_localization/hook/cmake_prefix_path.sh'
[0.856s] Level 1:colcon.colcon_core.environment:checking '/home/emzx/ros2_ws/install/bumperbot_localization/lib'
[0.856s] Level 1:colcon.colcon_core.environment:checking '/home/emzx/ros2_ws/install/bumperbot_localization/bin'
[0.856s] Level 1:colcon.colcon_core.environment:checking '/home/emzx/ros2_ws/install/bumperbot_localization/lib/pkgconfig/bumperbot_localization.pc'
[0.856s] Level 1:colcon.colcon_core.environment:checking '/home/emzx/ros2_ws/install/bumperbot_localization/lib/python3.12/site-packages'
[0.856s] Level 1:colcon.colcon_core.shell:create_environment_hook('bumperbot_localization', 'pythonpath')
[0.856s] INFO:colcon.colcon_core.shell:Creating environment hook '/home/emzx/ros2_ws/install/bumperbot_localization/share/bumperbot_localization/hook/pythonpath.ps1'
[0.857s] INFO:colcon.colcon_core.shell:Creating environment descriptor '/home/emzx/ros2_ws/install/bumperbot_localization/share/bumperbot_localization/hook/pythonpath.dsv'
[0.857s] INFO:colcon.colcon_core.shell:Creating environment hook '/home/emzx/ros2_ws/install/bumperbot_localization/share/bumperbot_localization/hook/pythonpath.sh'
[0.858s] Level 1:colcon.colcon_core.environment:checking '/home/emzx/ros2_ws/install/bumperbot_localization/bin'
[0.858s] INFO:colcon.colcon_core.shell:Creating package script '/home/emzx/ros2_ws/install/bumperbot_localization/share/bumperbot_localization/package.ps1'
[0.858s] INFO:colcon.colcon_core.shell:Creating package descriptor '/home/emzx/ros2_ws/install/bumperbot_localization/share/bumperbot_localization/package.dsv'
[0.859s] INFO:colcon.colcon_core.shell:Creating package script '/home/emzx/ros2_ws/install/bumperbot_localization/share/bumperbot_localization/package.sh'
[0.859s] INFO:colcon.colcon_core.shell:Creating package script '/home/emzx/ros2_ws/install/bumperbot_localization/share/bumperbot_localization/package.bash'
[0.860s] INFO:colcon.colcon_core.shell:Creating package script '/home/emzx/ros2_ws/install/bumperbot_localization/share/bumperbot_localization/package.zsh'
[0.860s] Level 1:colcon.colcon_core.environment:create_file_with_runtime_dependencies(/home/emzx/ros2_ws/install/bumperbot_localization/share/colcon-core/packages/bumperbot_localization)
[0.861s] Level 1:colcon.colcon_core.environment:create_environment_scripts_only(bumperbot_description)
[0.862s] Level 1:colcon.colcon_core.environment:checking '/home/emzx/ros2_ws/install/bumperbot_description' for CMake module files
[0.862s] DEBUG:colcon.colcon_core.event_handler.log_command:Invoked command in '/home/emzx/ros2_ws/build/bumperbot_description' returned '0': CMAKE_PREFIX_PATH=${CMAKE_PREFIX_PATH}:/home/emzx/ros2_ws/install/turtlesim_catch_them_all:/home/emzx/ros2_ws/install/pacote_teste:/home/emzx/ros2_ws/install/bumperbot_utils:/home/emzx/ros2_ws/install/bumperbot_py:/opt/ros/jazzy DEBUGINFOD_URLS=https://debuginfod.ubuntu.com /usr/bin/cmake --install /home/emzx/ros2_ws/build/bumperbot_description
[0.863s] Level 1:colcon.colcon_core.environment:checking '/home/emzx/ros2_ws/install/bumperbot_description' for CMake config files
[0.871s] Level 1:colcon.colcon_core.shell:create_environment_hook('bumperbot_description', 'cmake_prefix_path')
[0.871s] INFO:colcon.colcon_core.shell:Creating environment hook '/home/emzx/ros2_ws/install/bumperbot_description/share/bumperbot_description/hook/cmake_prefix_path.ps1'
[0.871s] INFO:colcon.colcon_core.shell:Creating environment descriptor '/home/emzx/ros2_ws/install/bumperbot_description/share/bumperbot_description/hook/cmake_prefix_path.dsv'
[0.872s] INFO:colcon.colcon_core.shell:Creating environment hook '/home/emzx/ros2_ws/install/bumperbot_description/share/bumperbot_description/hook/cmake_prefix_path.sh'
[0.872s] Level 1:colcon.colcon_core.environment:checking '/home/emzx/ros2_ws/install/bumperbot_description/bin'
[0.872s] Level 1:colcon.colcon_core.environment:checking '/home/emzx/ros2_ws/install/bumperbot_description/lib/pkgconfig/bumperbot_description.pc'
[0.872s] Level 1:colcon.colcon_core.environment:checking '/home/emzx/ros2_ws/install/bumperbot_description/lib/python3.12/site-packages'
[0.873s] Level 1:colcon.colcon_core.environment:checking '/home/emzx/ros2_ws/install/bumperbot_description/bin'
[0.873s] INFO:colcon.colcon_core.shell:Creating package script '/home/emzx/ros2_ws/install/bumperbot_description/share/bumperbot_description/package.ps1'
[0.873s] INFO:colcon.colcon_core.shell:Creating package descriptor '/home/emzx/ros2_ws/install/bumperbot_description/share/bumperbot_description/package.dsv'
[0.874s] INFO:colcon.colcon_core.shell:Creating package script '/home/emzx/ros2_ws/install/bumperbot_description/share/bumperbot_description/package.sh'
[0.874s] INFO:colcon.colcon_core.shell:Creating package script '/home/emzx/ros2_ws/install/bumperbot_description/share/bumperbot_description/package.bash'
[0.874s] INFO:colcon.colcon_core.shell:Creating package script '/home/emzx/ros2_ws/install/bumperbot_description/share/bumperbot_description/package.zsh'
[0.875s] Level 1:colcon.colcon_core.environment:create_file_with_runtime_dependencies(/home/emzx/ros2_ws/install/bumperbot_description/share/colcon-core/packages/bumperbot_description)
[0.875s] Level 1:colcon.colcon_core.environment:create_environment_scripts_only(bumperbot_description)
[0.875s] Level 1:colcon.colcon_core.environment:checking '/home/emzx/ros2_ws/install/bumperbot_description' for CMake module files
[0.876s] Level 1:colcon.colcon_core.environment:checking '/home/emzx/ros2_ws/install/bumperbot_description' for CMake config files
[0.884s] Level 1:colcon.colcon_core.shell:create_environment_hook('bumperbot_description', 'cmake_prefix_path')
[0.885s] INFO:colcon.colcon_core.shell:Creating environment hook '/home/emzx/ros2_ws/install/bumperbot_description/share/bumperbot_description/hook/cmake_prefix_path.ps1'
[0.885s] INFO:colcon.colcon_core.shell:Creating environment descriptor '/home/emzx/ros2_ws/install/bumperbot_description/share/bumperbot_description/hook/cmake_prefix_path.dsv'
[0.885s] INFO:colcon.colcon_core.shell:Creating environment hook '/home/emzx/ros2_ws/install/bumperbot_description/share/bumperbot_description/hook/cmake_prefix_path.sh'
[0.886s] Level 1:colcon.colcon_core.environment:checking '/home/emzx/ros2_ws/install/bumperbot_description/bin'
[0.886s] Level 1:colcon.colcon_core.environment:checking '/home/emzx/ros2_ws/install/bumperbot_description/lib/pkgconfig/bumperbot_description.pc'
[0.886s] Level 1:colcon.colcon_core.environment:checking '/home/emzx/ros2_ws/install/bumperbot_description/lib/python3.12/site-packages'
[0.886s] Level 1:colcon.colcon_core.environment:checking '/home/emzx/ros2_ws/install/bumperbot_description/bin'
[0.887s] INFO:colcon.colcon_core.shell:Creating package script '/home/emzx/ros2_ws/install/bumperbot_description/share/bumperbot_description/package.ps1'
[0.887s] INFO:colcon.colcon_core.shell:Creating package descriptor '/home/emzx/ros2_ws/install/bumperbot_description/share/bumperbot_description/package.dsv'
[0.888s] INFO:colcon.colcon_core.shell:Creating package script '/home/emzx/ros2_ws/install/bumperbot_description/share/bumperbot_description/package.sh'
[0.888s] INFO:colcon.colcon_core.shell:Creating package script '/home/emzx/ros2_ws/install/bumperbot_description/share/bumperbot_description/package.bash'
[0.888s] INFO:colcon.colcon_core.shell:Creating package script '/home/emzx/ros2_ws/install/bumperbot_description/share/bumperbot_description/package.zsh'
[0.889s] Level 1:colcon.colcon_core.environment:create_file_with_runtime_dependencies(/home/emzx/ros2_ws/install/bumperbot_description/share/colcon-core/packages/bumperbot_description)
[0.889s] Level 1:colcon.colcon_core.environment:create_environment_scripts_only(my_robot_interfaces)
[0.889s] Level 1:colcon.colcon_core.environment:checking '/home/emzx/ros2_ws/install/my_robot_interfaces' for CMake module files
[0.890s] DEBUG:colcon.colcon_core.event_handler.log_command:Invoked command in '/home/emzx/ros2_ws/build/my_robot_interfaces' returned '0': CMAKE_PREFIX_PATH=${CMAKE_PREFIX_PATH}:/home/emzx/ros2_ws/install/turtlesim_catch_them_all:/home/emzx/ros2_ws/install/pacote_teste:/home/emzx/ros2_ws/install/bumperbot_utils:/home/emzx/ros2_ws/install/bumperbot_py:/opt/ros/jazzy DEBUGINFOD_URLS=https://debuginfod.ubuntu.com /usr/bin/cmake --install /home/emzx/ros2_ws/build/my_robot_interfaces
[0.891s] Level 1:colcon.colcon_core.environment:checking '/home/emzx/ros2_ws/install/my_robot_interfaces' for CMake config files
[0.891s] Level 1:colcon.colcon_core.shell:create_environment_hook('my_robot_interfaces', 'cmake_prefix_path')
[0.891s] INFO:colcon.colcon_core.shell:Creating environment hook '/home/emzx/ros2_ws/install/my_robot_interfaces/share/my_robot_interfaces/hook/cmake_prefix_path.ps1'
[0.891s] INFO:colcon.colcon_core.shell:Creating environment descriptor '/home/emzx/ros2_ws/install/my_robot_interfaces/share/my_robot_interfaces/hook/cmake_prefix_path.dsv'
[0.891s] INFO:colcon.colcon_core.shell:Creating environment hook '/home/emzx/ros2_ws/install/my_robot_interfaces/share/my_robot_interfaces/hook/cmake_prefix_path.sh'
[0.892s] Level 1:colcon.colcon_core.environment:checking '/home/emzx/ros2_ws/install/my_robot_interfaces/lib'
[0.892s] Level 1:colcon.colcon_core.shell:create_environment_hook('my_robot_interfaces', 'ld_library_path_lib')
[0.892s] INFO:colcon.colcon_core.shell:Creating environment hook '/home/emzx/ros2_ws/install/my_robot_interfaces/share/my_robot_interfaces/hook/ld_library_path_lib.ps1'
[0.892s] INFO:colcon.colcon_core.shell:Creating environment descriptor '/home/emzx/ros2_ws/install/my_robot_interfaces/share/my_robot_interfaces/hook/ld_library_path_lib.dsv'
[0.893s] INFO:colcon.colcon_core.shell:Creating environment hook '/home/emzx/ros2_ws/install/my_robot_interfaces/share/my_robot_interfaces/hook/ld_library_path_lib.sh'
[0.893s] Level 1:colcon.colcon_core.environment:checking '/home/emzx/ros2_ws/install/my_robot_interfaces/bin'
[0.893s] Level 1:colcon.colcon_core.environment:checking '/home/emzx/ros2_ws/install/my_robot_interfaces/lib/pkgconfig/my_robot_interfaces.pc'
[0.893s] Level 1:colcon.colcon_core.environment:checking '/home/emzx/ros2_ws/install/my_robot_interfaces/lib/python3.12/site-packages'
[0.893s] Level 1:colcon.colcon_core.shell:create_environment_hook('my_robot_interfaces', 'pythonpath')
[0.893s] INFO:colcon.colcon_core.shell:Creating environment hook '/home/emzx/ros2_ws/install/my_robot_interfaces/share/my_robot_interfaces/hook/pythonpath.ps1'
[0.894s] INFO:colcon.colcon_core.shell:Creating environment descriptor '/home/emzx/ros2_ws/install/my_robot_interfaces/share/my_robot_interfaces/hook/pythonpath.dsv'
[0.894s] INFO:colcon.colcon_core.shell:Creating environment hook '/home/emzx/ros2_ws/install/my_robot_interfaces/share/my_robot_interfaces/hook/pythonpath.sh'
[0.894s] Level 1:colcon.colcon_core.environment:checking '/home/emzx/ros2_ws/install/my_robot_interfaces/bin'
[0.894s] INFO:colcon.colcon_core.shell:Creating package script '/home/emzx/ros2_ws/install/my_robot_interfaces/share/my_robot_interfaces/package.ps1'
[0.895s] INFO:colcon.colcon_core.shell:Creating package descriptor '/home/emzx/ros2_ws/install/my_robot_interfaces/share/my_robot_interfaces/package.dsv'
[0.895s] INFO:colcon.colcon_core.shell:Creating package script '/home/emzx/ros2_ws/install/my_robot_interfaces/share/my_robot_interfaces/package.sh'
[0.895s] INFO:colcon.colcon_core.shell:Creating package script '/home/emzx/ros2_ws/install/my_robot_interfaces/share/my_robot_interfaces/package.bash'
[0.895s] INFO:colcon.colcon_core.shell:Creating package script '/home/emzx/ros2_ws/install/my_robot_interfaces/share/my_robot_interfaces/package.zsh'
[0.895s] Level 1:colcon.colcon_core.environment:create_file_with_runtime_dependencies(/home/emzx/ros2_ws/install/my_robot_interfaces/share/colcon-core/packages/my_robot_interfaces)
[0.896s] Level 1:colcon.colcon_core.environment:create_environment_scripts_only(my_robot_interfaces)
[0.896s] Level 1:colcon.colcon_core.environment:checking '/home/emzx/ros2_ws/install/my_robot_interfaces' for CMake module files
[0.896s] Level 1:colcon.colcon_core.environment:checking '/home/emzx/ros2_ws/install/my_robot_interfaces' for CMake config files
[0.897s] Level 1:colcon.colcon_core.shell:create_environment_hook('my_robot_interfaces', 'cmake_prefix_path')
[0.897s] INFO:colcon.colcon_core.shell:Creating environment hook '/home/emzx/ros2_ws/install/my_robot_interfaces/share/my_robot_interfaces/hook/cmake_prefix_path.ps1'
[0.897s] INFO:colcon.colcon_core.shell:Creating environment descriptor '/home/emzx/ros2_ws/install/my_robot_interfaces/share/my_robot_interfaces/hook/cmake_prefix_path.dsv'
[0.897s] INFO:colcon.colcon_core.shell:Creating environment hook '/home/emzx/ros2_ws/install/my_robot_interfaces/share/my_robot_interfaces/hook/cmake_prefix_path.sh'
[0.898s] Level 1:colcon.colcon_core.environment:checking '/home/emzx/ros2_ws/install/my_robot_interfaces/lib'
[0.898s] Level 1:colcon.colcon_core.shell:create_environment_hook('my_robot_interfaces', 'ld_library_path_lib')
[0.898s] INFO:colcon.colcon_core.shell:Creating environment hook '/home/emzx/ros2_ws/install/my_robot_interfaces/share/my_robot_interfaces/hook/ld_library_path_lib.ps1'
[0.898s] INFO:colcon.colcon_core.shell:Creating environment descriptor '/home/emzx/ros2_ws/install/my_robot_interfaces/share/my_robot_interfaces/hook/ld_library_path_lib.dsv'
[0.898s] INFO:colcon.colcon_core.shell:Creating environment hook '/home/emzx/ros2_ws/install/my_robot_interfaces/share/my_robot_interfaces/hook/ld_library_path_lib.sh'
[0.898s] Level 1:colcon.colcon_core.environment:checking '/home/emzx/ros2_ws/install/my_robot_interfaces/bin'
[0.899s] Level 1:colcon.colcon_core.environment:checking '/home/emzx/ros2_ws/install/my_robot_interfaces/lib/pkgconfig/my_robot_interfaces.pc'
[0.899s] Level 1:colcon.colcon_core.environment:checking '/home/emzx/ros2_ws/install/my_robot_interfaces/lib/python3.12/site-packages'
[0.899s] Level 1:colcon.colcon_core.shell:create_environment_hook('my_robot_interfaces', 'pythonpath')
[0.899s] INFO:colcon.colcon_core.shell:Creating environment hook '/home/emzx/ros2_ws/install/my_robot_interfaces/share/my_robot_interfaces/hook/pythonpath.ps1'
[0.899s] INFO:colcon.colcon_core.shell:Creating environment descriptor '/home/emzx/ros2_ws/install/my_robot_interfaces/share/my_robot_interfaces/hook/pythonpath.dsv'
[0.899s] INFO:colcon.colcon_core.shell:Creating environment hook '/home/emzx/ros2_ws/install/my_robot_interfaces/share/my_robot_interfaces/hook/pythonpath.sh'
[0.900s] Level 1:colcon.colcon_core.environment:checking '/home/emzx/ros2_ws/install/my_robot_interfaces/bin'
[0.900s] INFO:colcon.colcon_core.shell:Creating package script '/home/emzx/ros2_ws/install/my_robot_interfaces/share/my_robot_interfaces/package.ps1'
[0.900s] INFO:colcon.colcon_core.shell:Creating package descriptor '/home/emzx/ros2_ws/install/my_robot_interfaces/share/my_robot_interfaces/package.dsv'
[0.900s] INFO:colcon.colcon_core.shell:Creating package script '/home/emzx/ros2_ws/install/my_robot_interfaces/share/my_robot_interfaces/package.sh'
[0.901s] INFO:colcon.colcon_core.shell:Creating package script '/home/emzx/ros2_ws/install/my_robot_interfaces/share/my_robot_interfaces/package.bash'
[0.901s] INFO:colcon.colcon_core.shell:Creating package script '/home/emzx/ros2_ws/install/my_robot_interfaces/share/my_robot_interfaces/package.zsh'
[0.901s] Level 1:colcon.colcon_core.environment:create_file_with_runtime_dependencies(/home/emzx/ros2_ws/install/my_robot_interfaces/share/colcon-core/packages/my_robot_interfaces)
[0.901s] Level 1:colcon.colcon_core.environment:create_environment_scripts_only(bumperbot_mapping)
[0.901s] Level 1:colcon.colcon_core.environment:checking '/home/emzx/ros2_ws/install/bumperbot_mapping' for CMake module files
[0.902s] Level 1:colcon.colcon_core.environment:checking '/home/emzx/ros2_ws/install/bumperbot_mapping' for CMake config files
[0.902s] DEBUG:colcon.colcon_core.event_handler.log_command:Invoked command in '/home/emzx/ros2_ws/build/bumperbot_mapping' returned '0': CMAKE_PREFIX_PATH=${CMAKE_PREFIX_PATH}:/home/emzx/ros2_ws/install/turtlesim_catch_them_all:/home/emzx/ros2_ws/install/pacote_teste:/home/emzx/ros2_ws/install/bumperbot_utils:/home/emzx/ros2_ws/install/bumperbot_py:/opt/ros/jazzy DEBUGINFOD_URLS=https://debuginfod.ubuntu.com /usr/bin/cmake --install /home/emzx/ros2_ws/build/bumperbot_mapping
[0.902s] Level 1:colcon.colcon_core.shell:create_environment_hook('bumperbot_mapping', 'cmake_prefix_path')
[0.903s] INFO:colcon.colcon_core.shell:Creating environment hook '/home/emzx/ros2_ws/install/bumperbot_mapping/share/bumperbot_mapping/hook/cmake_prefix_path.ps1'
[0.903s] INFO:colcon.colcon_core.shell:Creating environment descriptor '/home/emzx/ros2_ws/install/bumperbot_mapping/share/bumperbot_mapping/hook/cmake_prefix_path.dsv'
[0.903s] INFO:colcon.colcon_core.shell:Creating environment hook '/home/emzx/ros2_ws/install/bumperbot_mapping/share/bumperbot_mapping/hook/cmake_prefix_path.sh'
[0.903s] Level 1:colcon.colcon_core.environment:checking '/home/emzx/ros2_ws/install/bumperbot_mapping/lib'
[0.903s] Level 1:colcon.colcon_core.environment:checking '/home/emzx/ros2_ws/install/bumperbot_mapping/bin'
[0.903s] Level 1:colcon.colcon_core.environment:checking '/home/emzx/ros2_ws/install/bumperbot_mapping/lib/pkgconfig/bumperbot_mapping.pc'
[0.904s] Level 1:colcon.colcon_core.environment:checking '/home/emzx/ros2_ws/install/bumperbot_mapping/lib/python3.12/site-packages'
[0.904s] Level 1:colcon.colcon_core.shell:create_environment_hook('bumperbot_mapping', 'pythonpath')
[0.904s] INFO:colcon.colcon_core.shell:Creating environment hook '/home/emzx/ros2_ws/install/bumperbot_mapping/share/bumperbot_mapping/hook/pythonpath.ps1'
[0.904s] INFO:colcon.colcon_core.shell:Creating environment descriptor '/home/emzx/ros2_ws/install/bumperbot_mapping/share/bumperbot_mapping/hook/pythonpath.dsv'
[0.904s] INFO:colcon.colcon_core.shell:Creating environment hook '/home/emzx/ros2_ws/install/bumperbot_mapping/share/bumperbot_mapping/hook/pythonpath.sh'
[0.904s] Level 1:colcon.colcon_core.environment:checking '/home/emzx/ros2_ws/install/bumperbot_mapping/bin'
[0.905s] INFO:colcon.colcon_core.shell:Creating package script '/home/emzx/ros2_ws/install/bumperbot_mapping/share/bumperbot_mapping/package.ps1'
[0.905s] INFO:colcon.colcon_core.shell:Creating package descriptor '/home/emzx/ros2_ws/install/bumperbot_mapping/share/bumperbot_mapping/package.dsv'
[0.905s] INFO:colcon.colcon_core.shell:Creating package script '/home/emzx/ros2_ws/install/bumperbot_mapping/share/bumperbot_mapping/package.sh'
[0.905s] INFO:colcon.colcon_core.shell:Creating package script '/home/emzx/ros2_ws/install/bumperbot_mapping/share/bumperbot_mapping/package.bash'
[0.906s] INFO:colcon.colcon_core.shell:Creating package script '/home/emzx/ros2_ws/install/bumperbot_mapping/share/bumperbot_mapping/package.zsh'
[0.906s] Level 1:colcon.colcon_core.environment:create_file_with_runtime_dependencies(/home/emzx/ros2_ws/install/bumperbot_mapping/share/colcon-core/packages/bumperbot_mapping)
[0.906s] Level 1:colcon.colcon_core.environment:create_environment_scripts_only(bumperbot_mapping)
[0.906s] Level 1:colcon.colcon_core.environment:checking '/home/emzx/ros2_ws/install/bumperbot_mapping' for CMake module files
[0.906s] Level 1:colcon.colcon_core.environment:checking '/home/emzx/ros2_ws/install/bumperbot_mapping' for CMake config files
[0.907s] Level 1:colcon.colcon_core.shell:create_environment_hook('bumperbot_mapping', 'cmake_prefix_path')
[0.907s] INFO:colcon.colcon_core.shell:Creating environment hook '/home/emzx/ros2_ws/install/bumperbot_mapping/share/bumperbot_mapping/hook/cmake_prefix_path.ps1'
[0.907s] INFO:colcon.colcon_core.shell:Creating environment descriptor '/home/emzx/ros2_ws/install/bumperbot_mapping/share/bumperbot_mapping/hook/cmake_prefix_path.dsv'
[0.907s] INFO:colcon.colcon_core.shell:Creating environment hook '/home/emzx/ros2_ws/install/bumperbot_mapping/share/bumperbot_mapping/hook/cmake_prefix_path.sh'
[0.908s] Level 1:colcon.colcon_core.environment:checking '/home/emzx/ros2_ws/install/bumperbot_mapping/lib'
[0.908s] Level 1:colcon.colcon_core.environment:checking '/home/emzx/ros2_ws/install/bumperbot_mapping/bin'
[0.908s] Level 1:colcon.colcon_core.environment:checking '/home/emzx/ros2_ws/install/bumperbot_mapping/lib/pkgconfig/bumperbot_mapping.pc'
[0.908s] Level 1:colcon.colcon_core.environment:checking '/home/emzx/ros2_ws/install/bumperbot_mapping/lib/python3.12/site-packages'
[0.908s] Level 1:colcon.colcon_core.shell:create_environment_hook('bumperbot_mapping', 'pythonpath')
[0.908s] INFO:colcon.colcon_core.shell:Creating environment hook '/home/emzx/ros2_ws/install/bumperbot_mapping/share/bumperbot_mapping/hook/pythonpath.ps1'
[0.908s] INFO:colcon.colcon_core.shell:Creating environment descriptor '/home/emzx/ros2_ws/install/bumperbot_mapping/share/bumperbot_mapping/hook/pythonpath.dsv'
[0.908s] INFO:colcon.colcon_core.shell:Creating environment hook '/home/emzx/ros2_ws/install/bumperbot_mapping/share/bumperbot_mapping/hook/pythonpath.sh'
[0.909s] Level 1:colcon.colcon_core.environment:checking '/home/emzx/ros2_ws/install/bumperbot_mapping/bin'
[0.909s] INFO:colcon.colcon_core.shell:Creating package script '/home/emzx/ros2_ws/install/bumperbot_mapping/share/bumperbot_mapping/package.ps1'
[0.909s] INFO:colcon.colcon_core.shell:Creating package descriptor '/home/emzx/ros2_ws/install/bumperbot_mapping/share/bumperbot_mapping/package.dsv'
[0.910s] INFO:colcon.colcon_core.shell:Creating package script '/home/emzx/ros2_ws/install/bumperbot_mapping/share/bumperbot_mapping/package.sh'
[0.910s] INFO:colcon.colcon_core.shell:Creating package script '/home/emzx/ros2_ws/install/bumperbot_mapping/share/bumperbot_mapping/package.bash'
[0.910s] INFO:colcon.colcon_core.shell:Creating package script '/home/emzx/ros2_ws/install/bumperbot_mapping/share/bumperbot_mapping/package.zsh'
[0.910s] Level 1:colcon.colcon_core.environment:create_file_with_runtime_dependencies(/home/emzx/ros2_ws/install/bumperbot_mapping/share/colcon-core/packages/bumperbot_mapping)
[0.911s] INFO:colcon.colcon_ros.task.ament_python.build:Building ROS package in '/home/emzx/ros2_ws/src/pacote_teste' with build type 'ament_python'
[0.911s] Level 1:colcon.colcon_core.shell:create_environment_hook('pacote_teste', 'ament_prefix_path')
[0.911s] INFO:colcon.colcon_core.shell:Creating environment hook '/home/emzx/ros2_ws/install/pacote_teste/share/pacote_teste/hook/ament_prefix_path.ps1'
[0.911s] INFO:colcon.colcon_core.shell:Creating environment descriptor '/home/emzx/ros2_ws/install/pacote_teste/share/pacote_teste/hook/ament_prefix_path.dsv'
[0.911s] INFO:colcon.colcon_core.shell:Creating environment hook '/home/emzx/ros2_ws/install/pacote_teste/share/pacote_teste/hook/ament_prefix_path.sh'
[0.912s] INFO:colcon.colcon_core.shell:Skip shell extension 'powershell' for command environment: Not usable outside of PowerShell
[0.912s] DEBUG:colcon.colcon_core.shell:Skip shell extension 'dsv' for command environment
[0.915s] INFO:colcon.colcon_ros.task.ament_python.build:Building ROS package in '/home/emzx/ros2_ws/src/turtlesim_catch_them_all' with build type 'ament_python'
[0.915s] Level 1:colcon.colcon_core.shell:create_environment_hook('turtlesim_catch_them_all', 'ament_prefix_path')
[0.915s] INFO:colcon.colcon_core.shell:Creating environment hook '/home/emzx/ros2_ws/install/turtlesim_catch_them_all/share/turtlesim_catch_them_all/hook/ament_prefix_path.ps1'
[0.915s] INFO:colcon.colcon_core.shell:Creating environment descriptor '/home/emzx/ros2_ws/install/turtlesim_catch_them_all/share/turtlesim_catch_them_all/hook/ament_prefix_path.dsv'
[0.916s] INFO:colcon.colcon_core.shell:Creating environment hook '/home/emzx/ros2_ws/install/turtlesim_catch_them_all/share/turtlesim_catch_them_all/hook/ament_prefix_path.sh'
[0.916s] INFO:colcon.colcon_core.shell:Skip shell extension 'powershell' for command environment: Not usable outside of PowerShell
[0.916s] DEBUG:colcon.colcon_core.shell:Skip shell extension 'dsv' for command environment
[1.094s] INFO:colcon.colcon_core.task.python.build:Building Python package in '/home/emzx/ros2_ws/src/pacote_teste'
[1.094s] INFO:colcon.colcon_core.shell:Skip shell extension 'powershell' for command environment: Not usable outside of PowerShell
[1.094s] DEBUG:colcon.colcon_core.shell:Skip shell extension 'dsv' for command environment
[1.275s] INFO:colcon.colcon_core.task.python.build:Building Python package in '/home/emzx/ros2_ws/src/turtlesim_catch_them_all'
[1.275s] INFO:colcon.colcon_core.shell:Skip shell extension 'powershell' for command environment: Not usable outside of PowerShell
[1.275s] DEBUG:colcon.colcon_core.shell:Skip shell extension 'dsv' for command environment
[1.282s] DEBUG:colcon.colcon_core.event_handler.log_command:Invoking command in '/home/emzx/ros2_ws/src/bumperbot_utils': DEBUGINFOD_URLS=https://debuginfod.ubuntu.com PYTHONPATH=/home/emzx/ros2_ws/build/bumperbot_utils/prefix_override:/usr/lib/python3/dist-packages/colcon_core/task/python/colcon_distutils_commands:/home/emzx/ros2_ws/install/bumperbot_utils/lib/python3.12/site-packages:${PYTHONPATH} /usr/bin/python3 -W ignore:setup.py install is deprecated -W ignore:easy_install command is deprecated setup.py egg_info --egg-base ../../build/bumperbot_utils build --build-base /home/emzx/ros2_ws/build/bumperbot_utils/build install --record /home/emzx/ros2_ws/build/bumperbot_utils/install.log --single-version-externally-managed install_data
[1.283s] DEBUG:colcon.colcon_core.event_handler.log_command:Invoking command in '/home/emzx/ros2_ws/src/bumperbot_py': DEBUGINFOD_URLS=https://debuginfod.ubuntu.com PYTHONPATH=/home/emzx/ros2_ws/build/bumperbot_py/prefix_override:/usr/lib/python3/dist-packages/colcon_core/task/python/colcon_distutils_commands:/home/emzx/ros2_ws/install/bumperbot_py/lib/python3.12/site-packages:${PYTHONPATH} /usr/bin/python3 -W ignore:setup.py install is deprecated -W ignore:easy_install command is deprecated setup.py egg_info --egg-base ../../build/bumperbot_py build --build-base /home/emzx/ros2_ws/build/bumperbot_py/build install --record /home/emzx/ros2_ws/build/bumperbot_py/install.log --single-version-externally-managed install_data
[1.751s] Level 1:colcon.colcon_core.environment:checking '/home/emzx/ros2_ws/install/bumperbot_utils' for CMake module files
[1.752s] DEBUG:colcon.colcon_core.event_handler.log_command:Invoked command in '/home/emzx/ros2_ws/src/bumperbot_utils' returned '0': DEBUGINFOD_URLS=https://debuginfod.ubuntu.com PYTHONPATH=/home/emzx/ros2_ws/build/bumperbot_utils/prefix_override:/usr/lib/python3/dist-packages/colcon_core/task/python/colcon_distutils_commands:/home/emzx/ros2_ws/install/bumperbot_utils/lib/python3.12/site-packages:${PYTHONPATH} /usr/bin/python3 -W ignore:setup.py install is deprecated -W ignore:easy_install command is deprecated setup.py egg_info --egg-base ../../build/bumperbot_utils build --build-base /home/emzx/ros2_ws/build/bumperbot_utils/build install --record /home/emzx/ros2_ws/build/bumperbot_utils/install.log --single-version-externally-managed install_data
[1.753s] Level 1:colcon.colcon_core.environment:checking '/home/emzx/ros2_ws/install/bumperbot_utils' for CMake config files
[1.753s] Level 1:colcon.colcon_core.environment:checking '/home/emzx/ros2_ws/install/bumperbot_utils/lib'
[1.753s] Level 1:colcon.colcon_core.environment:checking '/home/emzx/ros2_ws/install/bumperbot_utils/bin'
[1.753s] Level 1:colcon.colcon_core.environment:checking '/home/emzx/ros2_ws/install/bumperbot_utils/lib/pkgconfig/bumperbot_utils.pc'
[1.754s] Level 1:colcon.colcon_core.environment:checking '/home/emzx/ros2_ws/install/bumperbot_utils/lib/python3.12/site-packages'
[1.754s] Level 1:colcon.colcon_core.shell:create_environment_hook('bumperbot_utils', 'pythonpath')
[1.754s] INFO:colcon.colcon_core.shell:Creating environment hook '/home/emzx/ros2_ws/install/bumperbot_utils/share/bumperbot_utils/hook/pythonpath.ps1'
[1.754s] INFO:colcon.colcon_core.shell:Creating environment descriptor '/home/emzx/ros2_ws/install/bumperbot_utils/share/bumperbot_utils/hook/pythonpath.dsv'
[1.755s] INFO:colcon.colcon_core.shell:Creating environment hook '/home/emzx/ros2_ws/install/bumperbot_utils/share/bumperbot_utils/hook/pythonpath.sh'
[1.755s] Level 1:colcon.colcon_core.environment:checking '/home/emzx/ros2_ws/install/bumperbot_utils/bin'
[1.755s] Level 1:colcon.colcon_core.environment:create_environment_scripts_only(bumperbot_utils)
[1.756s] INFO:colcon.colcon_core.shell:Creating package script '/home/emzx/ros2_ws/install/bumperbot_utils/share/bumperbot_utils/package.ps1'
[1.756s] INFO:colcon.colcon_core.shell:Creating package descriptor '/home/emzx/ros2_ws/install/bumperbot_utils/share/bumperbot_utils/package.dsv'
[1.757s] INFO:colcon.colcon_core.shell:Creating package script '/home/emzx/ros2_ws/install/bumperbot_utils/share/bumperbot_utils/package.sh'
[1.757s] INFO:colcon.colcon_core.shell:Creating package script '/home/emzx/ros2_ws/install/bumperbot_utils/share/bumperbot_utils/package.bash'
[1.757s] INFO:colcon.colcon_core.shell:Creating package script '/home/emzx/ros2_ws/install/bumperbot_utils/share/bumperbot_utils/package.zsh'
[1.758s] Level 1:colcon.colcon_core.environment:create_file_with_runtime_dependencies(/home/emzx/ros2_ws/install/bumperbot_utils/share/colcon-core/packages/bumperbot_utils)
[1.759s] Level 1:colcon.colcon_core.environment:checking '/home/emzx/ros2_ws/install/bumperbot_py' for CMake module files
[1.760s] DEBUG:colcon.colcon_core.event_handler.log_command:Invoked command in '/home/emzx/ros2_ws/src/bumperbot_py' returned '0': DEBUGINFOD_URLS=https://debuginfod.ubuntu.com PYTHONPATH=/home/emzx/ros2_ws/build/bumperbot_py/prefix_override:/usr/lib/python3/dist-packages/colcon_core/task/python/colcon_distutils_commands:/home/emzx/ros2_ws/install/bumperbot_py/lib/python3.12/site-packages:${PYTHONPATH} /usr/bin/python3 -W ignore:setup.py install is deprecated -W ignore:easy_install command is deprecated setup.py egg_info --egg-base ../../build/bumperbot_py build --build-base /home/emzx/ros2_ws/build/bumperbot_py/build install --record /home/emzx/ros2_ws/build/bumperbot_py/install.log --single-version-externally-managed install_data
[1.760s] Level 1:colcon.colcon_core.environment:checking '/home/emzx/ros2_ws/install/bumperbot_py' for CMake config files
[1.761s] Level 1:colcon.colcon_core.environment:checking '/home/emzx/ros2_ws/install/bumperbot_py/lib'
[1.761s] Level 1:colcon.colcon_core.environment:checking '/home/emzx/ros2_ws/install/bumperbot_py/bin'
[1.761s] Level 1:colcon.colcon_core.environment:checking '/home/emzx/ros2_ws/install/bumperbot_py/lib/pkgconfig/bumperbot_py.pc'
[1.761s] Level 1:colcon.colcon_core.environment:checking '/home/emzx/ros2_ws/install/bumperbot_py/lib/python3.12/site-packages'
[1.762s] Level 1:colcon.colcon_core.shell:create_environment_hook('bumperbot_py', 'pythonpath')
[1.762s] INFO:colcon.colcon_core.shell:Creating environment hook '/home/emzx/ros2_ws/install/bumperbot_py/share/bumperbot_py/hook/pythonpath.ps1'
[1.762s] INFO:colcon.colcon_core.shell:Creating environment descriptor '/home/emzx/ros2_ws/install/bumperbot_py/share/bumperbot_py/hook/pythonpath.dsv'
[1.763s] INFO:colcon.colcon_core.shell:Creating environment hook '/home/emzx/ros2_ws/install/bumperbot_py/share/bumperbot_py/hook/pythonpath.sh'
[1.764s] Level 1:colcon.colcon_core.environment:checking '/home/emzx/ros2_ws/install/bumperbot_py/bin'
[1.764s] Level 1:colcon.colcon_core.environment:create_environment_scripts_only(bumperbot_py)
[1.764s] INFO:colcon.colcon_core.shell:Creating package script '/home/emzx/ros2_ws/install/bumperbot_py/share/bumperbot_py/package.ps1'
[1.764s] INFO:colcon.colcon_core.shell:Creating package descriptor '/home/emzx/ros2_ws/install/bumperbot_py/share/bumperbot_py/package.dsv'
[1.765s] INFO:colcon.colcon_core.shell:Creating package script '/home/emzx/ros2_ws/install/bumperbot_py/share/bumperbot_py/package.sh'
[1.765s] INFO:colcon.colcon_core.shell:Creating package script '/home/emzx/ros2_ws/install/bumperbot_py/share/bumperbot_py/package.bash'
[1.766s] INFO:colcon.colcon_core.shell:Creating package script '/home/emzx/ros2_ws/install/bumperbot_py/share/bumperbot_py/package.zsh'
[1.766s] Level 1:colcon.colcon_core.environment:create_file_with_runtime_dependencies(/home/emzx/ros2_ws/install/bumperbot_py/share/colcon-core/packages/bumperbot_py)
[1.790s] DEBUG:colcon.colcon_core.event_handler.log_command:Invoking command in '/home/emzx/ros2_ws/src/pacote_teste': CMAKE_PREFIX_PATH=/home/emzx/ros2_ws/install/my_robot_interfaces:/home/emzx/ros2_ws/install/my_robot_bringup:/home/emzx/ros2_ws/install/bumperbot_mapping:/home/emzx/ros2_ws/install/bumperbot_localization:/home/emzx/ros2_ws/install/bumperbot_description:/home/emzx/ros2_ws/install/bumperbot_controller:/home/emzx/ros2_ws/install/bumperbot_bringup:/opt/ros/jazzy/opt/gz_sim_vendor:/opt/ros/jazzy/opt/gz_sensors_vendor:/opt/ros/jazzy/opt/gz_physics_vendor:/opt/ros/jazzy/opt/sdformat_vendor:/opt/ros/jazzy/opt/gz_gui_vendor:/opt/ros/jazzy/opt/gz_transport_vendor:/opt/ros/jazzy/opt/gz_rendering_vendor:/opt/ros/jazzy/opt/gz_plugin_vendor:/opt/ros/jazzy/opt/gz_fuel_tools_vendor:/opt/ros/jazzy/opt/gz_msgs_vendor:/opt/ros/jazzy/opt/gz_common_vendor:/opt/ros/jazzy/opt/gz_math_vendor:/opt/ros/jazzy/opt/gz_utils_vendor:/opt/ros/jazzy/opt/gz_tools_vendor:/opt/ros/jazzy/opt/gz_ogre_next_vendor:/opt/ros/jazzy/opt/gz_dartsim_vendor:/opt/ros/jazzy/opt/gz_cmake_vendor DEBUGINFOD_URLS=https://debuginfod.ubuntu.com PYTHONPATH=/home/emzx/ros2_ws/build/pacote_teste/prefix_override:/usr/lib/python3/dist-packages/colcon_core/task/python/colcon_distutils_commands:/home/emzx/ros2_ws/install/pacote_teste/lib/python3.12/site-packages:/home/emzx/ros2_ws/install/my_robot_interfaces/lib/python3.12/site-packages:/home/emzx/ros2_ws/install/turtlesim_catch_them_all/lib/python3.12/site-packages:/home/emzx/ros2_ws/install/pacote_teste/lib/python3.12/site-packages:/home/emzx/ros2_ws/install/bumperbot_utils/lib/python3.12/site-packages:/home/emzx/ros2_ws/install/bumperbot_py/lib/python3.12/site-packages:/home/emzx/ros2_ws/install/bumperbot_mapping/lib/python3.12/site-packages:/home/emzx/ros2_ws/install/bumperbot_localization/lib/python3.12/site-packages:/home/emzx/ros2_ws/install/bumperbot_controller/lib/python3.12/site-packages:/opt/ros/jazzy/lib/python3.12/site-packages /usr/bin/python3 -W ignore:setup.py install is deprecated -W ignore:easy_install command is deprecated setup.py egg_info --egg-base ../../build/pacote_teste build --build-base /home/emzx/ros2_ws/build/pacote_teste/build install --record /home/emzx/ros2_ws/build/pacote_teste/install.log --single-version-externally-managed install_data
[1.797s] DEBUG:colcon.colcon_core.event_handler.log_command:Invoking command in '/home/emzx/ros2_ws/src/turtlesim_catch_them_all': CMAKE_PREFIX_PATH=/home/emzx/ros2_ws/install/my_robot_interfaces:/home/emzx/ros2_ws/install/my_robot_bringup:/home/emzx/ros2_ws/install/bumperbot_mapping:/home/emzx/ros2_ws/install/bumperbot_localization:/home/emzx/ros2_ws/install/bumperbot_description:/home/emzx/ros2_ws/install/bumperbot_controller:/home/emzx/ros2_ws/install/bumperbot_bringup:/opt/ros/jazzy/opt/gz_sim_vendor:/opt/ros/jazzy/opt/gz_sensors_vendor:/opt/ros/jazzy/opt/gz_physics_vendor:/opt/ros/jazzy/opt/sdformat_vendor:/opt/ros/jazzy/opt/gz_gui_vendor:/opt/ros/jazzy/opt/gz_transport_vendor:/opt/ros/jazzy/opt/gz_rendering_vendor:/opt/ros/jazzy/opt/gz_plugin_vendor:/opt/ros/jazzy/opt/gz_fuel_tools_vendor:/opt/ros/jazzy/opt/gz_msgs_vendor:/opt/ros/jazzy/opt/gz_common_vendor:/opt/ros/jazzy/opt/gz_math_vendor:/opt/ros/jazzy/opt/gz_utils_vendor:/opt/ros/jazzy/opt/gz_tools_vendor:/opt/ros/jazzy/opt/gz_ogre_next_vendor:/opt/ros/jazzy/opt/gz_dartsim_vendor:/opt/ros/jazzy/opt/gz_cmake_vendor DEBUGINFOD_URLS=https://debuginfod.ubuntu.com PYTHONPATH=/home/emzx/ros2_ws/build/turtlesim_catch_them_all/prefix_override:/usr/lib/python3/dist-packages/colcon_core/task/python/colcon_distutils_commands:/home/emzx/ros2_ws/install/turtlesim_catch_them_all/lib/python3.12/site-packages:/home/emzx/ros2_ws/install/my_robot_interfaces/lib/python3.12/site-packages:/home/emzx/ros2_ws/install/turtlesim_catch_them_all/lib/python3.12/site-packages:/home/emzx/ros2_ws/install/pacote_teste/lib/python3.12/site-packages:/home/emzx/ros2_ws/install/bumperbot_utils/lib/python3.12/site-packages:/home/emzx/ros2_ws/install/bumperbot_py/lib/python3.12/site-packages:/home/emzx/ros2_ws/install/bumperbot_mapping/lib/python3.12/site-packages:/home/emzx/ros2_ws/install/bumperbot_localization/lib/python3.12/site-packages:/home/emzx/ros2_ws/install/bumperbot_controller/lib/python3.12/site-packages:/opt/ros/jazzy/lib/python3.12/site-packages /usr/bin/python3 -W ignore:setup.py install is deprecated -W ignore:easy_install command is deprecated setup.py egg_info --egg-base ../../build/turtlesim_catch_them_all build --build-base /home/emzx/ros2_ws/build/turtlesim_catch_them_all/build install --record /home/emzx/ros2_ws/build/turtlesim_catch_them_all/install.log --single-version-externally-managed install_data
[2.245s] Level 1:colcon.colcon_core.environment:checking '/home/emzx/ros2_ws/install/pacote_teste' for CMake module files
[2.246s] DEBUG:colcon.colcon_core.event_handler.log_command:Invoked command in '/home/emzx/ros2_ws/src/pacote_teste' returned '0': CMAKE_PREFIX_PATH=/home/emzx/ros2_ws/install/my_robot_interfaces:/home/emzx/ros2_ws/install/my_robot_bringup:/home/emzx/ros2_ws/install/bumperbot_mapping:/home/emzx/ros2_ws/install/bumperbot_localization:/home/emzx/ros2_ws/install/bumperbot_description:/home/emzx/ros2_ws/install/bumperbot_controller:/home/emzx/ros2_ws/install/bumperbot_bringup:/opt/ros/jazzy/opt/gz_sim_vendor:/opt/ros/jazzy/opt/gz_sensors_vendor:/opt/ros/jazzy/opt/gz_physics_vendor:/opt/ros/jazzy/opt/sdformat_vendor:/opt/ros/jazzy/opt/gz_gui_vendor:/opt/ros/jazzy/opt/gz_transport_vendor:/opt/ros/jazzy/opt/gz_rendering_vendor:/opt/ros/jazzy/opt/gz_plugin_vendor:/opt/ros/jazzy/opt/gz_fuel_tools_vendor:/opt/ros/jazzy/opt/gz_msgs_vendor:/opt/ros/jazzy/opt/gz_common_vendor:/opt/ros/jazzy/opt/gz_math_vendor:/opt/ros/jazzy/opt/gz_utils_vendor:/opt/ros/jazzy/opt/gz_tools_vendor:/opt/ros/jazzy/opt/gz_ogre_next_vendor:/opt/ros/jazzy/opt/gz_dartsim_vendor:/opt/ros/jazzy/opt/gz_cmake_vendor DEBUGINFOD_URLS=https://debuginfod.ubuntu.com PYTHONPATH=/home/emzx/ros2_ws/build/pacote_teste/prefix_override:/usr/lib/python3/dist-packages/colcon_core/task/python/colcon_distutils_commands:/home/emzx/ros2_ws/install/pacote_teste/lib/python3.12/site-packages:/home/emzx/ros2_ws/install/my_robot_interfaces/lib/python3.12/site-packages:/home/emzx/ros2_ws/install/turtlesim_catch_them_all/lib/python3.12/site-packages:/home/emzx/ros2_ws/install/pacote_teste/lib/python3.12/site-packages:/home/emzx/ros2_ws/install/bumperbot_utils/lib/python3.12/site-packages:/home/emzx/ros2_ws/install/bumperbot_py/lib/python3.12/site-packages:/home/emzx/ros2_ws/install/bumperbot_mapping/lib/python3.12/site-packages:/home/emzx/ros2_ws/install/bumperbot_localization/lib/python3.12/site-packages:/home/emzx/ros2_ws/install/bumperbot_controller/lib/python3.12/site-packages:/opt/ros/jazzy/lib/python3.12/site-packages /usr/bin/python3 -W ignore:setup.py install is deprecated -W ignore:easy_install command is deprecated setup.py egg_info --egg-base ../../build/pacote_teste build --build-base /home/emzx/ros2_ws/build/pacote_teste/build install --record /home/emzx/ros2_ws/build/pacote_teste/install.log --single-version-externally-managed install_data
[2.246s] Level 1:colcon.colcon_core.environment:checking '/home/emzx/ros2_ws/install/pacote_teste' for CMake config files
[2.246s] Level 1:colcon.colcon_core.environment:checking '/home/emzx/ros2_ws/install/pacote_teste/lib'
[2.246s] Level 1:colcon.colcon_core.environment:checking '/home/emzx/ros2_ws/install/pacote_teste/bin'
[2.247s] Level 1:colcon.colcon_core.environment:checking '/home/emzx/ros2_ws/install/pacote_teste/lib/pkgconfig/pacote_teste.pc'
[2.247s] Level 1:colcon.colcon_core.environment:checking '/home/emzx/ros2_ws/install/pacote_teste/lib/python3.12/site-packages'
[2.247s] Level 1:colcon.colcon_core.shell:create_environment_hook('pacote_teste', 'pythonpath')
[2.247s] INFO:colcon.colcon_core.shell:Creating environment hook '/home/emzx/ros2_ws/install/pacote_teste/share/pacote_teste/hook/pythonpath.ps1'
[2.247s] INFO:colcon.colcon_core.shell:Creating environment descriptor '/home/emzx/ros2_ws/install/pacote_teste/share/pacote_teste/hook/pythonpath.dsv'
[2.248s] INFO:colcon.colcon_core.shell:Creating environment hook '/home/emzx/ros2_ws/install/pacote_teste/share/pacote_teste/hook/pythonpath.sh'
[2.248s] Level 1:colcon.colcon_core.environment:checking '/home/emzx/ros2_ws/install/pacote_teste/bin'
[2.248s] Level 1:colcon.colcon_core.environment:create_environment_scripts_only(pacote_teste)
[2.248s] INFO:colcon.colcon_core.shell:Creating package script '/home/emzx/ros2_ws/install/pacote_teste/share/pacote_teste/package.ps1'
[2.248s] INFO:colcon.colcon_core.shell:Creating package descriptor '/home/emzx/ros2_ws/install/pacote_teste/share/pacote_teste/package.dsv'
[2.249s] INFO:colcon.colcon_core.shell:Creating package script '/home/emzx/ros2_ws/install/pacote_teste/share/pacote_teste/package.sh'
[2.249s] INFO:colcon.colcon_core.shell:Creating package script '/home/emzx/ros2_ws/install/pacote_teste/share/pacote_teste/package.bash'
[2.249s] INFO:colcon.colcon_core.shell:Creating package script '/home/emzx/ros2_ws/install/pacote_teste/share/pacote_teste/package.zsh'
[2.249s] Level 1:colcon.colcon_core.environment:create_file_with_runtime_dependencies(/home/emzx/ros2_ws/install/pacote_teste/share/colcon-core/packages/pacote_teste)
[2.250s] INFO:colcon.colcon_ros.task.ament_cmake.build:Building ROS package in '/home/emzx/ros2_ws/src/my_robot_bringup' with build type 'ament_cmake'
[2.250s] INFO:colcon.colcon_cmake.task.cmake.build:Building CMake package in '/home/emzx/ros2_ws/src/my_robot_bringup'
[2.250s] INFO:colcon.colcon_core.shell:Skip shell extension 'powershell' for command environment: Not usable outside of PowerShell
[2.250s] DEBUG:colcon.colcon_core.shell:Skip shell extension 'dsv' for command environment
[2.259s] DEBUG:colcon.colcon_core.event_handler.log_command:Invoking command in '/home/emzx/ros2_ws/build/my_robot_bringup': AMENT_PREFIX_PATH=/home/emzx/ros2_ws/install/pacote_teste:/home/emzx/ros2_ws/install/turtlesim_catch_them_all:/home/emzx/ros2_ws/install/my_robot_bringup:/home/emzx/ros2_ws/install/my_robot_interfaces:/home/emzx/ros2_ws/install/bumperbot_utils:/home/emzx/ros2_ws/install/bumperbot_py:/home/emzx/ros2_ws/install/bumperbot_mapping:/home/emzx/ros2_ws/install/bumperbot_localization:/home/emzx/ros2_ws/install/bumperbot_description:/home/emzx/ros2_ws/install/bumperbot_controller:/home/emzx/ros2_ws/install/bumperbot_bringup:/opt/ros/jazzy CMAKE_PREFIX_PATH=/home/emzx/ros2_ws/install/my_robot_interfaces:/home/emzx/ros2_ws/install/my_robot_bringup:/home/emzx/ros2_ws/install/bumperbot_mapping:/home/emzx/ros2_ws/install/bumperbot_localization:/home/emzx/ros2_ws/install/bumperbot_description:/home/emzx/ros2_ws/install/bumperbot_controller:/home/emzx/ros2_ws/install/bumperbot_bringup:/opt/ros/jazzy/opt/gz_sim_vendor:/opt/ros/jazzy/opt/gz_sensors_vendor:/opt/ros/jazzy/opt/gz_physics_vendor:/opt/ros/jazzy/opt/sdformat_vendor:/opt/ros/jazzy/opt/gz_gui_vendor:/opt/ros/jazzy/opt/gz_transport_vendor:/opt/ros/jazzy/opt/gz_rendering_vendor:/opt/ros/jazzy/opt/gz_plugin_vendor:/opt/ros/jazzy/opt/gz_fuel_tools_vendor:/opt/ros/jazzy/opt/gz_msgs_vendor:/opt/ros/jazzy/opt/gz_common_vendor:/opt/ros/jazzy/opt/gz_math_vendor:/opt/ros/jazzy/opt/gz_utils_vendor:/opt/ros/jazzy/opt/gz_tools_vendor:/opt/ros/jazzy/opt/gz_ogre_next_vendor:/opt/ros/jazzy/opt/gz_dartsim_vendor:/opt/ros/jazzy/opt/gz_cmake_vendor:/home/emzx/ros2_ws/install/turtlesim_catch_them_all:/home/emzx/ros2_ws/install/pacote_teste:/home/emzx/ros2_ws/install/bumperbot_utils:/home/emzx/ros2_ws/install/bumperbot_py:/opt/ros/jazzy DEBUGINFOD_URLS=https://debuginfod.ubuntu.com PYTHONPATH=/home/emzx/ros2_ws/install/pacote_teste/lib/python3.12/site-packages:/home/emzx/ros2_ws/install/my_robot_interfaces/lib/python3.12/site-packages:/home/emzx/ros2_ws/install/turtlesim_catch_them_all/lib/python3.12/site-packages:/home/emzx/ros2_ws/install/bumperbot_utils/lib/python3.12/site-packages:/home/emzx/ros2_ws/install/bumperbot_py/lib/python3.12/site-packages:/home/emzx/ros2_ws/install/bumperbot_mapping/lib/python3.12/site-packages:/home/emzx/ros2_ws/install/bumperbot_localization/lib/python3.12/site-packages:/home/emzx/ros2_ws/install/bumperbot_controller/lib/python3.12/site-packages:/opt/ros/jazzy/lib/python3.12/site-packages /usr/bin/cmake --build /home/emzx/ros2_ws/build/my_robot_bringup -- -j8 -l8
[2.259s] Level 1:colcon.colcon_core.environment:checking '/home/emzx/ros2_ws/install/turtlesim_catch_them_all' for CMake module files
[2.259s] DEBUG:colcon.colcon_core.event_handler.log_command:Invoked command in '/home/emzx/ros2_ws/src/turtlesim_catch_them_all' returned '0': CMAKE_PREFIX_PATH=/home/emzx/ros2_ws/install/my_robot_interfaces:/home/emzx/ros2_ws/install/my_robot_bringup:/home/emzx/ros2_ws/install/bumperbot_mapping:/home/emzx/ros2_ws/install/bumperbot_localization:/home/emzx/ros2_ws/install/bumperbot_description:/home/emzx/ros2_ws/install/bumperbot_controller:/home/emzx/ros2_ws/install/bumperbot_bringup:/opt/ros/jazzy/opt/gz_sim_vendor:/opt/ros/jazzy/opt/gz_sensors_vendor:/opt/ros/jazzy/opt/gz_physics_vendor:/opt/ros/jazzy/opt/sdformat_vendor:/opt/ros/jazzy/opt/gz_gui_vendor:/opt/ros/jazzy/opt/gz_transport_vendor:/opt/ros/jazzy/opt/gz_rendering_vendor:/opt/ros/jazzy/opt/gz_plugin_vendor:/opt/ros/jazzy/opt/gz_fuel_tools_vendor:/opt/ros/jazzy/opt/gz_msgs_vendor:/opt/ros/jazzy/opt/gz_common_vendor:/opt/ros/jazzy/opt/gz_math_vendor:/opt/ros/jazzy/opt/gz_utils_vendor:/opt/ros/jazzy/opt/gz_tools_vendor:/opt/ros/jazzy/opt/gz_ogre_next_vendor:/opt/ros/jazzy/opt/gz_dartsim_vendor:/opt/ros/jazzy/opt/gz_cmake_vendor DEBUGINFOD_URLS=https://debuginfod.ubuntu.com PYTHONPATH=/home/emzx/ros2_ws/build/turtlesim_catch_them_all/prefix_override:/usr/lib/python3/dist-packages/colcon_core/task/python/colcon_distutils_commands:/home/emzx/ros2_ws/install/turtlesim_catch_them_all/lib/python3.12/site-packages:/home/emzx/ros2_ws/install/my_robot_interfaces/lib/python3.12/site-packages:/home/emzx/ros2_ws/install/turtlesim_catch_them_all/lib/python3.12/site-packages:/home/emzx/ros2_ws/install/pacote_teste/lib/python3.12/site-packages:/home/emzx/ros2_ws/install/bumperbot_utils/lib/python3.12/site-packages:/home/emzx/ros2_ws/install/bumperbot_py/lib/python3.12/site-packages:/home/emzx/ros2_ws/install/bumperbot_mapping/lib/python3.12/site-packages:/home/emzx/ros2_ws/install/bumperbot_localization/lib/python3.12/site-packages:/home/emzx/ros2_ws/install/bumperbot_controller/lib/python3.12/site-packages:/opt/ros/jazzy/lib/python3.12/site-packages /usr/bin/python3 -W ignore:setup.py install is deprecated -W ignore:easy_install command is deprecated setup.py egg_info --egg-base ../../build/turtlesim_catch_them_all build --build-base /home/emzx/ros2_ws/build/turtlesim_catch_them_all/build install --record /home/emzx/ros2_ws/build/turtlesim_catch_them_all/install.log --single-version-externally-managed install_data
[2.260s] Level 1:colcon.colcon_core.environment:checking '/home/emzx/ros2_ws/install/turtlesim_catch_them_all' for CMake config files
[2.260s] Level 1:colcon.colcon_core.environment:checking '/home/emzx/ros2_ws/install/turtlesim_catch_them_all/lib'
[2.260s] Level 1:colcon.colcon_core.environment:checking '/home/emzx/ros2_ws/install/turtlesim_catch_them_all/bin'
[2.260s] Level 1:colcon.colcon_core.environment:checking '/home/emzx/ros2_ws/install/turtlesim_catch_them_all/lib/pkgconfig/turtlesim_catch_them_all.pc'
[2.260s] Level 1:colcon.colcon_core.environment:checking '/home/emzx/ros2_ws/install/turtlesim_catch_them_all/lib/python3.12/site-packages'
[2.260s] Level 1:colcon.colcon_core.shell:create_environment_hook('turtlesim_catch_them_all', 'pythonpath')
[2.260s] INFO:colcon.colcon_core.shell:Creating environment hook '/home/emzx/ros2_ws/install/turtlesim_catch_them_all/share/turtlesim_catch_them_all/hook/pythonpath.ps1'
[2.261s] INFO:colcon.colcon_core.shell:Creating environment descriptor '/home/emzx/ros2_ws/install/turtlesim_catch_them_all/share/turtlesim_catch_them_all/hook/pythonpath.dsv'
[2.261s] INFO:colcon.colcon_core.shell:Creating environment hook '/home/emzx/ros2_ws/install/turtlesim_catch_them_all/share/turtlesim_catch_them_all/hook/pythonpath.sh'
[2.261s] Level 1:colcon.colcon_core.environment:checking '/home/emzx/ros2_ws/install/turtlesim_catch_them_all/bin'
[2.261s] Level 1:colcon.colcon_core.environment:create_environment_scripts_only(turtlesim_catch_them_all)
[2.262s] INFO:colcon.colcon_core.shell:Creating package script '/home/emzx/ros2_ws/install/turtlesim_catch_them_all/share/turtlesim_catch_them_all/package.ps1'
[2.262s] INFO:colcon.colcon_core.shell:Creating package descriptor '/home/emzx/ros2_ws/install/turtlesim_catch_them_all/share/turtlesim_catch_them_all/package.dsv'
[2.262s] INFO:colcon.colcon_core.shell:Creating package script '/home/emzx/ros2_ws/install/turtlesim_catch_them_all/share/turtlesim_catch_them_all/package.sh'
[2.263s] INFO:colcon.colcon_core.shell:Creating package script '/home/emzx/ros2_ws/install/turtlesim_catch_them_all/share/turtlesim_catch_them_all/package.bash'
[2.263s] INFO:colcon.colcon_core.shell:Creating package script '/home/emzx/ros2_ws/install/turtlesim_catch_them_all/share/turtlesim_catch_them_all/package.zsh'
[2.263s] Level 1:colcon.colcon_core.environment:create_file_with_runtime_dependencies(/home/emzx/ros2_ws/install/turtlesim_catch_them_all/share/colcon-core/packages/turtlesim_catch_them_all)
[2.287s] DEBUG:colcon.colcon_core.event_handler.log_command:Invoked command in '/home/emzx/ros2_ws/build/my_robot_bringup' returned '0': AMENT_PREFIX_PATH=/home/emzx/ros2_ws/install/pacote_teste:/home/emzx/ros2_ws/install/turtlesim_catch_them_all:/home/emzx/ros2_ws/install/my_robot_bringup:/home/emzx/ros2_ws/install/my_robot_interfaces:/home/emzx/ros2_ws/install/bumperbot_utils:/home/emzx/ros2_ws/install/bumperbot_py:/home/emzx/ros2_ws/install/bumperbot_mapping:/home/emzx/ros2_ws/install/bumperbot_localization:/home/emzx/ros2_ws/install/bumperbot_description:/home/emzx/ros2_ws/install/bumperbot_controller:/home/emzx/ros2_ws/install/bumperbot_bringup:/opt/ros/jazzy CMAKE_PREFIX_PATH=/home/emzx/ros2_ws/install/my_robot_interfaces:/home/emzx/ros2_ws/install/my_robot_bringup:/home/emzx/ros2_ws/install/bumperbot_mapping:/home/emzx/ros2_ws/install/bumperbot_localization:/home/emzx/ros2_ws/install/bumperbot_description:/home/emzx/ros2_ws/install/bumperbot_controller:/home/emzx/ros2_ws/install/bumperbot_bringup:/opt/ros/jazzy/opt/gz_sim_vendor:/opt/ros/jazzy/opt/gz_sensors_vendor:/opt/ros/jazzy/opt/gz_physics_vendor:/opt/ros/jazzy/opt/sdformat_vendor:/opt/ros/jazzy/opt/gz_gui_vendor:/opt/ros/jazzy/opt/gz_transport_vendor:/opt/ros/jazzy/opt/gz_rendering_vendor:/opt/ros/jazzy/opt/gz_plugin_vendor:/opt/ros/jazzy/opt/gz_fuel_tools_vendor:/opt/ros/jazzy/opt/gz_msgs_vendor:/opt/ros/jazzy/opt/gz_common_vendor:/opt/ros/jazzy/opt/gz_math_vendor:/opt/ros/jazzy/opt/gz_utils_vendor:/opt/ros/jazzy/opt/gz_tools_vendor:/opt/ros/jazzy/opt/gz_ogre_next_vendor:/opt/ros/jazzy/opt/gz_dartsim_vendor:/opt/ros/jazzy/opt/gz_cmake_vendor:/home/emzx/ros2_ws/install/turtlesim_catch_them_all:/home/emzx/ros2_ws/install/pacote_teste:/home/emzx/ros2_ws/install/bumperbot_utils:/home/emzx/ros2_ws/install/bumperbot_py:/opt/ros/jazzy DEBUGINFOD_URLS=https://debuginfod.ubuntu.com PYTHONPATH=/home/emzx/ros2_ws/install/pacote_teste/lib/python3.12/site-packages:/home/emzx/ros2_ws/install/my_robot_interfaces/lib/python3.12/site-packages:/home/emzx/ros2_ws/install/turtlesim_catch_them_all/lib/python3.12/site-packages:/home/emzx/ros2_ws/install/bumperbot_utils/lib/python3.12/site-packages:/home/emzx/ros2_ws/install/bumperbot_py/lib/python3.12/site-packages:/home/emzx/ros2_ws/install/bumperbot_mapping/lib/python3.12/site-packages:/home/emzx/ros2_ws/install/bumperbot_localization/lib/python3.12/site-packages:/home/emzx/ros2_ws/install/bumperbot_controller/lib/python3.12/site-packages:/opt/ros/jazzy/lib/python3.12/site-packages /usr/bin/cmake --build /home/emzx/ros2_ws/build/my_robot_bringup -- -j8 -l8
[2.288s] DEBUG:colcon.colcon_core.event_handler.log_command:Invoking command in '/home/emzx/ros2_ws/build/my_robot_bringup': AMENT_PREFIX_PATH=/home/emzx/ros2_ws/install/pacote_teste:/home/emzx/ros2_ws/install/turtlesim_catch_them_all:/home/emzx/ros2_ws/install/my_robot_bringup:/home/emzx/ros2_ws/install/my_robot_interfaces:/home/emzx/ros2_ws/install/bumperbot_utils:/home/emzx/ros2_ws/install/bumperbot_py:/home/emzx/ros2_ws/install/bumperbot_mapping:/home/emzx/ros2_ws/install/bumperbot_localization:/home/emzx/ros2_ws/install/bumperbot_description:/home/emzx/ros2_ws/install/bumperbot_controller:/home/emzx/ros2_ws/install/bumperbot_bringup:/opt/ros/jazzy CMAKE_PREFIX_PATH=/home/emzx/ros2_ws/install/my_robot_interfaces:/home/emzx/ros2_ws/install/my_robot_bringup:/home/emzx/ros2_ws/install/bumperbot_mapping:/home/emzx/ros2_ws/install/bumperbot_localization:/home/emzx/ros2_ws/install/bumperbot_description:/home/emzx/ros2_ws/install/bumperbot_controller:/home/emzx/ros2_ws/install/bumperbot_bringup:/opt/ros/jazzy/opt/gz_sim_vendor:/opt/ros/jazzy/opt/gz_sensors_vendor:/opt/ros/jazzy/opt/gz_physics_vendor:/opt/ros/jazzy/opt/sdformat_vendor:/opt/ros/jazzy/opt/gz_gui_vendor:/opt/ros/jazzy/opt/gz_transport_vendor:/opt/ros/jazzy/opt/gz_rendering_vendor:/opt/ros/jazzy/opt/gz_plugin_vendor:/opt/ros/jazzy/opt/gz_fuel_tools_vendor:/opt/ros/jazzy/opt/gz_msgs_vendor:/opt/ros/jazzy/opt/gz_common_vendor:/opt/ros/jazzy/opt/gz_math_vendor:/opt/ros/jazzy/opt/gz_utils_vendor:/opt/ros/jazzy/opt/gz_tools_vendor:/opt/ros/jazzy/opt/gz_ogre_next_vendor:/opt/ros/jazzy/opt/gz_dartsim_vendor:/opt/ros/jazzy/opt/gz_cmake_vendor:/home/emzx/ros2_ws/install/turtlesim_catch_them_all:/home/emzx/ros2_ws/install/pacote_teste:/home/emzx/ros2_ws/install/bumperbot_utils:/home/emzx/ros2_ws/install/bumperbot_py:/opt/ros/jazzy DEBUGINFOD_URLS=https://debuginfod.ubuntu.com PYTHONPATH=/home/emzx/ros2_ws/install/pacote_teste/lib/python3.12/site-packages:/home/emzx/ros2_ws/install/my_robot_interfaces/lib/python3.12/site-packages:/home/emzx/ros2_ws/install/turtlesim_catch_them_all/lib/python3.12/site-packages:/home/emzx/ros2_ws/install/bumperbot_utils/lib/python3.12/site-packages:/home/emzx/ros2_ws/install/bumperbot_py/lib/python3.12/site-packages:/home/emzx/ros2_ws/install/bumperbot_mapping/lib/python3.12/site-packages:/home/emzx/ros2_ws/install/bumperbot_localization/lib/python3.12/site-packages:/home/emzx/ros2_ws/install/bumperbot_controller/lib/python3.12/site-packages:/opt/ros/jazzy/lib/python3.12/site-packages /usr/bin/cmake --install /home/emzx/ros2_ws/build/my_robot_bringup
[2.295s] Level 1:colcon.colcon_core.environment:create_environment_scripts_only(my_robot_bringup)
[2.296s] Level 1:colcon.colcon_core.environment:checking '/home/emzx/ros2_ws/install/my_robot_bringup' for CMake module files
[2.296s] DEBUG:colcon.colcon_core.event_handler.log_command:Invoked command in '/home/emzx/ros2_ws/build/my_robot_bringup' returned '0': AMENT_PREFIX_PATH=/home/emzx/ros2_ws/install/pacote_teste:/home/emzx/ros2_ws/install/turtlesim_catch_them_all:/home/emzx/ros2_ws/install/my_robot_bringup:/home/emzx/ros2_ws/install/my_robot_interfaces:/home/emzx/ros2_ws/install/bumperbot_utils:/home/emzx/ros2_ws/install/bumperbot_py:/home/emzx/ros2_ws/install/bumperbot_mapping:/home/emzx/ros2_ws/install/bumperbot_localization:/home/emzx/ros2_ws/install/bumperbot_description:/home/emzx/ros2_ws/install/bumperbot_controller:/home/emzx/ros2_ws/install/bumperbot_bringup:/opt/ros/jazzy CMAKE_PREFIX_PATH=/home/emzx/ros2_ws/install/my_robot_interfaces:/home/emzx/ros2_ws/install/my_robot_bringup:/home/emzx/ros2_ws/install/bumperbot_mapping:/home/emzx/ros2_ws/install/bumperbot_localization:/home/emzx/ros2_ws/install/bumperbot_description:/home/emzx/ros2_ws/install/bumperbot_controller:/home/emzx/ros2_ws/install/bumperbot_bringup:/opt/ros/jazzy/opt/gz_sim_vendor:/opt/ros/jazzy/opt/gz_sensors_vendor:/opt/ros/jazzy/opt/gz_physics_vendor:/opt/ros/jazzy/opt/sdformat_vendor:/opt/ros/jazzy/opt/gz_gui_vendor:/opt/ros/jazzy/opt/gz_transport_vendor:/opt/ros/jazzy/opt/gz_rendering_vendor:/opt/ros/jazzy/opt/gz_plugin_vendor:/opt/ros/jazzy/opt/gz_fuel_tools_vendor:/opt/ros/jazzy/opt/gz_msgs_vendor:/opt/ros/jazzy/opt/gz_common_vendor:/opt/ros/jazzy/opt/gz_math_vendor:/opt/ros/jazzy/opt/gz_utils_vendor:/opt/ros/jazzy/opt/gz_tools_vendor:/opt/ros/jazzy/opt/gz_ogre_next_vendor:/opt/ros/jazzy/opt/gz_dartsim_vendor:/opt/ros/jazzy/opt/gz_cmake_vendor:/home/emzx/ros2_ws/install/turtlesim_catch_them_all:/home/emzx/ros2_ws/install/pacote_teste:/home/emzx/ros2_ws/install/bumperbot_utils:/home/emzx/ros2_ws/install/bumperbot_py:/opt/ros/jazzy DEBUGINFOD_URLS=https://debuginfod.ubuntu.com PYTHONPATH=/home/emzx/ros2_ws/install/pacote_teste/lib/python3.12/site-packages:/home/emzx/ros2_ws/install/my_robot_interfaces/lib/python3.12/site-packages:/home/emzx/ros2_ws/install/turtlesim_catch_them_all/lib/python3.12/site-packages:/home/emzx/ros2_ws/install/bumperbot_utils/lib/python3.12/site-packages:/home/emzx/ros2_ws/install/bumperbot_py/lib/python3.12/site-packages:/home/emzx/ros2_ws/install/bumperbot_mapping/lib/python3.12/site-packages:/home/emzx/ros2_ws/install/bumperbot_localization/lib/python3.12/site-packages:/home/emzx/ros2_ws/install/bumperbot_controller/lib/python3.12/site-packages:/opt/ros/jazzy/lib/python3.12/site-packages /usr/bin/cmake --install /home/emzx/ros2_ws/build/my_robot_bringup
[2.296s] Level 1:colcon.colcon_core.environment:checking '/home/emzx/ros2_ws/install/my_robot_bringup' for CMake config files
[2.296s] Level 1:colcon.colcon_core.shell:create_environment_hook('my_robot_bringup', 'cmake_prefix_path')
[2.296s] INFO:colcon.colcon_core.shell:Creating environment hook '/home/emzx/ros2_ws/install/my_robot_bringup/share/my_robot_bringup/hook/cmake_prefix_path.ps1'
[2.297s] INFO:colcon.colcon_core.shell:Creating environment descriptor '/home/emzx/ros2_ws/install/my_robot_bringup/share/my_robot_bringup/hook/cmake_prefix_path.dsv'
[2.297s] INFO:colcon.colcon_core.shell:Creating environment hook '/home/emzx/ros2_ws/install/my_robot_bringup/share/my_robot_bringup/hook/cmake_prefix_path.sh'
[2.297s] Level 1:colcon.colcon_core.environment:checking '/home/emzx/ros2_ws/install/my_robot_bringup/bin'
[2.297s] Level 1:colcon.colcon_core.environment:checking '/home/emzx/ros2_ws/install/my_robot_bringup/lib/pkgconfig/my_robot_bringup.pc'
[2.298s] Level 1:colcon.colcon_core.environment:checking '/home/emzx/ros2_ws/install/my_robot_bringup/lib/python3.12/site-packages'
[2.298s] Level 1:colcon.colcon_core.environment:checking '/home/emzx/ros2_ws/install/my_robot_bringup/bin'
[2.298s] INFO:colcon.colcon_core.shell:Creating package script '/home/emzx/ros2_ws/install/my_robot_bringup/share/my_robot_bringup/package.ps1'
[2.298s] INFO:colcon.colcon_core.shell:Creating package descriptor '/home/emzx/ros2_ws/install/my_robot_bringup/share/my_robot_bringup/package.dsv'
[2.298s] INFO:colcon.colcon_core.shell:Creating package script '/home/emzx/ros2_ws/install/my_robot_bringup/share/my_robot_bringup/package.sh'
[2.299s] INFO:colcon.colcon_core.shell:Creating package script '/home/emzx/ros2_ws/install/my_robot_bringup/share/my_robot_bringup/package.bash'
[2.299s] INFO:colcon.colcon_core.shell:Creating package script '/home/emzx/ros2_ws/install/my_robot_bringup/share/my_robot_bringup/package.zsh'
[2.299s] Level 1:colcon.colcon_core.environment:create_file_with_runtime_dependencies(/home/emzx/ros2_ws/install/my_robot_bringup/share/colcon-core/packages/my_robot_bringup)
[2.299s] Level 1:colcon.colcon_core.environment:create_environment_scripts_only(my_robot_bringup)
[2.299s] Level 1:colcon.colcon_core.environment:checking '/home/emzx/ros2_ws/install/my_robot_bringup' for CMake module files
[2.300s] Level 1:colcon.colcon_core.environment:checking '/home/emzx/ros2_ws/install/my_robot_bringup' for CMake config files
[2.300s] Level 1:colcon.colcon_core.shell:create_environment_hook('my_robot_bringup', 'cmake_prefix_path')
[2.300s] INFO:colcon.colcon_core.shell:Creating environment hook '/home/emzx/ros2_ws/install/my_robot_bringup/share/my_robot_bringup/hook/cmake_prefix_path.ps1'
[2.300s] INFO:colcon.colcon_core.shell:Creating environment descriptor '/home/emzx/ros2_ws/install/my_robot_bringup/share/my_robot_bringup/hook/cmake_prefix_path.dsv'
[2.300s] INFO:colcon.colcon_core.shell:Creating environment hook '/home/emzx/ros2_ws/install/my_robot_bringup/share/my_robot_bringup/hook/cmake_prefix_path.sh'
[2.301s] Level 1:colcon.colcon_core.environment:checking '/home/emzx/ros2_ws/install/my_robot_bringup/bin'
[2.301s] Level 1:colcon.colcon_core.environment:checking '/home/emzx/ros2_ws/install/my_robot_bringup/lib/pkgconfig/my_robot_bringup.pc'
[2.301s] Level 1:colcon.colcon_core.environment:checking '/home/emzx/ros2_ws/install/my_robot_bringup/lib/python3.12/site-packages'
[2.301s] Level 1:colcon.colcon_core.environment:checking '/home/emzx/ros2_ws/install/my_robot_bringup/bin'
[2.301s] INFO:colcon.colcon_core.shell:Creating package script '/home/emzx/ros2_ws/install/my_robot_bringup/share/my_robot_bringup/package.ps1'
[2.301s] INFO:colcon.colcon_core.shell:Creating package descriptor '/home/emzx/ros2_ws/install/my_robot_bringup/share/my_robot_bringup/package.dsv'
[2.302s] INFO:colcon.colcon_core.shell:Creating package script '/home/emzx/ros2_ws/install/my_robot_bringup/share/my_robot_bringup/package.sh'
[2.302s] INFO:colcon.colcon_core.shell:Creating package script '/home/emzx/ros2_ws/install/my_robot_bringup/share/my_robot_bringup/package.bash'
[2.302s] INFO:colcon.colcon_core.shell:Creating package script '/home/emzx/ros2_ws/install/my_robot_bringup/share/my_robot_bringup/package.zsh'
[2.302s] Level 1:colcon.colcon_core.environment:create_file_with_runtime_dependencies(/home/emzx/ros2_ws/install/my_robot_bringup/share/colcon-core/packages/my_robot_bringup)
[2.302s] DEBUG:colcon.colcon_parallel_executor.executor.parallel:closing loop
[2.303s] DEBUG:colcon.colcon_parallel_executor.executor.parallel:loop closed
[2.303s] DEBUG:colcon.colcon_parallel_executor.executor.parallel:run_until_complete finished with '0'
[2.303s] DEBUG:colcon.colcon_core.event_reactor:joining thread
[2.307s] INFO:colcon.colcon_core.plugin_system:Skipping extension 'colcon_notification.desktop_notification.terminal_notifier': Not used on non-Darwin systems
[2.307s] INFO:colcon.colcon_core.plugin_system:Skipping extension 'colcon_notification.desktop_notification.win32': Not used on non-Windows systems
[2.307s] INFO:colcon.colcon_notification.desktop_notification:Sending desktop notification using 'notify2'
[2.317s] DEBUG:colcon.colcon_core.event_reactor:joined thread
[2.317s] INFO:colcon.colcon_core.shell:Creating prefix script '/home/emzx/ros2_ws/install/local_setup.ps1'
[2.318s] INFO:colcon.colcon_core.shell:Creating prefix util module '/home/emzx/ros2_ws/install/_local_setup_util_ps1.py'
[2.318s] INFO:colcon.colcon_core.shell:Creating prefix chain script '/home/emzx/ros2_ws/install/setup.ps1'
[2.319s] INFO:colcon.colcon_core.shell:Creating prefix script '/home/emzx/ros2_ws/install/local_setup.sh'
[2.320s] INFO:colcon.colcon_core.shell:Creating prefix util module '/home/emzx/ros2_ws/install/_local_setup_util_sh.py'
[2.320s] INFO:colcon.colcon_core.shell:Creating prefix chain script '/home/emzx/ros2_ws/install/setup.sh'
[2.321s] INFO:colcon.colcon_core.shell:Creating prefix script '/home/emzx/ros2_ws/install/local_setup.bash'
[2.321s] INFO:colcon.colcon_core.shell:Creating prefix chain script '/home/emzx/ros2_ws/install/setup.bash'
[2.322s] INFO:colcon.colcon_core.shell:Creating prefix script '/home/emzx/ros2_ws/install/local_setup.zsh'
[2.322s] INFO:colcon.colcon_core.shell:Creating prefix chain script '/home/emzx/ros2_ws/install/setup.zsh'
