[0.208s] DEBUG:colcon:Command line arguments: ['/usr/bin/colcon', 'build']
[0.208s] DEBUG:colcon:Parsed command line arguments: Namespace(log_base=None, log_level=None, verb_name='build', build_base='build', install_base='install', merge_install=False, symlink_install=False, test_result_base=None, continue_on_error=False, executor='parallel', parallel_workers=8, event_handlers=None, ignore_user_meta=False, metas=['./colcon.meta'], base_paths=['.'], packages_ignore=None, packages_ignore_regex=None, paths=None, packages_up_to=None, packages_up_to_regex=None, packages_above=None, packages_above_and_dependencies=None, packages_above_depth=None, packages_select_by_dep=None, packages_skip_by_dep=None, packages_skip_up_to=None, packages_select_build_failed=False, packages_skip_build_finished=False, packages_select_test_failures=False, packages_skip_test_passed=False, packages_select=None, packages_skip=None, packages_select_regex=None, packages_skip_regex=None, packages_start=None, packages_end=None, allow_overriding=[], cmake_args=None, cmake_target=None, cmake_target_skip_unavailable=False, cmake_clean_cache=False, cmake_clean_first=False, cmake_force_configure=False, ament_cmake_args=None, catkin_cmake_args=None, catkin_skip_building_tests=False, mixin_files=None, mixin=None, verb_parser=<colcon_mixin.mixin.mixin_argument.MixinArgumentDecorator object at 0x78b764ba6780>, verb_extension=<colcon_core.verb.build.BuildVerb object at 0x78b764cb2cf0>, main=<bound method BuildVerb.main of <colcon_core.verb.build.BuildVerb object at 0x78b764cb2cf0>>, mixin_verb=('build',))
[0.281s] Level 1:colcon.colcon_core.package_discovery:discover_packages(colcon_meta) check parameters
[0.282s] Level 1:colcon.colcon_core.package_discovery:discover_packages(recursive) check parameters
[0.282s] Level 1:colcon.colcon_core.package_discovery:discover_packages(ignore) check parameters
[0.282s] Level 1:colcon.colcon_core.package_discovery:discover_packages(path) check parameters
[0.282s] Level 1:colcon.colcon_core.package_discovery:discover_packages(colcon_meta) discover
[0.282s] Level 1:colcon.colcon_core.package_discovery:discover_packages(recursive) discover
[0.282s] INFO:colcon.colcon_core.package_discovery:Crawling recursively for packages in '/home/emzx/ros2_ws'
[0.282s] Level 1:colcon.colcon_core.package_identification:_identify(.) by extensions ['ignore', 'ignore_ament_install']
[0.282s] Level 1:colcon.colcon_core.package_identification:_identify(.) by extension 'ignore'
[0.283s] Level 1:colcon.colcon_core.package_identification:_identify(.) by extension 'ignore_ament_install'
[0.283s] Level 1:colcon.colcon_core.package_identification:_identify(.) by extensions ['colcon_pkg']
[0.283s] Level 1:colcon.colcon_core.package_identification:_identify(.) by extension 'colcon_pkg'
[0.283s] Level 1:colcon.colcon_core.package_identification:_identify(.) by extensions ['colcon_meta']
[0.283s] Level 1:colcon.colcon_core.package_identification:_identify(.) by extension 'colcon_meta'
[0.283s] Level 1:colcon.colcon_core.package_identification:_identify(.) by extensions ['ros']
[0.283s] Level 1:colcon.colcon_core.package_identification:_identify(.) by extension 'ros'
[0.336s] Level 1:colcon.colcon_core.package_identification:_identify(.) by extensions ['cmake', 'python']
[0.336s] Level 1:colcon.colcon_core.package_identification:_identify(.) by extension 'cmake'
[0.336s] Level 1:colcon.colcon_core.package_identification:_identify(.) by extension 'python'
[0.336s] Level 1:colcon.colcon_core.package_identification:_identify(.) by extensions ['python_setup_py']
[0.336s] Level 1:colcon.colcon_core.package_identification:_identify(.) by extension 'python_setup_py'
[0.336s] Level 1:colcon.colcon_core.package_identification:_identify(build) by extensions ['ignore', 'ignore_ament_install']
[0.337s] Level 1:colcon.colcon_core.package_identification:_identify(build) by extension 'ignore'
[0.337s] Level 1:colcon.colcon_core.package_identification:_identify(build) ignored
[0.337s] Level 1:colcon.colcon_core.package_identification:_identify(install) by extensions ['ignore', 'ignore_ament_install']
[0.337s] Level 1:colcon.colcon_core.package_identification:_identify(install) by extension 'ignore'
[0.337s] Level 1:colcon.colcon_core.package_identification:_identify(install) ignored
[0.338s] Level 1:colcon.colcon_core.package_identification:_identify(log) by extensions ['ignore', 'ignore_ament_install']
[0.338s] Level 1:colcon.colcon_core.package_identification:_identify(log) by extension 'ignore'
[0.338s] Level 1:colcon.colcon_core.package_identification:_identify(log) ignored
[0.338s] Level 1:colcon.colcon_core.package_identification:_identify(src) by extensions ['ignore', 'ignore_ament_install']
[0.338s] Level 1:colcon.colcon_core.package_identification:_identify(src) by extension 'ignore'
[0.338s] Level 1:colcon.colcon_core.package_identification:_identify(src) by extension 'ignore_ament_install'
[0.338s] Level 1:colcon.colcon_core.package_identification:_identify(src) by extensions ['colcon_pkg']
[0.338s] Level 1:colcon.colcon_core.package_identification:_identify(src) by extension 'colcon_pkg'
[0.338s] Level 1:colcon.colcon_core.package_identification:_identify(src) by extensions ['colcon_meta']
[0.338s] Level 1:colcon.colcon_core.package_identification:_identify(src) by extension 'colcon_meta'
[0.338s] Level 1:colcon.colcon_core.package_identification:_identify(src) by extensions ['ros']
[0.339s] Level 1:colcon.colcon_core.package_identification:_identify(src) by extension 'ros'
[0.339s] Level 1:colcon.colcon_core.package_identification:_identify(src) by extensions ['cmake', 'python']
[0.339s] Level 1:colcon.colcon_core.package_identification:_identify(src) by extension 'cmake'
[0.339s] Level 1:colcon.colcon_core.package_identification:_identify(src) by extension 'python'
[0.339s] Level 1:colcon.colcon_core.package_identification:_identify(src) by extensions ['python_setup_py']
[0.339s] Level 1:colcon.colcon_core.package_identification:_identify(src) by extension 'python_setup_py'
[0.339s] Level 1:colcon.colcon_core.package_identification:_identify(src/build) by extensions ['ignore', 'ignore_ament_install']
[0.339s] Level 1:colcon.colcon_core.package_identification:_identify(src/build) by extension 'ignore'
[0.339s] Level 1:colcon.colcon_core.package_identification:_identify(src/build) ignored
[0.339s] Level 1:colcon.colcon_core.package_identification:_identify(src/bumperbot_bringup) by extensions ['ignore', 'ignore_ament_install']
[0.340s] Level 1:colcon.colcon_core.package_identification:_identify(src/bumperbot_bringup) by extension 'ignore'
[0.340s] Level 1:colcon.colcon_core.package_identification:_identify(src/bumperbot_bringup) by extension 'ignore_ament_install'
[0.340s] Level 1:colcon.colcon_core.package_identification:_identify(src/bumperbot_bringup) by extensions ['colcon_pkg']
[0.340s] Level 1:colcon.colcon_core.package_identification:_identify(src/bumperbot_bringup) by extension 'colcon_pkg'
[0.340s] Level 1:colcon.colcon_core.package_identification:_identify(src/bumperbot_bringup) by extensions ['colcon_meta']
[0.340s] Level 1:colcon.colcon_core.package_identification:_identify(src/bumperbot_bringup) by extension 'colcon_meta'
[0.340s] Level 1:colcon.colcon_core.package_identification:_identify(src/bumperbot_bringup) by extensions ['ros']
[0.340s] Level 1:colcon.colcon_core.package_identification:_identify(src/bumperbot_bringup) by extension 'ros'
[0.345s] DEBUG:colcon.colcon_core.package_identification:Package 'src/bumperbot_bringup' with type 'ros.ament_cmake' and name 'bumperbot_bringup'
[0.345s] Level 1:colcon.colcon_core.package_identification:_identify(src/bumperbot_controller) by extensions ['ignore', 'ignore_ament_install']
[0.345s] Level 1:colcon.colcon_core.package_identification:_identify(src/bumperbot_controller) by extension 'ignore'
[0.345s] Level 1:colcon.colcon_core.package_identification:_identify(src/bumperbot_controller) by extension 'ignore_ament_install'
[0.346s] Level 1:colcon.colcon_core.package_identification:_identify(src/bumperbot_controller) by extensions ['colcon_pkg']
[0.346s] Level 1:colcon.colcon_core.package_identification:_identify(src/bumperbot_controller) by extension 'colcon_pkg'
[0.346s] Level 1:colcon.colcon_core.package_identification:_identify(src/bumperbot_controller) by extensions ['colcon_meta']
[0.346s] Level 1:colcon.colcon_core.package_identification:_identify(src/bumperbot_controller) by extension 'colcon_meta'
[0.346s] Level 1:colcon.colcon_core.package_identification:_identify(src/bumperbot_controller) by extensions ['ros']
[0.346s] Level 1:colcon.colcon_core.package_identification:_identify(src/bumperbot_controller) by extension 'ros'
[0.348s] DEBUG:colcon.colcon_core.package_identification:Package 'src/bumperbot_controller' with type 'ros.ament_cmake' and name 'bumperbot_controller'
[0.348s] Level 1:colcon.colcon_core.package_identification:_identify(src/bumperbot_description) by extensions ['ignore', 'ignore_ament_install']
[0.348s] Level 1:colcon.colcon_core.package_identification:_identify(src/bumperbot_description) by extension 'ignore'
[0.348s] Level 1:colcon.colcon_core.package_identification:_identify(src/bumperbot_description) by extension 'ignore_ament_install'
[0.348s] Level 1:colcon.colcon_core.package_identification:_identify(src/bumperbot_description) by extensions ['colcon_pkg']
[0.348s] Level 1:colcon.colcon_core.package_identification:_identify(src/bumperbot_description) by extension 'colcon_pkg'
[0.349s] Level 1:colcon.colcon_core.package_identification:_identify(src/bumperbot_description) by extensions ['colcon_meta']
[0.349s] Level 1:colcon.colcon_core.package_identification:_identify(src/bumperbot_description) by extension 'colcon_meta'
[0.349s] Level 1:colcon.colcon_core.package_identification:_identify(src/bumperbot_description) by extensions ['ros']
[0.349s] Level 1:colcon.colcon_core.package_identification:_identify(src/bumperbot_description) by extension 'ros'
[0.355s] DEBUG:colcon.colcon_core.package_identification:Package 'src/bumperbot_description' with type 'ros.ament_cmake' and name 'bumperbot_description'
[0.355s] Level 1:colcon.colcon_core.package_identification:_identify(src/bumperbot_localization) by extensions ['ignore', 'ignore_ament_install']
[0.355s] Level 1:colcon.colcon_core.package_identification:_identify(src/bumperbot_localization) by extension 'ignore'
[0.355s] Level 1:colcon.colcon_core.package_identification:_identify(src/bumperbot_localization) by extension 'ignore_ament_install'
[0.355s] Level 1:colcon.colcon_core.package_identification:_identify(src/bumperbot_localization) by extensions ['colcon_pkg']
[0.355s] Level 1:colcon.colcon_core.package_identification:_identify(src/bumperbot_localization) by extension 'colcon_pkg'
[0.356s] Level 1:colcon.colcon_core.package_identification:_identify(src/bumperbot_localization) by extensions ['colcon_meta']
[0.356s] Level 1:colcon.colcon_core.package_identification:_identify(src/bumperbot_localization) by extension 'colcon_meta'
[0.356s] Level 1:colcon.colcon_core.package_identification:_identify(src/bumperbot_localization) by extensions ['ros']
[0.356s] Level 1:colcon.colcon_core.package_identification:_identify(src/bumperbot_localization) by extension 'ros'
[0.357s] DEBUG:colcon.colcon_core.package_identification:Package 'src/bumperbot_localization' with type 'ros.ament_cmake' and name 'bumperbot_localization'
[0.357s] Level 1:colcon.colcon_core.package_identification:_identify(src/bumperbot_mapping) by extensions ['ignore', 'ignore_ament_install']
[0.357s] Level 1:colcon.colcon_core.package_identification:_identify(src/bumperbot_mapping) by extension 'ignore'
[0.358s] Level 1:colcon.colcon_core.package_identification:_identify(src/bumperbot_mapping) by extension 'ignore_ament_install'
[0.358s] Level 1:colcon.colcon_core.package_identification:_identify(src/bumperbot_mapping) by extensions ['colcon_pkg']
[0.358s] Level 1:colcon.colcon_core.package_identification:_identify(src/bumperbot_mapping) by extension 'colcon_pkg'
[0.358s] Level 1:colcon.colcon_core.package_identification:_identify(src/bumperbot_mapping) by extensions ['colcon_meta']
[0.358s] Level 1:colcon.colcon_core.package_identification:_identify(src/bumperbot_mapping) by extension 'colcon_meta'
[0.358s] Level 1:colcon.colcon_core.package_identification:_identify(src/bumperbot_mapping) by extensions ['ros']
[0.358s] Level 1:colcon.colcon_core.package_identification:_identify(src/bumperbot_mapping) by extension 'ros'
[0.359s] DEBUG:colcon.colcon_core.package_identification:Package 'src/bumperbot_mapping' with type 'ros.ament_cmake' and name 'bumperbot_mapping'
[0.359s] Level 1:colcon.colcon_core.package_identification:_identify(src/bumperbot_py) by extensions ['ignore', 'ignore_ament_install']
[0.360s] Level 1:colcon.colcon_core.package_identification:_identify(src/bumperbot_py) by extension 'ignore'
[0.360s] Level 1:colcon.colcon_core.package_identification:_identify(src/bumperbot_py) by extension 'ignore_ament_install'
[0.360s] Level 1:colcon.colcon_core.package_identification:_identify(src/bumperbot_py) by extensions ['colcon_pkg']
[0.360s] Level 1:colcon.colcon_core.package_identification:_identify(src/bumperbot_py) by extension 'colcon_pkg'
[0.360s] Level 1:colcon.colcon_core.package_identification:_identify(src/bumperbot_py) by extensions ['colcon_meta']
[0.360s] Level 1:colcon.colcon_core.package_identification:_identify(src/bumperbot_py) by extension 'colcon_meta'
[0.360s] Level 1:colcon.colcon_core.package_identification:_identify(src/bumperbot_py) by extensions ['ros']
[0.360s] Level 1:colcon.colcon_core.package_identification:_identify(src/bumperbot_py) by extension 'ros'
[0.361s] DEBUG:colcon.colcon_core.package_identification:Package 'src/bumperbot_py' with type 'ros.ament_python' and name 'bumperbot_py'
[0.361s] Level 1:colcon.colcon_core.package_identification:_identify(src/bumperbot_utils) by extensions ['ignore', 'ignore_ament_install']
[0.361s] Level 1:colcon.colcon_core.package_identification:_identify(src/bumperbot_utils) by extension 'ignore'
[0.362s] Level 1:colcon.colcon_core.package_identification:_identify(src/bumperbot_utils) by extension 'ignore_ament_install'
[0.362s] Level 1:colcon.colcon_core.package_identification:_identify(src/bumperbot_utils) by extensions ['colcon_pkg']
[0.362s] Level 1:colcon.colcon_core.package_identification:_identify(src/bumperbot_utils) by extension 'colcon_pkg'
[0.362s] Level 1:colcon.colcon_core.package_identification:_identify(src/bumperbot_utils) by extensions ['colcon_meta']
[0.362s] Level 1:colcon.colcon_core.package_identification:_identify(src/bumperbot_utils) by extension 'colcon_meta'
[0.362s] Level 1:colcon.colcon_core.package_identification:_identify(src/bumperbot_utils) by extensions ['ros']
[0.362s] Level 1:colcon.colcon_core.package_identification:_identify(src/bumperbot_utils) by extension 'ros'
[0.363s] DEBUG:colcon.colcon_core.package_identification:Package 'src/bumperbot_utils' with type 'ros.ament_python' and name 'bumperbot_utils'
[0.363s] Level 1:colcon.colcon_core.package_identification:_identify(src/install) by extensions ['ignore', 'ignore_ament_install']
[0.364s] Level 1:colcon.colcon_core.package_identification:_identify(src/install) by extension 'ignore'
[0.364s] Level 1:colcon.colcon_core.package_identification:_identify(src/install) ignored
[0.364s] Level 1:colcon.colcon_core.package_identification:_identify(src/log) by extensions ['ignore', 'ignore_ament_install']
[0.364s] Level 1:colcon.colcon_core.package_identification:_identify(src/log) by extension 'ignore'
[0.364s] Level 1:colcon.colcon_core.package_identification:_identify(src/log) ignored
[0.364s] Level 1:colcon.colcon_core.package_identification:_identify(src/my_robot_bringup) by extensions ['ignore', 'ignore_ament_install']
[0.364s] Level 1:colcon.colcon_core.package_identification:_identify(src/my_robot_bringup) by extension 'ignore'
[0.364s] Level 1:colcon.colcon_core.package_identification:_identify(src/my_robot_bringup) by extension 'ignore_ament_install'
[0.365s] Level 1:colcon.colcon_core.package_identification:_identify(src/my_robot_bringup) by extensions ['colcon_pkg']
[0.365s] Level 1:colcon.colcon_core.package_identification:_identify(src/my_robot_bringup) by extension 'colcon_pkg'
[0.365s] Level 1:colcon.colcon_core.package_identification:_identify(src/my_robot_bringup) by extensions ['colcon_meta']
[0.365s] Level 1:colcon.colcon_core.package_identification:_identify(src/my_robot_bringup) by extension 'colcon_meta'
[0.365s] Level 1:colcon.colcon_core.package_identification:_identify(src/my_robot_bringup) by extensions ['ros']
[0.365s] Level 1:colcon.colcon_core.package_identification:_identify(src/my_robot_bringup) by extension 'ros'
[0.366s] DEBUG:colcon.colcon_core.package_identification:Package 'src/my_robot_bringup' with type 'ros.ament_cmake' and name 'my_robot_bringup'
[0.366s] Level 1:colcon.colcon_core.package_identification:_identify(src/my_robot_interfaces) by extensions ['ignore', 'ignore_ament_install']
[0.366s] Level 1:colcon.colcon_core.package_identification:_identify(src/my_robot_interfaces) by extension 'ignore'
[0.366s] Level 1:colcon.colcon_core.package_identification:_identify(src/my_robot_interfaces) by extension 'ignore_ament_install'
[0.366s] Level 1:colcon.colcon_core.package_identification:_identify(src/my_robot_interfaces) by extensions ['colcon_pkg']
[0.366s] Level 1:colcon.colcon_core.package_identification:_identify(src/my_robot_interfaces) by extension 'colcon_pkg'
[0.366s] Level 1:colcon.colcon_core.package_identification:_identify(src/my_robot_interfaces) by extensions ['colcon_meta']
[0.366s] Level 1:colcon.colcon_core.package_identification:_identify(src/my_robot_interfaces) by extension 'colcon_meta'
[0.367s] Level 1:colcon.colcon_core.package_identification:_identify(src/my_robot_interfaces) by extensions ['ros']
[0.367s] Level 1:colcon.colcon_core.package_identification:_identify(src/my_robot_interfaces) by extension 'ros'
[0.368s] DEBUG:colcon.colcon_core.package_identification:Package 'src/my_robot_interfaces' with type 'ros.ament_cmake' and name 'my_robot_interfaces'
[0.368s] Level 1:colcon.colcon_core.package_identification:_identify(src/pacote_teste) by extensions ['ignore', 'ignore_ament_install']
[0.368s] Level 1:colcon.colcon_core.package_identification:_identify(src/pacote_teste) by extension 'ignore'
[0.368s] Level 1:colcon.colcon_core.package_identification:_identify(src/pacote_teste) by extension 'ignore_ament_install'
[0.368s] Level 1:colcon.colcon_core.package_identification:_identify(src/pacote_teste) by extensions ['colcon_pkg']
[0.368s] Level 1:colcon.colcon_core.package_identification:_identify(src/pacote_teste) by extension 'colcon_pkg'
[0.368s] Level 1:colcon.colcon_core.package_identification:_identify(src/pacote_teste) by extensions ['colcon_meta']
[0.368s] Level 1:colcon.colcon_core.package_identification:_identify(src/pacote_teste) by extension 'colcon_meta'
[0.368s] Level 1:colcon.colcon_core.package_identification:_identify(src/pacote_teste) by extensions ['ros']
[0.368s] Level 1:colcon.colcon_core.package_identification:_identify(src/pacote_teste) by extension 'ros'
[0.369s] DEBUG:colcon.colcon_core.package_identification:Package 'src/pacote_teste' with type 'ros.ament_python' and name 'pacote_teste'
[0.370s] Level 1:colcon.colcon_core.package_identification:_identify(src/turtlesim_catch_them_all) by extensions ['ignore', 'ignore_ament_install']
[0.370s] Level 1:colcon.colcon_core.package_identification:_identify(src/turtlesim_catch_them_all) by extension 'ignore'
[0.370s] Level 1:colcon.colcon_core.package_identification:_identify(src/turtlesim_catch_them_all) by extension 'ignore_ament_install'
[0.370s] Level 1:colcon.colcon_core.package_identification:_identify(src/turtlesim_catch_them_all) by extensions ['colcon_pkg']
[0.370s] Level 1:colcon.colcon_core.package_identification:_identify(src/turtlesim_catch_them_all) by extension 'colcon_pkg'
[0.370s] Level 1:colcon.colcon_core.package_identification:_identify(src/turtlesim_catch_them_all) by extensions ['colcon_meta']
[0.370s] Level 1:colcon.colcon_core.package_identification:_identify(src/turtlesim_catch_them_all) by extension 'colcon_meta'
[0.370s] Level 1:colcon.colcon_core.package_identification:_identify(src/turtlesim_catch_them_all) by extensions ['ros']
[0.370s] Level 1:colcon.colcon_core.package_identification:_identify(src/turtlesim_catch_them_all) by extension 'ros'
[0.371s] DEBUG:colcon.colcon_core.package_identification:Package 'src/turtlesim_catch_them_all' with type 'ros.ament_python' and name 'turtlesim_catch_them_all'
[0.372s] Level 1:colcon.colcon_core.package_discovery:discover_packages(recursive) using defaults
[0.372s] Level 1:colcon.colcon_core.package_discovery:discover_packages(ignore) discover
[0.372s] Level 1:colcon.colcon_core.package_discovery:discover_packages(ignore) using defaults
[0.372s] Level 1:colcon.colcon_core.package_discovery:discover_packages(path) discover
[0.372s] Level 1:colcon.colcon_core.package_discovery:discover_packages(path) using defaults
[0.411s] Level 1:colcon.colcon_core.package_discovery:discover_packages(prefix_path) check parameters
[0.411s] Level 1:colcon.colcon_core.package_discovery:discover_packages(prefix_path) discover
[0.415s] DEBUG:colcon.colcon_installed_package_information.package_discovery:Found 11 installed packages in /home/emzx/ros2_ws/install
[0.419s] DEBUG:colcon.colcon_installed_package_information.package_discovery:Found 451 installed packages in /opt/ros/jazzy
[0.421s] Level 1:colcon.colcon_core.package_discovery:discover_packages(prefix_path) using defaults
[0.549s] Level 5:colcon.colcon_core.verb:set package 'bumperbot_bringup' build argument 'cmake_args' from command line to 'None'
[0.549s] Level 5:colcon.colcon_core.verb:set package 'bumperbot_bringup' build argument 'cmake_target' from command line to 'None'
[0.549s] Level 5:colcon.colcon_core.verb:set package 'bumperbot_bringup' build argument 'cmake_target_skip_unavailable' from command line to 'False'
[0.549s] Level 5:colcon.colcon_core.verb:set package 'bumperbot_bringup' build argument 'cmake_clean_cache' from command line to 'False'
[0.549s] Level 5:colcon.colcon_core.verb:set package 'bumperbot_bringup' build argument 'cmake_clean_first' from command line to 'False'
[0.549s] Level 5:colcon.colcon_core.verb:set package 'bumperbot_bringup' build argument 'cmake_force_configure' from command line to 'False'
[0.549s] Level 5:colcon.colcon_core.verb:set package 'bumperbot_bringup' build argument 'ament_cmake_args' from command line to 'None'
[0.549s] Level 5:colcon.colcon_core.verb:set package 'bumperbot_bringup' build argument 'catkin_cmake_args' from command line to 'None'
[0.549s] Level 5:colcon.colcon_core.verb:set package 'bumperbot_bringup' build argument 'catkin_skip_building_tests' from command line to 'False'
[0.549s] DEBUG:colcon.colcon_core.verb:Building package 'bumperbot_bringup' with the following arguments: {'ament_cmake_args': None, 'build_base': '/home/emzx/ros2_ws/build/bumperbot_bringup', 'catkin_cmake_args': None, 'catkin_skip_building_tests': False, 'cmake_args': None, 'cmake_clean_cache': False, 'cmake_clean_first': False, 'cmake_force_configure': False, 'cmake_target': None, 'cmake_target_skip_unavailable': False, 'install_base': '/home/emzx/ros2_ws/install/bumperbot_bringup', 'merge_install': False, 'path': '/home/emzx/ros2_ws/src/bumperbot_bringup', 'symlink_install': False, 'test_result_base': None}
[0.550s] Level 5:colcon.colcon_core.verb:set package 'bumperbot_controller' build argument 'cmake_args' from command line to 'None'
[0.550s] Level 5:colcon.colcon_core.verb:set package 'bumperbot_controller' build argument 'cmake_target' from command line to 'None'
[0.550s] Level 5:colcon.colcon_core.verb:set package 'bumperbot_controller' build argument 'cmake_target_skip_unavailable' from command line to 'False'
[0.550s] Level 5:colcon.colcon_core.verb:set package 'bumperbot_controller' build argument 'cmake_clean_cache' from command line to 'False'
[0.550s] Level 5:colcon.colcon_core.verb:set package 'bumperbot_controller' build argument 'cmake_clean_first' from command line to 'False'
[0.550s] Level 5:colcon.colcon_core.verb:set package 'bumperbot_controller' build argument 'cmake_force_configure' from command line to 'False'
[0.550s] Level 5:colcon.colcon_core.verb:set package 'bumperbot_controller' build argument 'ament_cmake_args' from command line to 'None'
[0.550s] Level 5:colcon.colcon_core.verb:set package 'bumperbot_controller' build argument 'catkin_cmake_args' from command line to 'None'
[0.550s] Level 5:colcon.colcon_core.verb:set package 'bumperbot_controller' build argument 'catkin_skip_building_tests' from command line to 'False'
[0.550s] DEBUG:colcon.colcon_core.verb:Building package 'bumperbot_controller' with the following arguments: {'ament_cmake_args': None, 'build_base': '/home/emzx/ros2_ws/build/bumperbot_controller', 'catkin_cmake_args': None, 'catkin_skip_building_tests': False, 'cmake_args': None, 'cmake_clean_cache': False, 'cmake_clean_first': False, 'cmake_force_configure': False, 'cmake_target': None, 'cmake_target_skip_unavailable': False, 'install_base': '/home/emzx/ros2_ws/install/bumperbot_controller', 'merge_install': False, 'path': '/home/emzx/ros2_ws/src/bumperbot_controller', 'symlink_install': False, 'test_result_base': None}
[0.551s] Level 5:colcon.colcon_core.verb:set package 'bumperbot_description' build argument 'cmake_args' from command line to 'None'
[0.551s] Level 5:colcon.colcon_core.verb:set package 'bumperbot_description' build argument 'cmake_target' from command line to 'None'
[0.551s] Level 5:colcon.colcon_core.verb:set package 'bumperbot_description' build argument 'cmake_target_skip_unavailable' from command line to 'False'
[0.551s] Level 5:colcon.colcon_core.verb:set package 'bumperbot_description' build argument 'cmake_clean_cache' from command line to 'False'
[0.551s] Level 5:colcon.colcon_core.verb:set package 'bumperbot_description' build argument 'cmake_clean_first' from command line to 'False'
[0.551s] Level 5:colcon.colcon_core.verb:set package 'bumperbot_description' build argument 'cmake_force_configure' from command line to 'False'
[0.551s] Level 5:colcon.colcon_core.verb:set package 'bumperbot_description' build argument 'ament_cmake_args' from command line to 'None'
[0.551s] Level 5:colcon.colcon_core.verb:set package 'bumperbot_description' build argument 'catkin_cmake_args' from command line to 'None'
[0.551s] Level 5:colcon.colcon_core.verb:set package 'bumperbot_description' build argument 'catkin_skip_building_tests' from command line to 'False'
[0.551s] DEBUG:colcon.colcon_core.verb:Building package 'bumperbot_description' with the following arguments: {'ament_cmake_args': None, 'build_base': '/home/emzx/ros2_ws/build/bumperbot_description', 'catkin_cmake_args': None, 'catkin_skip_building_tests': False, 'cmake_args': None, 'cmake_clean_cache': False, 'cmake_clean_first': False, 'cmake_force_configure': False, 'cmake_target': None, 'cmake_target_skip_unavailable': False, 'install_base': '/home/emzx/ros2_ws/install/bumperbot_description', 'merge_install': False, 'path': '/home/emzx/ros2_ws/src/bumperbot_description', 'symlink_install': False, 'test_result_base': None}
[0.551s] Level 5:colcon.colcon_core.verb:set package 'bumperbot_localization' build argument 'cmake_args' from command line to 'None'
[0.551s] Level 5:colcon.colcon_core.verb:set package 'bumperbot_localization' build argument 'cmake_target' from command line to 'None'
[0.551s] Level 5:colcon.colcon_core.verb:set package 'bumperbot_localization' build argument 'cmake_target_skip_unavailable' from command line to 'False'
[0.551s] Level 5:colcon.colcon_core.verb:set package 'bumperbot_localization' build argument 'cmake_clean_cache' from command line to 'False'
[0.552s] Level 5:colcon.colcon_core.verb:set package 'bumperbot_localization' build argument 'cmake_clean_first' from command line to 'False'
[0.552s] Level 5:colcon.colcon_core.verb:set package 'bumperbot_localization' build argument 'cmake_force_configure' from command line to 'False'
[0.552s] Level 5:colcon.colcon_core.verb:set package 'bumperbot_localization' build argument 'ament_cmake_args' from command line to 'None'
[0.552s] Level 5:colcon.colcon_core.verb:set package 'bumperbot_localization' build argument 'catkin_cmake_args' from command line to 'None'
[0.552s] Level 5:colcon.colcon_core.verb:set package 'bumperbot_localization' build argument 'catkin_skip_building_tests' from command line to 'False'
[0.552s] DEBUG:colcon.colcon_core.verb:Building package 'bumperbot_localization' with the following arguments: {'ament_cmake_args': None, 'build_base': '/home/emzx/ros2_ws/build/bumperbot_localization', 'catkin_cmake_args': None, 'catkin_skip_building_tests': False, 'cmake_args': None, 'cmake_clean_cache': False, 'cmake_clean_first': False, 'cmake_force_configure': False, 'cmake_target': None, 'cmake_target_skip_unavailable': False, 'install_base': '/home/emzx/ros2_ws/install/bumperbot_localization', 'merge_install': False, 'path': '/home/emzx/ros2_ws/src/bumperbot_localization', 'symlink_install': False, 'test_result_base': None}
[0.552s] Level 5:colcon.colcon_core.verb:set package 'bumperbot_mapping' build argument 'cmake_args' from command line to 'None'
[0.552s] Level 5:colcon.colcon_core.verb:set package 'bumperbot_mapping' build argument 'cmake_target' from command line to 'None'
[0.552s] Level 5:colcon.colcon_core.verb:set package 'bumperbot_mapping' build argument 'cmake_target_skip_unavailable' from command line to 'False'
[0.552s] Level 5:colcon.colcon_core.verb:set package 'bumperbot_mapping' build argument 'cmake_clean_cache' from command line to 'False'
[0.552s] Level 5:colcon.colcon_core.verb:set package 'bumperbot_mapping' build argument 'cmake_clean_first' from command line to 'False'
[0.552s] Level 5:colcon.colcon_core.verb:set package 'bumperbot_mapping' build argument 'cmake_force_configure' from command line to 'False'
[0.552s] Level 5:colcon.colcon_core.verb:set package 'bumperbot_mapping' build argument 'ament_cmake_args' from command line to 'None'
[0.552s] Level 5:colcon.colcon_core.verb:set package 'bumperbot_mapping' build argument 'catkin_cmake_args' from command line to 'None'
[0.552s] Level 5:colcon.colcon_core.verb:set package 'bumperbot_mapping' build argument 'catkin_skip_building_tests' from command line to 'False'
[0.553s] DEBUG:colcon.colcon_core.verb:Building package 'bumperbot_mapping' with the following arguments: {'ament_cmake_args': None, 'build_base': '/home/emzx/ros2_ws/build/bumperbot_mapping', 'catkin_cmake_args': None, 'catkin_skip_building_tests': False, 'cmake_args': None, 'cmake_clean_cache': False, 'cmake_clean_first': False, 'cmake_force_configure': False, 'cmake_target': None, 'cmake_target_skip_unavailable': False, 'install_base': '/home/emzx/ros2_ws/install/bumperbot_mapping', 'merge_install': False, 'path': '/home/emzx/ros2_ws/src/bumperbot_mapping', 'symlink_install': False, 'test_result_base': None}
[0.553s] Level 5:colcon.colcon_core.verb:set package 'bumperbot_py' build argument 'cmake_args' from command line to 'None'
[0.553s] Level 5:colcon.colcon_core.verb:set package 'bumperbot_py' build argument 'cmake_target' from command line to 'None'
[0.553s] Level 5:colcon.colcon_core.verb:set package 'bumperbot_py' build argument 'cmake_target_skip_unavailable' from command line to 'False'
[0.553s] Level 5:colcon.colcon_core.verb:set package 'bumperbot_py' build argument 'cmake_clean_cache' from command line to 'False'
[0.553s] Level 5:colcon.colcon_core.verb:set package 'bumperbot_py' build argument 'cmake_clean_first' from command line to 'False'
[0.553s] Level 5:colcon.colcon_core.verb:set package 'bumperbot_py' build argument 'cmake_force_configure' from command line to 'False'
[0.553s] Level 5:colcon.colcon_core.verb:set package 'bumperbot_py' build argument 'ament_cmake_args' from command line to 'None'
[0.553s] Level 5:colcon.colcon_core.verb:set package 'bumperbot_py' build argument 'catkin_cmake_args' from command line to 'None'
[0.553s] Level 5:colcon.colcon_core.verb:set package 'bumperbot_py' build argument 'catkin_skip_building_tests' from command line to 'False'
[0.553s] DEBUG:colcon.colcon_core.verb:Building package 'bumperbot_py' with the following arguments: {'ament_cmake_args': None, 'build_base': '/home/emzx/ros2_ws/build/bumperbot_py', 'catkin_cmake_args': None, 'catkin_skip_building_tests': False, 'cmake_args': None, 'cmake_clean_cache': False, 'cmake_clean_first': False, 'cmake_force_configure': False, 'cmake_target': None, 'cmake_target_skip_unavailable': False, 'install_base': '/home/emzx/ros2_ws/install/bumperbot_py', 'merge_install': False, 'path': '/home/emzx/ros2_ws/src/bumperbot_py', 'symlink_install': False, 'test_result_base': None}
[0.554s] Level 5:colcon.colcon_core.verb:set package 'bumperbot_utils' build argument 'cmake_args' from command line to 'None'
[0.554s] Level 5:colcon.colcon_core.verb:set package 'bumperbot_utils' build argument 'cmake_target' from command line to 'None'
[0.554s] Level 5:colcon.colcon_core.verb:set package 'bumperbot_utils' build argument 'cmake_target_skip_unavailable' from command line to 'False'
[0.554s] Level 5:colcon.colcon_core.verb:set package 'bumperbot_utils' build argument 'cmake_clean_cache' from command line to 'False'
[0.554s] Level 5:colcon.colcon_core.verb:set package 'bumperbot_utils' build argument 'cmake_clean_first' from command line to 'False'
[0.554s] Level 5:colcon.colcon_core.verb:set package 'bumperbot_utils' build argument 'cmake_force_configure' from command line to 'False'
[0.554s] Level 5:colcon.colcon_core.verb:set package 'bumperbot_utils' build argument 'ament_cmake_args' from command line to 'None'
[0.554s] Level 5:colcon.colcon_core.verb:set package 'bumperbot_utils' build argument 'catkin_cmake_args' from command line to 'None'
[0.554s] Level 5:colcon.colcon_core.verb:set package 'bumperbot_utils' build argument 'catkin_skip_building_tests' from command line to 'False'
[0.554s] DEBUG:colcon.colcon_core.verb:Building package 'bumperbot_utils' with the following arguments: {'ament_cmake_args': None, 'build_base': '/home/emzx/ros2_ws/build/bumperbot_utils', 'catkin_cmake_args': None, 'catkin_skip_building_tests': False, 'cmake_args': None, 'cmake_clean_cache': False, 'cmake_clean_first': False, 'cmake_force_configure': False, 'cmake_target': None, 'cmake_target_skip_unavailable': False, 'install_base': '/home/emzx/ros2_ws/install/bumperbot_utils', 'merge_install': False, 'path': '/home/emzx/ros2_ws/src/bumperbot_utils', 'symlink_install': False, 'test_result_base': None}
[0.555s] Level 5:colcon.colcon_core.verb:set package 'my_robot_interfaces' build argument 'cmake_args' from command line to 'None'
[0.555s] Level 5:colcon.colcon_core.verb:set package 'my_robot_interfaces' build argument 'cmake_target' from command line to 'None'
[0.555s] Level 5:colcon.colcon_core.verb:set package 'my_robot_interfaces' build argument 'cmake_target_skip_unavailable' from command line to 'False'
[0.555s] Level 5:colcon.colcon_core.verb:set package 'my_robot_interfaces' build argument 'cmake_clean_cache' from command line to 'False'
[0.555s] Level 5:colcon.colcon_core.verb:set package 'my_robot_interfaces' build argument 'cmake_clean_first' from command line to 'False'
[0.555s] Level 5:colcon.colcon_core.verb:set package 'my_robot_interfaces' build argument 'cmake_force_configure' from command line to 'False'
[0.555s] Level 5:colcon.colcon_core.verb:set package 'my_robot_interfaces' build argument 'ament_cmake_args' from command line to 'None'
[0.555s] Level 5:colcon.colcon_core.verb:set package 'my_robot_interfaces' build argument 'catkin_cmake_args' from command line to 'None'
[0.555s] Level 5:colcon.colcon_core.verb:set package 'my_robot_interfaces' build argument 'catkin_skip_building_tests' from command line to 'False'
[0.555s] DEBUG:colcon.colcon_core.verb:Building package 'my_robot_interfaces' with the following arguments: {'ament_cmake_args': None, 'build_base': '/home/emzx/ros2_ws/build/my_robot_interfaces', 'catkin_cmake_args': None, 'catkin_skip_building_tests': False, 'cmake_args': None, 'cmake_clean_cache': False, 'cmake_clean_first': False, 'cmake_force_configure': False, 'cmake_target': None, 'cmake_target_skip_unavailable': False, 'install_base': '/home/emzx/ros2_ws/install/my_robot_interfaces', 'merge_install': False, 'path': '/home/emzx/ros2_ws/src/my_robot_interfaces', 'symlink_install': False, 'test_result_base': None}
[0.555s] Level 5:colcon.colcon_core.verb:set package 'pacote_teste' build argument 'cmake_args' from command line to 'None'
[0.555s] Level 5:colcon.colcon_core.verb:set package 'pacote_teste' build argument 'cmake_target' from command line to 'None'
[0.555s] Level 5:colcon.colcon_core.verb:set package 'pacote_teste' build argument 'cmake_target_skip_unavailable' from command line to 'False'
[0.555s] Level 5:colcon.colcon_core.verb:set package 'pacote_teste' build argument 'cmake_clean_cache' from command line to 'False'
[0.555s] Level 5:colcon.colcon_core.verb:set package 'pacote_teste' build argument 'cmake_clean_first' from command line to 'False'
[0.556s] Level 5:colcon.colcon_core.verb:set package 'pacote_teste' build argument 'cmake_force_configure' from command line to 'False'
[0.556s] Level 5:colcon.colcon_core.verb:set package 'pacote_teste' build argument 'ament_cmake_args' from command line to 'None'
[0.556s] Level 5:colcon.colcon_core.verb:set package 'pacote_teste' build argument 'catkin_cmake_args' from command line to 'None'
[0.556s] Level 5:colcon.colcon_core.verb:set package 'pacote_teste' build argument 'catkin_skip_building_tests' from command line to 'False'
[0.556s] DEBUG:colcon.colcon_core.verb:Building package 'pacote_teste' with the following arguments: {'ament_cmake_args': None, 'build_base': '/home/emzx/ros2_ws/build/pacote_teste', 'catkin_cmake_args': None, 'catkin_skip_building_tests': False, 'cmake_args': None, 'cmake_clean_cache': False, 'cmake_clean_first': False, 'cmake_force_configure': False, 'cmake_target': None, 'cmake_target_skip_unavailable': False, 'install_base': '/home/emzx/ros2_ws/install/pacote_teste', 'merge_install': False, 'path': '/home/emzx/ros2_ws/src/pacote_teste', 'symlink_install': False, 'test_result_base': None}
[0.556s] Level 5:colcon.colcon_core.verb:set package 'turtlesim_catch_them_all' build argument 'cmake_args' from command line to 'None'
[0.556s] Level 5:colcon.colcon_core.verb:set package 'turtlesim_catch_them_all' build argument 'cmake_target' from command line to 'None'
[0.556s] Level 5:colcon.colcon_core.verb:set package 'turtlesim_catch_them_all' build argument 'cmake_target_skip_unavailable' from command line to 'False'
[0.556s] Level 5:colcon.colcon_core.verb:set package 'turtlesim_catch_them_all' build argument 'cmake_clean_cache' from command line to 'False'
[0.556s] Level 5:colcon.colcon_core.verb:set package 'turtlesim_catch_them_all' build argument 'cmake_clean_first' from command line to 'False'
[0.556s] Level 5:colcon.colcon_core.verb:set package 'turtlesim_catch_them_all' build argument 'cmake_force_configure' from command line to 'False'
[0.556s] Level 5:colcon.colcon_core.verb:set package 'turtlesim_catch_them_all' build argument 'ament_cmake_args' from command line to 'None'
[0.556s] Level 5:colcon.colcon_core.verb:set package 'turtlesim_catch_them_all' build argument 'catkin_cmake_args' from command line to 'None'
[0.556s] Level 5:colcon.colcon_core.verb:set package 'turtlesim_catch_them_all' build argument 'catkin_skip_building_tests' from command line to 'False'
[0.556s] DEBUG:colcon.colcon_core.verb:Building package 'turtlesim_catch_them_all' with the following arguments: {'ament_cmake_args': None, 'build_base': '/home/emzx/ros2_ws/build/turtlesim_catch_them_all', 'catkin_cmake_args': None, 'catkin_skip_building_tests': False, 'cmake_args': None, 'cmake_clean_cache': False, 'cmake_clean_first': False, 'cmake_force_configure': False, 'cmake_target': None, 'cmake_target_skip_unavailable': False, 'install_base': '/home/emzx/ros2_ws/install/turtlesim_catch_them_all', 'merge_install': False, 'path': '/home/emzx/ros2_ws/src/turtlesim_catch_them_all', 'symlink_install': False, 'test_result_base': None}
[0.557s] Level 5:colcon.colcon_core.verb:set package 'my_robot_bringup' build argument 'cmake_args' from command line to 'None'
[0.557s] Level 5:colcon.colcon_core.verb:set package 'my_robot_bringup' build argument 'cmake_target' from command line to 'None'
[0.557s] Level 5:colcon.colcon_core.verb:set package 'my_robot_bringup' build argument 'cmake_target_skip_unavailable' from command line to 'False'
[0.557s] Level 5:colcon.colcon_core.verb:set package 'my_robot_bringup' build argument 'cmake_clean_cache' from command line to 'False'
[0.557s] Level 5:colcon.colcon_core.verb:set package 'my_robot_bringup' build argument 'cmake_clean_first' from command line to 'False'
[0.557s] Level 5:colcon.colcon_core.verb:set package 'my_robot_bringup' build argument 'cmake_force_configure' from command line to 'False'
[0.557s] Level 5:colcon.colcon_core.verb:set package 'my_robot_bringup' build argument 'ament_cmake_args' from command line to 'None'
[0.557s] Level 5:colcon.colcon_core.verb:set package 'my_robot_bringup' build argument 'catkin_cmake_args' from command line to 'None'
[0.557s] Level 5:colcon.colcon_core.verb:set package 'my_robot_bringup' build argument 'catkin_skip_building_tests' from command line to 'False'
[0.557s] DEBUG:colcon.colcon_core.verb:Building package 'my_robot_bringup' with the following arguments: {'ament_cmake_args': None, 'build_base': '/home/emzx/ros2_ws/build/my_robot_bringup', 'catkin_cmake_args': None, 'catkin_skip_building_tests': False, 'cmake_args': None, 'cmake_clean_cache': False, 'cmake_clean_first': False, 'cmake_force_configure': False, 'cmake_target': None, 'cmake_target_skip_unavailable': False, 'install_base': '/home/emzx/ros2_ws/install/my_robot_bringup', 'merge_install': False, 'path': '/home/emzx/ros2_ws/src/my_robot_bringup', 'symlink_install': False, 'test_result_base': None}
[0.557s] INFO:colcon.colcon_core.executor:Executing jobs using 'parallel' executor
[0.559s] DEBUG:colcon.colcon_parallel_executor.executor.parallel:run_until_complete
[0.560s] INFO:colcon.colcon_ros.task.ament_cmake.build:Building ROS package in '/home/emzx/ros2_ws/src/my_robot_interfaces' with build type 'ament_cmake'
[0.560s] INFO:colcon.colcon_cmake.task.cmake.build:Building CMake package in '/home/emzx/ros2_ws/src/my_robot_interfaces'
[0.563s] INFO:colcon.colcon_core.plugin_system:Skipping extension 'colcon_core.shell.bat': Not used on non-Windows systems
[0.564s] INFO:colcon.colcon_core.shell:Skip shell extension 'powershell' for command environment: Not usable outside of PowerShell
[0.564s] DEBUG:colcon.colcon_core.shell:Skip shell extension 'dsv' for command environment
[0.573s] INFO:colcon.colcon_ros.task.ament_cmake.build:Building ROS package in '/home/emzx/ros2_ws/src/bumperbot_bringup' with build type 'ament_cmake'
[0.573s] INFO:colcon.colcon_cmake.task.cmake.build:Building CMake package in '/home/emzx/ros2_ws/src/bumperbot_bringup'
[0.573s] INFO:colcon.colcon_core.shell:Skip shell extension 'powershell' for command environment: Not usable outside of PowerShell
[0.573s] DEBUG:colcon.colcon_core.shell:Skip shell extension 'dsv' for command environment
[0.581s] INFO:colcon.colcon_ros.task.ament_cmake.build:Building ROS package in '/home/emzx/ros2_ws/src/bumperbot_controller' with build type 'ament_cmake'
[0.582s] INFO:colcon.colcon_cmake.task.cmake.build:Building CMake package in '/home/emzx/ros2_ws/src/bumperbot_controller'
[0.582s] INFO:colcon.colcon_core.shell:Skip shell extension 'powershell' for command environment: Not usable outside of PowerShell
[0.582s] DEBUG:colcon.colcon_core.shell:Skip shell extension 'dsv' for command environment
[0.590s] INFO:colcon.colcon_ros.task.ament_cmake.build:Building ROS package in '/home/emzx/ros2_ws/src/bumperbot_description' with build type 'ament_cmake'
[0.590s] INFO:colcon.colcon_cmake.task.cmake.build:Building CMake package in '/home/emzx/ros2_ws/src/bumperbot_description'
[0.590s] INFO:colcon.colcon_core.shell:Skip shell extension 'powershell' for command environment: Not usable outside of PowerShell
[0.590s] DEBUG:colcon.colcon_core.shell:Skip shell extension 'dsv' for command environment
[0.598s] INFO:colcon.colcon_ros.task.ament_cmake.build:Building ROS package in '/home/emzx/ros2_ws/src/bumperbot_localization' with build type 'ament_cmake'
[0.598s] INFO:colcon.colcon_cmake.task.cmake.build:Building CMake package in '/home/emzx/ros2_ws/src/bumperbot_localization'
[0.598s] INFO:colcon.colcon_core.shell:Skip shell extension 'powershell' for command environment: Not usable outside of PowerShell
[0.599s] DEBUG:colcon.colcon_core.shell:Skip shell extension 'dsv' for command environment
[0.607s] INFO:colcon.colcon_ros.task.ament_cmake.build:Building ROS package in '/home/emzx/ros2_ws/src/bumperbot_mapping' with build type 'ament_cmake'
[0.607s] INFO:colcon.colcon_cmake.task.cmake.build:Building CMake package in '/home/emzx/ros2_ws/src/bumperbot_mapping'
[0.607s] INFO:colcon.colcon_core.shell:Skip shell extension 'powershell' for command environment: Not usable outside of PowerShell
[0.607s] DEBUG:colcon.colcon_core.shell:Skip shell extension 'dsv' for command environment
[0.615s] INFO:colcon.colcon_ros.task.ament_python.build:Building ROS package in '/home/emzx/ros2_ws/src/bumperbot_py' with build type 'ament_python'
[0.615s] Level 1:colcon.colcon_core.shell:create_environment_hook('bumperbot_py', 'ament_prefix_path')
[0.616s] INFO:colcon.colcon_core.shell:Creating environment hook '/home/emzx/ros2_ws/install/bumperbot_py/share/bumperbot_py/hook/ament_prefix_path.ps1'
[0.617s] INFO:colcon.colcon_core.shell:Creating environment descriptor '/home/emzx/ros2_ws/install/bumperbot_py/share/bumperbot_py/hook/ament_prefix_path.dsv'
[0.618s] INFO:colcon.colcon_core.shell:Creating environment hook '/home/emzx/ros2_ws/install/bumperbot_py/share/bumperbot_py/hook/ament_prefix_path.sh'
[0.619s] INFO:colcon.colcon_core.shell:Skip shell extension 'powershell' for command environment: Not usable outside of PowerShell
[0.619s] DEBUG:colcon.colcon_core.shell:Skip shell extension 'dsv' for command environment
[0.627s] INFO:colcon.colcon_ros.task.ament_python.build:Building ROS package in '/home/emzx/ros2_ws/src/bumperbot_utils' with build type 'ament_python'
[0.627s] Level 1:colcon.colcon_core.shell:create_environment_hook('bumperbot_utils', 'ament_prefix_path')
[0.627s] INFO:colcon.colcon_core.shell:Creating environment hook '/home/emzx/ros2_ws/install/bumperbot_utils/share/bumperbot_utils/hook/ament_prefix_path.ps1'
[0.628s] INFO:colcon.colcon_core.shell:Creating environment descriptor '/home/emzx/ros2_ws/install/bumperbot_utils/share/bumperbot_utils/hook/ament_prefix_path.dsv'
[0.628s] INFO:colcon.colcon_core.shell:Creating environment hook '/home/emzx/ros2_ws/install/bumperbot_utils/share/bumperbot_utils/hook/ament_prefix_path.sh'
[0.629s] INFO:colcon.colcon_core.shell:Skip shell extension 'powershell' for command environment: Not usable outside of PowerShell
[0.629s] DEBUG:colcon.colcon_core.shell:Skip shell extension 'dsv' for command environment
[0.647s] DEBUG:colcon.colcon_core.event_handler.log_command:Invoking command in '/home/emzx/ros2_ws/build/my_robot_interfaces': CMAKE_PREFIX_PATH=${CMAKE_PREFIX_PATH}:/home/emzx/ros2_ws/install/turtlesim_catch_them_all:/home/emzx/ros2_ws/install/pacote_teste:/home/emzx/ros2_ws/install/bumperbot_utils:/home/emzx/ros2_ws/install/bumperbot_py:/opt/ros/jazzy DEBUGINFOD_URLS=https://debuginfod.ubuntu.com /usr/bin/cmake --build /home/emzx/ros2_ws/build/my_robot_interfaces -- -j8 -l8
[0.651s] DEBUG:colcon.colcon_core.event_handler.log_command:Invoking command in '/home/emzx/ros2_ws/build/bumperbot_bringup': CMAKE_PREFIX_PATH=${CMAKE_PREFIX_PATH}:/home/emzx/ros2_ws/install/turtlesim_catch_them_all:/home/emzx/ros2_ws/install/pacote_teste:/home/emzx/ros2_ws/install/bumperbot_utils:/home/emzx/ros2_ws/install/bumperbot_py:/opt/ros/jazzy DEBUGINFOD_URLS=https://debuginfod.ubuntu.com /usr/bin/cmake --build /home/emzx/ros2_ws/build/bumperbot_bringup -- -j8 -l8
[0.656s] DEBUG:colcon.colcon_core.event_handler.log_command:Invoking command in '/home/emzx/ros2_ws/build/bumperbot_controller': CMAKE_PREFIX_PATH=${CMAKE_PREFIX_PATH}:/home/emzx/ros2_ws/install/turtlesim_catch_them_all:/home/emzx/ros2_ws/install/pacote_teste:/home/emzx/ros2_ws/install/bumperbot_utils:/home/emzx/ros2_ws/install/bumperbot_py:/opt/ros/jazzy DEBUGINFOD_URLS=https://debuginfod.ubuntu.com /usr/bin/cmake --build /home/emzx/ros2_ws/build/bumperbot_controller -- -j8 -l8
[0.661s] DEBUG:colcon.colcon_core.event_handler.log_command:Invoking command in '/home/emzx/ros2_ws/build/bumperbot_description': CMAKE_PREFIX_PATH=${CMAKE_PREFIX_PATH}:/home/emzx/ros2_ws/install/turtlesim_catch_them_all:/home/emzx/ros2_ws/install/pacote_teste:/home/emzx/ros2_ws/install/bumperbot_utils:/home/emzx/ros2_ws/install/bumperbot_py:/opt/ros/jazzy DEBUGINFOD_URLS=https://debuginfod.ubuntu.com /usr/bin/cmake --build /home/emzx/ros2_ws/build/bumperbot_description -- -j8 -l8
[0.666s] DEBUG:colcon.colcon_core.event_handler.log_command:Invoking command in '/home/emzx/ros2_ws/build/bumperbot_localization': CMAKE_PREFIX_PATH=${CMAKE_PREFIX_PATH}:/home/emzx/ros2_ws/install/turtlesim_catch_them_all:/home/emzx/ros2_ws/install/pacote_teste:/home/emzx/ros2_ws/install/bumperbot_utils:/home/emzx/ros2_ws/install/bumperbot_py:/opt/ros/jazzy DEBUGINFOD_URLS=https://debuginfod.ubuntu.com /usr/bin/cmake --build /home/emzx/ros2_ws/build/bumperbot_localization -- -j8 -l8
[0.671s] DEBUG:colcon.colcon_core.event_handler.log_command:Invoking command in '/home/emzx/ros2_ws/build/bumperbot_mapping': CMAKE_PREFIX_PATH=${CMAKE_PREFIX_PATH}:/home/emzx/ros2_ws/install/turtlesim_catch_them_all:/home/emzx/ros2_ws/install/pacote_teste:/home/emzx/ros2_ws/install/bumperbot_utils:/home/emzx/ros2_ws/install/bumperbot_py:/opt/ros/jazzy DEBUGINFOD_URLS=https://debuginfod.ubuntu.com /usr/bin/cmake --build /home/emzx/ros2_ws/build/bumperbot_mapping -- -j8 -l8
[1.295s] INFO:colcon.colcon_core.task.python.build:Building Python package in '/home/emzx/ros2_ws/src/bumperbot_py'
[1.296s] INFO:colcon.colcon_core.shell:Skip shell extension 'powershell' for command environment: Not usable outside of PowerShell
[1.296s] DEBUG:colcon.colcon_core.shell:Skip shell extension 'dsv' for command environment
[1.770s] INFO:colcon.colcon_core.task.python.build:Building Python package in '/home/emzx/ros2_ws/src/bumperbot_utils'
[1.770s] INFO:colcon.colcon_core.shell:Skip shell extension 'powershell' for command environment: Not usable outside of PowerShell
[1.770s] DEBUG:colcon.colcon_core.shell:Skip shell extension 'dsv' for command environment
[1.783s] DEBUG:colcon.colcon_core.event_handler.log_command:Invoked command in '/home/emzx/ros2_ws/build/bumperbot_bringup' returned '0': CMAKE_PREFIX_PATH=${CMAKE_PREFIX_PATH}:/home/emzx/ros2_ws/install/turtlesim_catch_them_all:/home/emzx/ros2_ws/install/pacote_teste:/home/emzx/ros2_ws/install/bumperbot_utils:/home/emzx/ros2_ws/install/bumperbot_py:/opt/ros/jazzy DEBUGINFOD_URLS=https://debuginfod.ubuntu.com /usr/bin/cmake --build /home/emzx/ros2_ws/build/bumperbot_bringup -- -j8 -l8
[1.803s] DEBUG:colcon.colcon_core.event_handler.log_command:Invoking command in '/home/emzx/ros2_ws/build/bumperbot_bringup': CMAKE_PREFIX_PATH=${CMAKE_PREFIX_PATH}:/home/emzx/ros2_ws/install/turtlesim_catch_them_all:/home/emzx/ros2_ws/install/pacote_teste:/home/emzx/ros2_ws/install/bumperbot_utils:/home/emzx/ros2_ws/install/bumperbot_py:/opt/ros/jazzy DEBUGINFOD_URLS=https://debuginfod.ubuntu.com /usr/bin/cmake --install /home/emzx/ros2_ws/build/bumperbot_bringup
[1.804s] DEBUG:colcon.colcon_core.event_handler.log_command:Invoked command in '/home/emzx/ros2_ws/build/bumperbot_description' returned '0': CMAKE_PREFIX_PATH=${CMAKE_PREFIX_PATH}:/home/emzx/ros2_ws/install/turtlesim_catch_them_all:/home/emzx/ros2_ws/install/pacote_teste:/home/emzx/ros2_ws/install/bumperbot_utils:/home/emzx/ros2_ws/install/bumperbot_py:/opt/ros/jazzy DEBUGINFOD_URLS=https://debuginfod.ubuntu.com /usr/bin/cmake --build /home/emzx/ros2_ws/build/bumperbot_description -- -j8 -l8
[1.807s] DEBUG:colcon.colcon_core.event_handler.log_command:Invoking command in '/home/emzx/ros2_ws/build/bumperbot_description': CMAKE_PREFIX_PATH=${CMAKE_PREFIX_PATH}:/home/emzx/ros2_ws/install/turtlesim_catch_them_all:/home/emzx/ros2_ws/install/pacote_teste:/home/emzx/ros2_ws/install/bumperbot_utils:/home/emzx/ros2_ws/install/bumperbot_py:/opt/ros/jazzy DEBUGINFOD_URLS=https://debuginfod.ubuntu.com /usr/bin/cmake --install /home/emzx/ros2_ws/build/bumperbot_description
[1.817s] DEBUG:colcon.colcon_core.event_handler.log_command:Invoked command in '/home/emzx/ros2_ws/build/bumperbot_localization' returned '0': CMAKE_PREFIX_PATH=${CMAKE_PREFIX_PATH}:/home/emzx/ros2_ws/install/turtlesim_catch_them_all:/home/emzx/ros2_ws/install/pacote_teste:/home/emzx/ros2_ws/install/bumperbot_utils:/home/emzx/ros2_ws/install/bumperbot_py:/opt/ros/jazzy DEBUGINFOD_URLS=https://debuginfod.ubuntu.com /usr/bin/cmake --build /home/emzx/ros2_ws/build/bumperbot_localization -- -j8 -l8
[1.820s] DEBUG:colcon.colcon_core.event_handler.log_command:Invoking command in '/home/emzx/ros2_ws/build/bumperbot_localization': CMAKE_PREFIX_PATH=${CMAKE_PREFIX_PATH}:/home/emzx/ros2_ws/install/turtlesim_catch_them_all:/home/emzx/ros2_ws/install/pacote_teste:/home/emzx/ros2_ws/install/bumperbot_utils:/home/emzx/ros2_ws/install/bumperbot_py:/opt/ros/jazzy DEBUGINFOD_URLS=https://debuginfod.ubuntu.com /usr/bin/cmake --install /home/emzx/ros2_ws/build/bumperbot_localization
[1.822s] DEBUG:colcon.colcon_core.event_handler.log_command:Invoked command in '/home/emzx/ros2_ws/build/my_robot_interfaces' returned '0': CMAKE_PREFIX_PATH=${CMAKE_PREFIX_PATH}:/home/emzx/ros2_ws/install/turtlesim_catch_them_all:/home/emzx/ros2_ws/install/pacote_teste:/home/emzx/ros2_ws/install/bumperbot_utils:/home/emzx/ros2_ws/install/bumperbot_py:/opt/ros/jazzy DEBUGINFOD_URLS=https://debuginfod.ubuntu.com /usr/bin/cmake --build /home/emzx/ros2_ws/build/my_robot_interfaces -- -j8 -l8
[1.827s] DEBUG:colcon.colcon_core.event_handler.log_command:Invoking command in '/home/emzx/ros2_ws/build/my_robot_interfaces': CMAKE_PREFIX_PATH=${CMAKE_PREFIX_PATH}:/home/emzx/ros2_ws/install/turtlesim_catch_them_all:/home/emzx/ros2_ws/install/pacote_teste:/home/emzx/ros2_ws/install/bumperbot_utils:/home/emzx/ros2_ws/install/bumperbot_py:/opt/ros/jazzy DEBUGINFOD_URLS=https://debuginfod.ubuntu.com /usr/bin/cmake --install /home/emzx/ros2_ws/build/my_robot_interfaces
[1.836s] Level 1:colcon.colcon_core.environment:create_environment_scripts_only(bumperbot_bringup)
[1.841s] DEBUG:colcon.colcon_core.event_handler.log_command:Invoked command in '/home/emzx/ros2_ws/build/bumperbot_bringup' returned '0': CMAKE_PREFIX_PATH=${CMAKE_PREFIX_PATH}:/home/emzx/ros2_ws/install/turtlesim_catch_them_all:/home/emzx/ros2_ws/install/pacote_teste:/home/emzx/ros2_ws/install/bumperbot_utils:/home/emzx/ros2_ws/install/bumperbot_py:/opt/ros/jazzy DEBUGINFOD_URLS=https://debuginfod.ubuntu.com /usr/bin/cmake --install /home/emzx/ros2_ws/build/bumperbot_bringup
[1.847s] Level 1:colcon.colcon_core.environment:checking '/home/emzx/ros2_ws/install/bumperbot_bringup' for CMake module files
[1.848s] Level 1:colcon.colcon_core.environment:checking '/home/emzx/ros2_ws/install/bumperbot_bringup' for CMake config files
[1.849s] Level 1:colcon.colcon_core.shell:create_environment_hook('bumperbot_bringup', 'cmake_prefix_path')
[1.850s] INFO:colcon.colcon_core.shell:Creating environment hook '/home/emzx/ros2_ws/install/bumperbot_bringup/share/bumperbot_bringup/hook/cmake_prefix_path.ps1'
[1.852s] INFO:colcon.colcon_core.shell:Creating environment descriptor '/home/emzx/ros2_ws/install/bumperbot_bringup/share/bumperbot_bringup/hook/cmake_prefix_path.dsv'
[1.852s] INFO:colcon.colcon_core.shell:Creating environment hook '/home/emzx/ros2_ws/install/bumperbot_bringup/share/bumperbot_bringup/hook/cmake_prefix_path.sh'
[1.855s] Level 1:colcon.colcon_core.environment:checking '/home/emzx/ros2_ws/install/bumperbot_bringup/bin'
[1.855s] Level 1:colcon.colcon_core.environment:checking '/home/emzx/ros2_ws/install/bumperbot_bringup/lib/pkgconfig/bumperbot_bringup.pc'
[1.856s] Level 1:colcon.colcon_core.environment:checking '/home/emzx/ros2_ws/install/bumperbot_bringup/lib/python3.12/site-packages'
[1.859s] Level 1:colcon.colcon_core.environment:checking '/home/emzx/ros2_ws/install/bumperbot_bringup/bin'
[1.860s] INFO:colcon.colcon_core.shell:Creating package script '/home/emzx/ros2_ws/install/bumperbot_bringup/share/bumperbot_bringup/package.ps1'
[1.865s] INFO:colcon.colcon_core.shell:Creating package descriptor '/home/emzx/ros2_ws/install/bumperbot_bringup/share/bumperbot_bringup/package.dsv'
[1.871s] INFO:colcon.colcon_core.shell:Creating package script '/home/emzx/ros2_ws/install/bumperbot_bringup/share/bumperbot_bringup/package.sh'
[1.875s] INFO:colcon.colcon_core.shell:Creating package script '/home/emzx/ros2_ws/install/bumperbot_bringup/share/bumperbot_bringup/package.bash'
[1.879s] INFO:colcon.colcon_core.shell:Creating package script '/home/emzx/ros2_ws/install/bumperbot_bringup/share/bumperbot_bringup/package.zsh'
[1.882s] Level 1:colcon.colcon_core.environment:create_file_with_runtime_dependencies(/home/emzx/ros2_ws/install/bumperbot_bringup/share/colcon-core/packages/bumperbot_bringup)
[1.892s] Level 1:colcon.colcon_core.environment:create_environment_scripts_only(bumperbot_bringup)
[1.892s] Level 1:colcon.colcon_core.environment:checking '/home/emzx/ros2_ws/install/bumperbot_bringup' for CMake module files
[1.894s] Level 1:colcon.colcon_core.environment:checking '/home/emzx/ros2_ws/install/bumperbot_bringup' for CMake config files
[1.917s] Level 1:colcon.colcon_core.shell:create_environment_hook('bumperbot_bringup', 'cmake_prefix_path')
[1.917s] INFO:colcon.colcon_core.shell:Creating environment hook '/home/emzx/ros2_ws/install/bumperbot_bringup/share/bumperbot_bringup/hook/cmake_prefix_path.ps1'
[1.923s] INFO:colcon.colcon_core.shell:Creating environment descriptor '/home/emzx/ros2_ws/install/bumperbot_bringup/share/bumperbot_bringup/hook/cmake_prefix_path.dsv'
[1.927s] INFO:colcon.colcon_core.shell:Creating environment hook '/home/emzx/ros2_ws/install/bumperbot_bringup/share/bumperbot_bringup/hook/cmake_prefix_path.sh'
[1.933s] Level 1:colcon.colcon_core.environment:checking '/home/emzx/ros2_ws/install/bumperbot_bringup/bin'
[1.934s] Level 1:colcon.colcon_core.environment:checking '/home/emzx/ros2_ws/install/bumperbot_bringup/lib/pkgconfig/bumperbot_bringup.pc'
[1.934s] Level 1:colcon.colcon_core.environment:checking '/home/emzx/ros2_ws/install/bumperbot_bringup/lib/python3.12/site-packages'
[1.935s] Level 1:colcon.colcon_core.environment:checking '/home/emzx/ros2_ws/install/bumperbot_bringup/bin'
[1.936s] INFO:colcon.colcon_core.shell:Creating package script '/home/emzx/ros2_ws/install/bumperbot_bringup/share/bumperbot_bringup/package.ps1'
[1.940s] INFO:colcon.colcon_core.shell:Creating package descriptor '/home/emzx/ros2_ws/install/bumperbot_bringup/share/bumperbot_bringup/package.dsv'
[1.942s] INFO:colcon.colcon_core.shell:Creating package script '/home/emzx/ros2_ws/install/bumperbot_bringup/share/bumperbot_bringup/package.sh'
[1.954s] INFO:colcon.colcon_core.shell:Creating package script '/home/emzx/ros2_ws/install/bumperbot_bringup/share/bumperbot_bringup/package.bash'
[1.961s] INFO:colcon.colcon_core.shell:Creating package script '/home/emzx/ros2_ws/install/bumperbot_bringup/share/bumperbot_bringup/package.zsh'
[1.970s] Level 1:colcon.colcon_core.environment:create_file_with_runtime_dependencies(/home/emzx/ros2_ws/install/bumperbot_bringup/share/colcon-core/packages/bumperbot_bringup)
[2.004s] Level 1:colcon.colcon_core.environment:create_environment_scripts_only(bumperbot_localization)
[2.006s] Level 1:colcon.colcon_core.environment:checking '/home/emzx/ros2_ws/install/bumperbot_localization' for CMake module files
[2.017s] Level 1:colcon.colcon_core.environment:checking '/home/emzx/ros2_ws/install/bumperbot_localization' for CMake config files
[2.018s] Level 1:colcon.colcon_core.shell:create_environment_hook('bumperbot_localization', 'cmake_prefix_path')
[2.019s] INFO:colcon.colcon_core.shell:Creating environment hook '/home/emzx/ros2_ws/install/bumperbot_localization/share/bumperbot_localization/hook/cmake_prefix_path.ps1'
[2.023s] INFO:colcon.colcon_core.shell:Creating environment descriptor '/home/emzx/ros2_ws/install/bumperbot_localization/share/bumperbot_localization/hook/cmake_prefix_path.dsv'
[2.026s] INFO:colcon.colcon_core.shell:Creating environment hook '/home/emzx/ros2_ws/install/bumperbot_localization/share/bumperbot_localization/hook/cmake_prefix_path.sh'
[2.033s] Level 1:colcon.colcon_core.environment:checking '/home/emzx/ros2_ws/install/bumperbot_localization/lib'
[2.038s] Level 1:colcon.colcon_core.environment:checking '/home/emzx/ros2_ws/install/bumperbot_localization/bin'
[2.038s] Level 1:colcon.colcon_core.environment:checking '/home/emzx/ros2_ws/install/bumperbot_localization/lib/pkgconfig/bumperbot_localization.pc'
[2.039s] Level 1:colcon.colcon_core.environment:checking '/home/emzx/ros2_ws/install/bumperbot_localization/lib/python3.12/site-packages'
[2.040s] Level 1:colcon.colcon_core.shell:create_environment_hook('bumperbot_localization', 'pythonpath')
[2.040s] INFO:colcon.colcon_core.shell:Creating environment hook '/home/emzx/ros2_ws/install/bumperbot_localization/share/bumperbot_localization/hook/pythonpath.ps1'
[2.045s] INFO:colcon.colcon_core.shell:Creating environment descriptor '/home/emzx/ros2_ws/install/bumperbot_localization/share/bumperbot_localization/hook/pythonpath.dsv'
[2.046s] INFO:colcon.colcon_core.shell:Creating environment hook '/home/emzx/ros2_ws/install/bumperbot_localization/share/bumperbot_localization/hook/pythonpath.sh'
[2.048s] Level 1:colcon.colcon_core.environment:checking '/home/emzx/ros2_ws/install/bumperbot_localization/bin'
[2.049s] INFO:colcon.colcon_core.shell:Creating package script '/home/emzx/ros2_ws/install/bumperbot_localization/share/bumperbot_localization/package.ps1'
[2.056s] INFO:colcon.colcon_core.shell:Creating package descriptor '/home/emzx/ros2_ws/install/bumperbot_localization/share/bumperbot_localization/package.dsv'
[2.062s] INFO:colcon.colcon_core.shell:Creating package script '/home/emzx/ros2_ws/install/bumperbot_localization/share/bumperbot_localization/package.sh'
[2.071s] INFO:colcon.colcon_core.shell:Creating package script '/home/emzx/ros2_ws/install/bumperbot_localization/share/bumperbot_localization/package.bash'
[2.077s] INFO:colcon.colcon_core.shell:Creating package script '/home/emzx/ros2_ws/install/bumperbot_localization/share/bumperbot_localization/package.zsh'
[2.078s] Level 1:colcon.colcon_core.environment:create_file_with_runtime_dependencies(/home/emzx/ros2_ws/install/bumperbot_localization/share/colcon-core/packages/bumperbot_localization)
[2.083s] Level 1:colcon.colcon_core.environment:create_environment_scripts_only(bumperbot_localization)
[2.084s] Level 1:colcon.colcon_core.environment:checking '/home/emzx/ros2_ws/install/bumperbot_localization' for CMake module files
[2.091s] DEBUG:colcon.colcon_core.event_handler.log_command:Invoked command in '/home/emzx/ros2_ws/build/bumperbot_controller' returned '0': CMAKE_PREFIX_PATH=${CMAKE_PREFIX_PATH}:/home/emzx/ros2_ws/install/turtlesim_catch_them_all:/home/emzx/ros2_ws/install/pacote_teste:/home/emzx/ros2_ws/install/bumperbot_utils:/home/emzx/ros2_ws/install/bumperbot_py:/opt/ros/jazzy DEBUGINFOD_URLS=https://debuginfod.ubuntu.com /usr/bin/cmake --build /home/emzx/ros2_ws/build/bumperbot_controller -- -j8 -l8
[2.093s] DEBUG:colcon.colcon_core.event_handler.log_command:Invoking command in '/home/emzx/ros2_ws/build/bumperbot_controller': CMAKE_PREFIX_PATH=${CMAKE_PREFIX_PATH}:/home/emzx/ros2_ws/install/turtlesim_catch_them_all:/home/emzx/ros2_ws/install/pacote_teste:/home/emzx/ros2_ws/install/bumperbot_utils:/home/emzx/ros2_ws/install/bumperbot_py:/opt/ros/jazzy DEBUGINFOD_URLS=https://debuginfod.ubuntu.com /usr/bin/cmake --install /home/emzx/ros2_ws/build/bumperbot_controller
[2.097s] Level 1:colcon.colcon_core.environment:checking '/home/emzx/ros2_ws/install/bumperbot_localization' for CMake config files
[2.101s] DEBUG:colcon.colcon_core.event_handler.log_command:Invoked command in '/home/emzx/ros2_ws/build/bumperbot_mapping' returned '0': CMAKE_PREFIX_PATH=${CMAKE_PREFIX_PATH}:/home/emzx/ros2_ws/install/turtlesim_catch_them_all:/home/emzx/ros2_ws/install/pacote_teste:/home/emzx/ros2_ws/install/bumperbot_utils:/home/emzx/ros2_ws/install/bumperbot_py:/opt/ros/jazzy DEBUGINFOD_URLS=https://debuginfod.ubuntu.com /usr/bin/cmake --build /home/emzx/ros2_ws/build/bumperbot_mapping -- -j8 -l8
[2.103s] DEBUG:colcon.colcon_core.event_handler.log_command:Invoking command in '/home/emzx/ros2_ws/build/bumperbot_mapping': CMAKE_PREFIX_PATH=${CMAKE_PREFIX_PATH}:/home/emzx/ros2_ws/install/turtlesim_catch_them_all:/home/emzx/ros2_ws/install/pacote_teste:/home/emzx/ros2_ws/install/bumperbot_utils:/home/emzx/ros2_ws/install/bumperbot_py:/opt/ros/jazzy DEBUGINFOD_URLS=https://debuginfod.ubuntu.com /usr/bin/cmake --install /home/emzx/ros2_ws/build/bumperbot_mapping
[2.112s] DEBUG:colcon.colcon_core.event_handler.log_command:Invoked command in '/home/emzx/ros2_ws/build/bumperbot_localization' returned '0': CMAKE_PREFIX_PATH=${CMAKE_PREFIX_PATH}:/home/emzx/ros2_ws/install/turtlesim_catch_them_all:/home/emzx/ros2_ws/install/pacote_teste:/home/emzx/ros2_ws/install/bumperbot_utils:/home/emzx/ros2_ws/install/bumperbot_py:/opt/ros/jazzy DEBUGINFOD_URLS=https://debuginfod.ubuntu.com /usr/bin/cmake --install /home/emzx/ros2_ws/build/bumperbot_localization
[2.141s] Level 1:colcon.colcon_core.shell:create_environment_hook('bumperbot_localization', 'cmake_prefix_path')
[2.142s] INFO:colcon.colcon_core.shell:Creating environment hook '/home/emzx/ros2_ws/install/bumperbot_localization/share/bumperbot_localization/hook/cmake_prefix_path.ps1'
[2.143s] INFO:colcon.colcon_core.shell:Creating environment descriptor '/home/emzx/ros2_ws/install/bumperbot_localization/share/bumperbot_localization/hook/cmake_prefix_path.dsv'
[2.144s] INFO:colcon.colcon_core.shell:Creating environment hook '/home/emzx/ros2_ws/install/bumperbot_localization/share/bumperbot_localization/hook/cmake_prefix_path.sh'
[2.145s] Level 1:colcon.colcon_core.environment:checking '/home/emzx/ros2_ws/install/bumperbot_localization/lib'
[2.145s] Level 1:colcon.colcon_core.environment:checking '/home/emzx/ros2_ws/install/bumperbot_localization/bin'
[2.145s] Level 1:colcon.colcon_core.environment:checking '/home/emzx/ros2_ws/install/bumperbot_localization/lib/pkgconfig/bumperbot_localization.pc'
[2.146s] Level 1:colcon.colcon_core.environment:checking '/home/emzx/ros2_ws/install/bumperbot_localization/lib/python3.12/site-packages'
[2.146s] Level 1:colcon.colcon_core.shell:create_environment_hook('bumperbot_localization', 'pythonpath')
[2.146s] INFO:colcon.colcon_core.shell:Creating environment hook '/home/emzx/ros2_ws/install/bumperbot_localization/share/bumperbot_localization/hook/pythonpath.ps1'
[2.147s] INFO:colcon.colcon_core.shell:Creating environment descriptor '/home/emzx/ros2_ws/install/bumperbot_localization/share/bumperbot_localization/hook/pythonpath.dsv'
[2.147s] INFO:colcon.colcon_core.shell:Creating environment hook '/home/emzx/ros2_ws/install/bumperbot_localization/share/bumperbot_localization/hook/pythonpath.sh'
[2.148s] Level 1:colcon.colcon_core.environment:checking '/home/emzx/ros2_ws/install/bumperbot_localization/bin'
[2.149s] INFO:colcon.colcon_core.shell:Creating package script '/home/emzx/ros2_ws/install/bumperbot_localization/share/bumperbot_localization/package.ps1'
[2.149s] INFO:colcon.colcon_core.shell:Creating package descriptor '/home/emzx/ros2_ws/install/bumperbot_localization/share/bumperbot_localization/package.dsv'
[2.150s] INFO:colcon.colcon_core.shell:Creating package script '/home/emzx/ros2_ws/install/bumperbot_localization/share/bumperbot_localization/package.sh'
[2.151s] INFO:colcon.colcon_core.shell:Creating package script '/home/emzx/ros2_ws/install/bumperbot_localization/share/bumperbot_localization/package.bash'
[2.151s] INFO:colcon.colcon_core.shell:Creating package script '/home/emzx/ros2_ws/install/bumperbot_localization/share/bumperbot_localization/package.zsh'
[2.152s] Level 1:colcon.colcon_core.environment:create_file_with_runtime_dependencies(/home/emzx/ros2_ws/install/bumperbot_localization/share/colcon-core/packages/bumperbot_localization)
[2.155s] Level 1:colcon.colcon_core.environment:create_environment_scripts_only(my_robot_interfaces)
[2.156s] Level 1:colcon.colcon_core.environment:checking '/home/emzx/ros2_ws/install/my_robot_interfaces' for CMake module files
[2.156s] DEBUG:colcon.colcon_core.event_handler.log_command:Invoked command in '/home/emzx/ros2_ws/build/my_robot_interfaces' returned '0': CMAKE_PREFIX_PATH=${CMAKE_PREFIX_PATH}:/home/emzx/ros2_ws/install/turtlesim_catch_them_all:/home/emzx/ros2_ws/install/pacote_teste:/home/emzx/ros2_ws/install/bumperbot_utils:/home/emzx/ros2_ws/install/bumperbot_py:/opt/ros/jazzy DEBUGINFOD_URLS=https://debuginfod.ubuntu.com /usr/bin/cmake --install /home/emzx/ros2_ws/build/my_robot_interfaces
[2.158s] Level 1:colcon.colcon_core.environment:checking '/home/emzx/ros2_ws/install/my_robot_interfaces' for CMake config files
[2.159s] Level 1:colcon.colcon_core.shell:create_environment_hook('my_robot_interfaces', 'cmake_prefix_path')
[2.160s] INFO:colcon.colcon_core.shell:Creating environment hook '/home/emzx/ros2_ws/install/my_robot_interfaces/share/my_robot_interfaces/hook/cmake_prefix_path.ps1'
[2.160s] INFO:colcon.colcon_core.shell:Creating environment descriptor '/home/emzx/ros2_ws/install/my_robot_interfaces/share/my_robot_interfaces/hook/cmake_prefix_path.dsv'
[2.161s] INFO:colcon.colcon_core.shell:Creating environment hook '/home/emzx/ros2_ws/install/my_robot_interfaces/share/my_robot_interfaces/hook/cmake_prefix_path.sh'
[2.162s] Level 1:colcon.colcon_core.environment:checking '/home/emzx/ros2_ws/install/my_robot_interfaces/lib'
[2.162s] Level 1:colcon.colcon_core.shell:create_environment_hook('my_robot_interfaces', 'ld_library_path_lib')
[2.162s] INFO:colcon.colcon_core.shell:Creating environment hook '/home/emzx/ros2_ws/install/my_robot_interfaces/share/my_robot_interfaces/hook/ld_library_path_lib.ps1'
[2.164s] INFO:colcon.colcon_core.shell:Creating environment descriptor '/home/emzx/ros2_ws/install/my_robot_interfaces/share/my_robot_interfaces/hook/ld_library_path_lib.dsv'
[2.164s] INFO:colcon.colcon_core.shell:Creating environment hook '/home/emzx/ros2_ws/install/my_robot_interfaces/share/my_robot_interfaces/hook/ld_library_path_lib.sh'
[2.165s] Level 1:colcon.colcon_core.environment:checking '/home/emzx/ros2_ws/install/my_robot_interfaces/bin'
[2.165s] Level 1:colcon.colcon_core.environment:checking '/home/emzx/ros2_ws/install/my_robot_interfaces/lib/pkgconfig/my_robot_interfaces.pc'
[2.166s] Level 1:colcon.colcon_core.environment:checking '/home/emzx/ros2_ws/install/my_robot_interfaces/lib/python3.12/site-packages'
[2.166s] Level 1:colcon.colcon_core.shell:create_environment_hook('my_robot_interfaces', 'pythonpath')
[2.166s] INFO:colcon.colcon_core.shell:Creating environment hook '/home/emzx/ros2_ws/install/my_robot_interfaces/share/my_robot_interfaces/hook/pythonpath.ps1'
[2.167s] INFO:colcon.colcon_core.shell:Creating environment descriptor '/home/emzx/ros2_ws/install/my_robot_interfaces/share/my_robot_interfaces/hook/pythonpath.dsv'
[2.167s] INFO:colcon.colcon_core.shell:Creating environment hook '/home/emzx/ros2_ws/install/my_robot_interfaces/share/my_robot_interfaces/hook/pythonpath.sh'
[2.168s] Level 1:colcon.colcon_core.environment:checking '/home/emzx/ros2_ws/install/my_robot_interfaces/bin'
[2.169s] INFO:colcon.colcon_core.shell:Creating package script '/home/emzx/ros2_ws/install/my_robot_interfaces/share/my_robot_interfaces/package.ps1'
[2.169s] INFO:colcon.colcon_core.shell:Creating package descriptor '/home/emzx/ros2_ws/install/my_robot_interfaces/share/my_robot_interfaces/package.dsv'
[2.170s] INFO:colcon.colcon_core.shell:Creating package script '/home/emzx/ros2_ws/install/my_robot_interfaces/share/my_robot_interfaces/package.sh'
[2.171s] INFO:colcon.colcon_core.shell:Creating package script '/home/emzx/ros2_ws/install/my_robot_interfaces/share/my_robot_interfaces/package.bash'
[2.172s] INFO:colcon.colcon_core.shell:Creating package script '/home/emzx/ros2_ws/install/my_robot_interfaces/share/my_robot_interfaces/package.zsh'
[2.172s] Level 1:colcon.colcon_core.environment:create_file_with_runtime_dependencies(/home/emzx/ros2_ws/install/my_robot_interfaces/share/colcon-core/packages/my_robot_interfaces)
[2.173s] Level 1:colcon.colcon_core.environment:create_environment_scripts_only(my_robot_interfaces)
[2.173s] Level 1:colcon.colcon_core.environment:checking '/home/emzx/ros2_ws/install/my_robot_interfaces' for CMake module files
[2.175s] Level 1:colcon.colcon_core.environment:checking '/home/emzx/ros2_ws/install/my_robot_interfaces' for CMake config files
[2.176s] Level 1:colcon.colcon_core.shell:create_environment_hook('my_robot_interfaces', 'cmake_prefix_path')
[2.176s] INFO:colcon.colcon_core.shell:Creating environment hook '/home/emzx/ros2_ws/install/my_robot_interfaces/share/my_robot_interfaces/hook/cmake_prefix_path.ps1'
[2.177s] INFO:colcon.colcon_core.shell:Creating environment descriptor '/home/emzx/ros2_ws/install/my_robot_interfaces/share/my_robot_interfaces/hook/cmake_prefix_path.dsv'
[2.177s] INFO:colcon.colcon_core.shell:Creating environment hook '/home/emzx/ros2_ws/install/my_robot_interfaces/share/my_robot_interfaces/hook/cmake_prefix_path.sh'
[2.178s] Level 1:colcon.colcon_core.environment:checking '/home/emzx/ros2_ws/install/my_robot_interfaces/lib'
[2.178s] Level 1:colcon.colcon_core.shell:create_environment_hook('my_robot_interfaces', 'ld_library_path_lib')
[2.179s] INFO:colcon.colcon_core.shell:Creating environment hook '/home/emzx/ros2_ws/install/my_robot_interfaces/share/my_robot_interfaces/hook/ld_library_path_lib.ps1'
[2.179s] INFO:colcon.colcon_core.shell:Creating environment descriptor '/home/emzx/ros2_ws/install/my_robot_interfaces/share/my_robot_interfaces/hook/ld_library_path_lib.dsv'
[2.180s] INFO:colcon.colcon_core.shell:Creating environment hook '/home/emzx/ros2_ws/install/my_robot_interfaces/share/my_robot_interfaces/hook/ld_library_path_lib.sh'
[2.180s] Level 1:colcon.colcon_core.environment:checking '/home/emzx/ros2_ws/install/my_robot_interfaces/bin'
[2.180s] Level 1:colcon.colcon_core.environment:checking '/home/emzx/ros2_ws/install/my_robot_interfaces/lib/pkgconfig/my_robot_interfaces.pc'
[2.181s] Level 1:colcon.colcon_core.environment:checking '/home/emzx/ros2_ws/install/my_robot_interfaces/lib/python3.12/site-packages'
[2.181s] Level 1:colcon.colcon_core.shell:create_environment_hook('my_robot_interfaces', 'pythonpath')
[2.181s] INFO:colcon.colcon_core.shell:Creating environment hook '/home/emzx/ros2_ws/install/my_robot_interfaces/share/my_robot_interfaces/hook/pythonpath.ps1'
[2.182s] INFO:colcon.colcon_core.shell:Creating environment descriptor '/home/emzx/ros2_ws/install/my_robot_interfaces/share/my_robot_interfaces/hook/pythonpath.dsv'
[2.183s] INFO:colcon.colcon_core.shell:Creating environment hook '/home/emzx/ros2_ws/install/my_robot_interfaces/share/my_robot_interfaces/hook/pythonpath.sh'
[2.183s] Level 1:colcon.colcon_core.environment:checking '/home/emzx/ros2_ws/install/my_robot_interfaces/bin'
[2.184s] INFO:colcon.colcon_core.shell:Creating package script '/home/emzx/ros2_ws/install/my_robot_interfaces/share/my_robot_interfaces/package.ps1'
[2.185s] INFO:colcon.colcon_core.shell:Creating package descriptor '/home/emzx/ros2_ws/install/my_robot_interfaces/share/my_robot_interfaces/package.dsv'
[2.186s] INFO:colcon.colcon_core.shell:Creating package script '/home/emzx/ros2_ws/install/my_robot_interfaces/share/my_robot_interfaces/package.sh'
[2.187s] INFO:colcon.colcon_core.shell:Creating package script '/home/emzx/ros2_ws/install/my_robot_interfaces/share/my_robot_interfaces/package.bash'
[2.187s] INFO:colcon.colcon_core.shell:Creating package script '/home/emzx/ros2_ws/install/my_robot_interfaces/share/my_robot_interfaces/package.zsh'
[2.188s] Level 1:colcon.colcon_core.environment:create_file_with_runtime_dependencies(/home/emzx/ros2_ws/install/my_robot_interfaces/share/colcon-core/packages/my_robot_interfaces)
[2.188s] Level 1:colcon.colcon_core.environment:create_environment_scripts_only(bumperbot_description)
[2.188s] Level 1:colcon.colcon_core.environment:checking '/home/emzx/ros2_ws/install/bumperbot_description' for CMake module files
[2.191s] DEBUG:colcon.colcon_core.event_handler.log_command:Invoked command in '/home/emzx/ros2_ws/build/bumperbot_description' returned '0': CMAKE_PREFIX_PATH=${CMAKE_PREFIX_PATH}:/home/emzx/ros2_ws/install/turtlesim_catch_them_all:/home/emzx/ros2_ws/install/pacote_teste:/home/emzx/ros2_ws/install/bumperbot_utils:/home/emzx/ros2_ws/install/bumperbot_py:/opt/ros/jazzy DEBUGINFOD_URLS=https://debuginfod.ubuntu.com /usr/bin/cmake --install /home/emzx/ros2_ws/build/bumperbot_description
[2.191s] Level 1:colcon.colcon_core.environment:checking '/home/emzx/ros2_ws/install/bumperbot_description' for CMake config files
[2.202s] Level 1:colcon.colcon_core.shell:create_environment_hook('bumperbot_description', 'cmake_prefix_path')
[2.202s] INFO:colcon.colcon_core.shell:Creating environment hook '/home/emzx/ros2_ws/install/bumperbot_description/share/bumperbot_description/hook/cmake_prefix_path.ps1'
[2.203s] INFO:colcon.colcon_core.shell:Creating environment descriptor '/home/emzx/ros2_ws/install/bumperbot_description/share/bumperbot_description/hook/cmake_prefix_path.dsv'
[2.204s] INFO:colcon.colcon_core.shell:Creating environment hook '/home/emzx/ros2_ws/install/bumperbot_description/share/bumperbot_description/hook/cmake_prefix_path.sh'
[2.205s] Level 1:colcon.colcon_core.environment:checking '/home/emzx/ros2_ws/install/bumperbot_description/bin'
[2.205s] Level 1:colcon.colcon_core.environment:checking '/home/emzx/ros2_ws/install/bumperbot_description/lib/pkgconfig/bumperbot_description.pc'
[2.205s] Level 1:colcon.colcon_core.environment:checking '/home/emzx/ros2_ws/install/bumperbot_description/lib/python3.12/site-packages'
[2.206s] Level 1:colcon.colcon_core.environment:checking '/home/emzx/ros2_ws/install/bumperbot_description/bin'
[2.206s] INFO:colcon.colcon_core.shell:Creating package script '/home/emzx/ros2_ws/install/bumperbot_description/share/bumperbot_description/package.ps1'
[2.207s] INFO:colcon.colcon_core.shell:Creating package descriptor '/home/emzx/ros2_ws/install/bumperbot_description/share/bumperbot_description/package.dsv'
[2.208s] INFO:colcon.colcon_core.shell:Creating package script '/home/emzx/ros2_ws/install/bumperbot_description/share/bumperbot_description/package.sh'
[2.208s] INFO:colcon.colcon_core.shell:Creating package script '/home/emzx/ros2_ws/install/bumperbot_description/share/bumperbot_description/package.bash'
[2.209s] INFO:colcon.colcon_core.shell:Creating package script '/home/emzx/ros2_ws/install/bumperbot_description/share/bumperbot_description/package.zsh'
[2.209s] Level 1:colcon.colcon_core.environment:create_file_with_runtime_dependencies(/home/emzx/ros2_ws/install/bumperbot_description/share/colcon-core/packages/bumperbot_description)
[2.210s] Level 1:colcon.colcon_core.environment:create_environment_scripts_only(bumperbot_description)
[2.210s] Level 1:colcon.colcon_core.environment:checking '/home/emzx/ros2_ws/install/bumperbot_description' for CMake module files
[2.211s] Level 1:colcon.colcon_core.environment:checking '/home/emzx/ros2_ws/install/bumperbot_description' for CMake config files
[2.222s] Level 1:colcon.colcon_core.shell:create_environment_hook('bumperbot_description', 'cmake_prefix_path')
[2.223s] INFO:colcon.colcon_core.shell:Creating environment hook '/home/emzx/ros2_ws/install/bumperbot_description/share/bumperbot_description/hook/cmake_prefix_path.ps1'
[2.223s] INFO:colcon.colcon_core.shell:Creating environment descriptor '/home/emzx/ros2_ws/install/bumperbot_description/share/bumperbot_description/hook/cmake_prefix_path.dsv'
[2.224s] INFO:colcon.colcon_core.shell:Creating environment hook '/home/emzx/ros2_ws/install/bumperbot_description/share/bumperbot_description/hook/cmake_prefix_path.sh'
[2.225s] Level 1:colcon.colcon_core.environment:checking '/home/emzx/ros2_ws/install/bumperbot_description/bin'
[2.225s] Level 1:colcon.colcon_core.environment:checking '/home/emzx/ros2_ws/install/bumperbot_description/lib/pkgconfig/bumperbot_description.pc'
[2.225s] Level 1:colcon.colcon_core.environment:checking '/home/emzx/ros2_ws/install/bumperbot_description/lib/python3.12/site-packages'
[2.226s] Level 1:colcon.colcon_core.environment:checking '/home/emzx/ros2_ws/install/bumperbot_description/bin'
[2.226s] INFO:colcon.colcon_core.shell:Creating package script '/home/emzx/ros2_ws/install/bumperbot_description/share/bumperbot_description/package.ps1'
[2.227s] INFO:colcon.colcon_core.shell:Creating package descriptor '/home/emzx/ros2_ws/install/bumperbot_description/share/bumperbot_description/package.dsv'
[2.228s] INFO:colcon.colcon_core.shell:Creating package script '/home/emzx/ros2_ws/install/bumperbot_description/share/bumperbot_description/package.sh'
[2.228s] INFO:colcon.colcon_core.shell:Creating package script '/home/emzx/ros2_ws/install/bumperbot_description/share/bumperbot_description/package.bash'
[2.229s] INFO:colcon.colcon_core.shell:Creating package script '/home/emzx/ros2_ws/install/bumperbot_description/share/bumperbot_description/package.zsh'
[2.229s] Level 1:colcon.colcon_core.environment:create_file_with_runtime_dependencies(/home/emzx/ros2_ws/install/bumperbot_description/share/colcon-core/packages/bumperbot_description)
[2.230s] Level 1:colcon.colcon_core.environment:create_environment_scripts_only(bumperbot_mapping)
[2.230s] Level 1:colcon.colcon_core.environment:checking '/home/emzx/ros2_ws/install/bumperbot_mapping' for CMake module files
[2.232s] Level 1:colcon.colcon_core.environment:checking '/home/emzx/ros2_ws/install/bumperbot_mapping' for CMake config files
[2.233s] DEBUG:colcon.colcon_core.event_handler.log_command:Invoked command in '/home/emzx/ros2_ws/build/bumperbot_mapping' returned '0': CMAKE_PREFIX_PATH=${CMAKE_PREFIX_PATH}:/home/emzx/ros2_ws/install/turtlesim_catch_them_all:/home/emzx/ros2_ws/install/pacote_teste:/home/emzx/ros2_ws/install/bumperbot_utils:/home/emzx/ros2_ws/install/bumperbot_py:/opt/ros/jazzy DEBUGINFOD_URLS=https://debuginfod.ubuntu.com /usr/bin/cmake --install /home/emzx/ros2_ws/build/bumperbot_mapping
[2.233s] Level 1:colcon.colcon_core.shell:create_environment_hook('bumperbot_mapping', 'cmake_prefix_path')
[2.233s] INFO:colcon.colcon_core.shell:Creating environment hook '/home/emzx/ros2_ws/install/bumperbot_mapping/share/bumperbot_mapping/hook/cmake_prefix_path.ps1'
[2.234s] INFO:colcon.colcon_core.shell:Creating environment descriptor '/home/emzx/ros2_ws/install/bumperbot_mapping/share/bumperbot_mapping/hook/cmake_prefix_path.dsv'
[2.234s] INFO:colcon.colcon_core.shell:Creating environment hook '/home/emzx/ros2_ws/install/bumperbot_mapping/share/bumperbot_mapping/hook/cmake_prefix_path.sh'
[2.235s] Level 1:colcon.colcon_core.environment:checking '/home/emzx/ros2_ws/install/bumperbot_mapping/lib'
[2.235s] Level 1:colcon.colcon_core.environment:checking '/home/emzx/ros2_ws/install/bumperbot_mapping/bin'
[2.235s] Level 1:colcon.colcon_core.environment:checking '/home/emzx/ros2_ws/install/bumperbot_mapping/lib/pkgconfig/bumperbot_mapping.pc'
[2.236s] Level 1:colcon.colcon_core.environment:checking '/home/emzx/ros2_ws/install/bumperbot_mapping/lib/python3.12/site-packages'
[2.236s] Level 1:colcon.colcon_core.shell:create_environment_hook('bumperbot_mapping', 'pythonpath')
[2.236s] INFO:colcon.colcon_core.shell:Creating environment hook '/home/emzx/ros2_ws/install/bumperbot_mapping/share/bumperbot_mapping/hook/pythonpath.ps1'
[2.237s] INFO:colcon.colcon_core.shell:Creating environment descriptor '/home/emzx/ros2_ws/install/bumperbot_mapping/share/bumperbot_mapping/hook/pythonpath.dsv'
[2.238s] INFO:colcon.colcon_core.shell:Creating environment hook '/home/emzx/ros2_ws/install/bumperbot_mapping/share/bumperbot_mapping/hook/pythonpath.sh'
[2.239s] Level 1:colcon.colcon_core.environment:checking '/home/emzx/ros2_ws/install/bumperbot_mapping/bin'
[2.239s] INFO:colcon.colcon_core.shell:Creating package script '/home/emzx/ros2_ws/install/bumperbot_mapping/share/bumperbot_mapping/package.ps1'
[2.240s] INFO:colcon.colcon_core.shell:Creating package descriptor '/home/emzx/ros2_ws/install/bumperbot_mapping/share/bumperbot_mapping/package.dsv'
[2.240s] INFO:colcon.colcon_core.shell:Creating package script '/home/emzx/ros2_ws/install/bumperbot_mapping/share/bumperbot_mapping/package.sh'
[2.241s] INFO:colcon.colcon_core.shell:Creating package script '/home/emzx/ros2_ws/install/bumperbot_mapping/share/bumperbot_mapping/package.bash'
[2.242s] INFO:colcon.colcon_core.shell:Creating package script '/home/emzx/ros2_ws/install/bumperbot_mapping/share/bumperbot_mapping/package.zsh'
[2.243s] Level 1:colcon.colcon_core.environment:create_file_with_runtime_dependencies(/home/emzx/ros2_ws/install/bumperbot_mapping/share/colcon-core/packages/bumperbot_mapping)
[2.244s] Level 1:colcon.colcon_core.environment:create_environment_scripts_only(bumperbot_mapping)
[2.244s] Level 1:colcon.colcon_core.environment:checking '/home/emzx/ros2_ws/install/bumperbot_mapping' for CMake module files
[2.245s] Level 1:colcon.colcon_core.environment:checking '/home/emzx/ros2_ws/install/bumperbot_mapping' for CMake config files
[2.245s] Level 1:colcon.colcon_core.shell:create_environment_hook('bumperbot_mapping', 'cmake_prefix_path')
[2.245s] INFO:colcon.colcon_core.shell:Creating environment hook '/home/emzx/ros2_ws/install/bumperbot_mapping/share/bumperbot_mapping/hook/cmake_prefix_path.ps1'
[2.246s] INFO:colcon.colcon_core.shell:Creating environment descriptor '/home/emzx/ros2_ws/install/bumperbot_mapping/share/bumperbot_mapping/hook/cmake_prefix_path.dsv'
[2.246s] INFO:colcon.colcon_core.shell:Creating environment hook '/home/emzx/ros2_ws/install/bumperbot_mapping/share/bumperbot_mapping/hook/cmake_prefix_path.sh'
[2.247s] Level 1:colcon.colcon_core.environment:checking '/home/emzx/ros2_ws/install/bumperbot_mapping/lib'
[2.247s] Level 1:colcon.colcon_core.environment:checking '/home/emzx/ros2_ws/install/bumperbot_mapping/bin'
[2.248s] Level 1:colcon.colcon_core.environment:checking '/home/emzx/ros2_ws/install/bumperbot_mapping/lib/pkgconfig/bumperbot_mapping.pc'
[2.248s] Level 1:colcon.colcon_core.environment:checking '/home/emzx/ros2_ws/install/bumperbot_mapping/lib/python3.12/site-packages'
[2.248s] Level 1:colcon.colcon_core.shell:create_environment_hook('bumperbot_mapping', 'pythonpath')
[2.248s] INFO:colcon.colcon_core.shell:Creating environment hook '/home/emzx/ros2_ws/install/bumperbot_mapping/share/bumperbot_mapping/hook/pythonpath.ps1'
[2.249s] INFO:colcon.colcon_core.shell:Creating environment descriptor '/home/emzx/ros2_ws/install/bumperbot_mapping/share/bumperbot_mapping/hook/pythonpath.dsv'
[2.249s] INFO:colcon.colcon_core.shell:Creating environment hook '/home/emzx/ros2_ws/install/bumperbot_mapping/share/bumperbot_mapping/hook/pythonpath.sh'
[2.250s] Level 1:colcon.colcon_core.environment:checking '/home/emzx/ros2_ws/install/bumperbot_mapping/bin'
[2.251s] INFO:colcon.colcon_core.shell:Creating package script '/home/emzx/ros2_ws/install/bumperbot_mapping/share/bumperbot_mapping/package.ps1'
[2.252s] INFO:colcon.colcon_core.shell:Creating package descriptor '/home/emzx/ros2_ws/install/bumperbot_mapping/share/bumperbot_mapping/package.dsv'
[2.252s] INFO:colcon.colcon_core.shell:Creating package script '/home/emzx/ros2_ws/install/bumperbot_mapping/share/bumperbot_mapping/package.sh'
[2.253s] INFO:colcon.colcon_core.shell:Creating package script '/home/emzx/ros2_ws/install/bumperbot_mapping/share/bumperbot_mapping/package.bash'
[2.254s] INFO:colcon.colcon_core.shell:Creating package script '/home/emzx/ros2_ws/install/bumperbot_mapping/share/bumperbot_mapping/package.zsh'
[2.254s] Level 1:colcon.colcon_core.environment:create_file_with_runtime_dependencies(/home/emzx/ros2_ws/install/bumperbot_mapping/share/colcon-core/packages/bumperbot_mapping)
[2.255s] INFO:colcon.colcon_ros.task.ament_python.build:Building ROS package in '/home/emzx/ros2_ws/src/pacote_teste' with build type 'ament_python'
[2.255s] Level 1:colcon.colcon_core.shell:create_environment_hook('pacote_teste', 'ament_prefix_path')
[2.256s] INFO:colcon.colcon_core.shell:Creating environment hook '/home/emzx/ros2_ws/install/pacote_teste/share/pacote_teste/hook/ament_prefix_path.ps1'
[2.257s] INFO:colcon.colcon_core.shell:Creating environment descriptor '/home/emzx/ros2_ws/install/pacote_teste/share/pacote_teste/hook/ament_prefix_path.dsv'
[2.258s] INFO:colcon.colcon_core.shell:Creating environment hook '/home/emzx/ros2_ws/install/pacote_teste/share/pacote_teste/hook/ament_prefix_path.sh'
[2.259s] INFO:colcon.colcon_core.shell:Skip shell extension 'powershell' for command environment: Not usable outside of PowerShell
[2.259s] DEBUG:colcon.colcon_core.shell:Skip shell extension 'dsv' for command environment
[2.273s] INFO:colcon.colcon_ros.task.ament_python.build:Building ROS package in '/home/emzx/ros2_ws/src/turtlesim_catch_them_all' with build type 'ament_python'
[2.274s] Level 1:colcon.colcon_core.shell:create_environment_hook('turtlesim_catch_them_all', 'ament_prefix_path')
[2.274s] INFO:colcon.colcon_core.shell:Creating environment hook '/home/emzx/ros2_ws/install/turtlesim_catch_them_all/share/turtlesim_catch_them_all/hook/ament_prefix_path.ps1'
[2.275s] INFO:colcon.colcon_core.shell:Creating environment descriptor '/home/emzx/ros2_ws/install/turtlesim_catch_them_all/share/turtlesim_catch_them_all/hook/ament_prefix_path.dsv'
[2.276s] INFO:colcon.colcon_core.shell:Creating environment hook '/home/emzx/ros2_ws/install/turtlesim_catch_them_all/share/turtlesim_catch_them_all/hook/ament_prefix_path.sh'
[2.277s] INFO:colcon.colcon_core.shell:Skip shell extension 'powershell' for command environment: Not usable outside of PowerShell
[2.277s] DEBUG:colcon.colcon_core.shell:Skip shell extension 'dsv' for command environment
[2.292s] Level 1:colcon.colcon_core.environment:create_environment_scripts_only(bumperbot_controller)
[2.292s] Level 1:colcon.colcon_core.environment:checking '/home/emzx/ros2_ws/install/bumperbot_controller' for CMake module files
[2.293s] DEBUG:colcon.colcon_core.event_handler.log_command:Invoked command in '/home/emzx/ros2_ws/build/bumperbot_controller' returned '0': CMAKE_PREFIX_PATH=${CMAKE_PREFIX_PATH}:/home/emzx/ros2_ws/install/turtlesim_catch_them_all:/home/emzx/ros2_ws/install/pacote_teste:/home/emzx/ros2_ws/install/bumperbot_utils:/home/emzx/ros2_ws/install/bumperbot_py:/opt/ros/jazzy DEBUGINFOD_URLS=https://debuginfod.ubuntu.com /usr/bin/cmake --install /home/emzx/ros2_ws/build/bumperbot_controller
[2.294s] Level 1:colcon.colcon_core.environment:checking '/home/emzx/ros2_ws/install/bumperbot_controller' for CMake config files
[2.295s] Level 1:colcon.colcon_core.shell:create_environment_hook('bumperbot_controller', 'cmake_prefix_path')
[2.295s] INFO:colcon.colcon_core.shell:Creating environment hook '/home/emzx/ros2_ws/install/bumperbot_controller/share/bumperbot_controller/hook/cmake_prefix_path.ps1'
[2.296s] INFO:colcon.colcon_core.shell:Creating environment descriptor '/home/emzx/ros2_ws/install/bumperbot_controller/share/bumperbot_controller/hook/cmake_prefix_path.dsv'
[2.296s] INFO:colcon.colcon_core.shell:Creating environment hook '/home/emzx/ros2_ws/install/bumperbot_controller/share/bumperbot_controller/hook/cmake_prefix_path.sh'
[2.298s] Level 1:colcon.colcon_core.environment:checking '/home/emzx/ros2_ws/install/bumperbot_controller/lib'
[2.298s] Level 1:colcon.colcon_core.environment:checking '/home/emzx/ros2_ws/install/bumperbot_controller/bin'
[2.298s] Level 1:colcon.colcon_core.environment:checking '/home/emzx/ros2_ws/install/bumperbot_controller/lib/pkgconfig/bumperbot_controller.pc'
[2.298s] Level 1:colcon.colcon_core.environment:checking '/home/emzx/ros2_ws/install/bumperbot_controller/lib/python3.12/site-packages'
[2.299s] Level 1:colcon.colcon_core.shell:create_environment_hook('bumperbot_controller', 'pythonpath')
[2.299s] INFO:colcon.colcon_core.shell:Creating environment hook '/home/emzx/ros2_ws/install/bumperbot_controller/share/bumperbot_controller/hook/pythonpath.ps1'
[2.300s] INFO:colcon.colcon_core.shell:Creating environment descriptor '/home/emzx/ros2_ws/install/bumperbot_controller/share/bumperbot_controller/hook/pythonpath.dsv'
[2.300s] INFO:colcon.colcon_core.shell:Creating environment hook '/home/emzx/ros2_ws/install/bumperbot_controller/share/bumperbot_controller/hook/pythonpath.sh'
[2.301s] Level 1:colcon.colcon_core.environment:checking '/home/emzx/ros2_ws/install/bumperbot_controller/bin'
[2.302s] INFO:colcon.colcon_core.shell:Creating package script '/home/emzx/ros2_ws/install/bumperbot_controller/share/bumperbot_controller/package.ps1'
[2.303s] INFO:colcon.colcon_core.shell:Creating package descriptor '/home/emzx/ros2_ws/install/bumperbot_controller/share/bumperbot_controller/package.dsv'
[2.303s] INFO:colcon.colcon_core.shell:Creating package script '/home/emzx/ros2_ws/install/bumperbot_controller/share/bumperbot_controller/package.sh'
[2.304s] INFO:colcon.colcon_core.shell:Creating package script '/home/emzx/ros2_ws/install/bumperbot_controller/share/bumperbot_controller/package.bash'
[2.304s] INFO:colcon.colcon_core.shell:Creating package script '/home/emzx/ros2_ws/install/bumperbot_controller/share/bumperbot_controller/package.zsh'
[2.305s] Level 1:colcon.colcon_core.environment:create_file_with_runtime_dependencies(/home/emzx/ros2_ws/install/bumperbot_controller/share/colcon-core/packages/bumperbot_controller)
[2.306s] Level 1:colcon.colcon_core.environment:create_environment_scripts_only(bumperbot_controller)
[2.306s] Level 1:colcon.colcon_core.environment:checking '/home/emzx/ros2_ws/install/bumperbot_controller' for CMake module files
[2.307s] Level 1:colcon.colcon_core.environment:checking '/home/emzx/ros2_ws/install/bumperbot_controller' for CMake config files
[2.308s] Level 1:colcon.colcon_core.shell:create_environment_hook('bumperbot_controller', 'cmake_prefix_path')
[2.308s] INFO:colcon.colcon_core.shell:Creating environment hook '/home/emzx/ros2_ws/install/bumperbot_controller/share/bumperbot_controller/hook/cmake_prefix_path.ps1'
[2.309s] INFO:colcon.colcon_core.shell:Creating environment descriptor '/home/emzx/ros2_ws/install/bumperbot_controller/share/bumperbot_controller/hook/cmake_prefix_path.dsv'
[2.309s] INFO:colcon.colcon_core.shell:Creating environment hook '/home/emzx/ros2_ws/install/bumperbot_controller/share/bumperbot_controller/hook/cmake_prefix_path.sh'
[2.310s] Level 1:colcon.colcon_core.environment:checking '/home/emzx/ros2_ws/install/bumperbot_controller/lib'
[2.310s] Level 1:colcon.colcon_core.environment:checking '/home/emzx/ros2_ws/install/bumperbot_controller/bin'
[2.310s] Level 1:colcon.colcon_core.environment:checking '/home/emzx/ros2_ws/install/bumperbot_controller/lib/pkgconfig/bumperbot_controller.pc'
[2.311s] Level 1:colcon.colcon_core.environment:checking '/home/emzx/ros2_ws/install/bumperbot_controller/lib/python3.12/site-packages'
[2.311s] Level 1:colcon.colcon_core.shell:create_environment_hook('bumperbot_controller', 'pythonpath')
[2.311s] INFO:colcon.colcon_core.shell:Creating environment hook '/home/emzx/ros2_ws/install/bumperbot_controller/share/bumperbot_controller/hook/pythonpath.ps1'
[2.312s] INFO:colcon.colcon_core.shell:Creating environment descriptor '/home/emzx/ros2_ws/install/bumperbot_controller/share/bumperbot_controller/hook/pythonpath.dsv'
[2.312s] INFO:colcon.colcon_core.shell:Creating environment hook '/home/emzx/ros2_ws/install/bumperbot_controller/share/bumperbot_controller/hook/pythonpath.sh'
[2.313s] Level 1:colcon.colcon_core.environment:checking '/home/emzx/ros2_ws/install/bumperbot_controller/bin'
[2.314s] INFO:colcon.colcon_core.shell:Creating package script '/home/emzx/ros2_ws/install/bumperbot_controller/share/bumperbot_controller/package.ps1'
[2.314s] INFO:colcon.colcon_core.shell:Creating package descriptor '/home/emzx/ros2_ws/install/bumperbot_controller/share/bumperbot_controller/package.dsv'
[2.316s] INFO:colcon.colcon_core.shell:Creating package script '/home/emzx/ros2_ws/install/bumperbot_controller/share/bumperbot_controller/package.sh'
[2.316s] INFO:colcon.colcon_core.shell:Creating package script '/home/emzx/ros2_ws/install/bumperbot_controller/share/bumperbot_controller/package.bash'
[2.317s] INFO:colcon.colcon_core.shell:Creating package script '/home/emzx/ros2_ws/install/bumperbot_controller/share/bumperbot_controller/package.zsh'
[2.318s] Level 1:colcon.colcon_core.environment:create_file_with_runtime_dependencies(/home/emzx/ros2_ws/install/bumperbot_controller/share/colcon-core/packages/bumperbot_controller)
[2.755s] INFO:colcon.colcon_core.task.python.build:Building Python package in '/home/emzx/ros2_ws/src/pacote_teste'
[2.756s] INFO:colcon.colcon_core.shell:Skip shell extension 'powershell' for command environment: Not usable outside of PowerShell
[2.756s] DEBUG:colcon.colcon_core.shell:Skip shell extension 'dsv' for command environment
[3.211s] INFO:colcon.colcon_core.task.python.build:Building Python package in '/home/emzx/ros2_ws/src/turtlesim_catch_them_all'
[3.211s] INFO:colcon.colcon_core.shell:Skip shell extension 'powershell' for command environment: Not usable outside of PowerShell
[3.211s] DEBUG:colcon.colcon_core.shell:Skip shell extension 'dsv' for command environment
[3.228s] DEBUG:colcon.colcon_core.event_handler.log_command:Invoking command in '/home/emzx/ros2_ws/src/bumperbot_utils': DEBUGINFOD_URLS=https://debuginfod.ubuntu.com PYTHONPATH=/home/emzx/ros2_ws/build/bumperbot_utils/prefix_override:/usr/lib/python3/dist-packages/colcon_core/task/python/colcon_distutils_commands:/home/emzx/ros2_ws/install/bumperbot_utils/lib/python3.12/site-packages:${PYTHONPATH} /usr/bin/python3 -W ignore:setup.py install is deprecated -W ignore:easy_install command is deprecated setup.py egg_info --egg-base ../../build/bumperbot_utils build --build-base /home/emzx/ros2_ws/build/bumperbot_utils/build install --record /home/emzx/ros2_ws/build/bumperbot_utils/install.log --single-version-externally-managed install_data
[3.232s] DEBUG:colcon.colcon_core.event_handler.log_command:Invoking command in '/home/emzx/ros2_ws/src/bumperbot_py': DEBUGINFOD_URLS=https://debuginfod.ubuntu.com PYTHONPATH=/home/emzx/ros2_ws/build/bumperbot_py/prefix_override:/usr/lib/python3/dist-packages/colcon_core/task/python/colcon_distutils_commands:/home/emzx/ros2_ws/install/bumperbot_py/lib/python3.12/site-packages:${PYTHONPATH} /usr/bin/python3 -W ignore:setup.py install is deprecated -W ignore:easy_install command is deprecated setup.py egg_info --egg-base ../../build/bumperbot_py build --build-base /home/emzx/ros2_ws/build/bumperbot_py/build install --record /home/emzx/ros2_ws/build/bumperbot_py/install.log --single-version-externally-managed install_data
[4.383s] Level 1:colcon.colcon_core.environment:checking '/home/emzx/ros2_ws/install/bumperbot_py' for CMake module files
[4.385s] DEBUG:colcon.colcon_core.event_handler.log_command:Invoked command in '/home/emzx/ros2_ws/src/bumperbot_py' returned '0': DEBUGINFOD_URLS=https://debuginfod.ubuntu.com PYTHONPATH=/home/emzx/ros2_ws/build/bumperbot_py/prefix_override:/usr/lib/python3/dist-packages/colcon_core/task/python/colcon_distutils_commands:/home/emzx/ros2_ws/install/bumperbot_py/lib/python3.12/site-packages:${PYTHONPATH} /usr/bin/python3 -W ignore:setup.py install is deprecated -W ignore:easy_install command is deprecated setup.py egg_info --egg-base ../../build/bumperbot_py build --build-base /home/emzx/ros2_ws/build/bumperbot_py/build install --record /home/emzx/ros2_ws/build/bumperbot_py/install.log --single-version-externally-managed install_data
[4.386s] Level 1:colcon.colcon_core.environment:checking '/home/emzx/ros2_ws/install/bumperbot_py' for CMake config files
[4.388s] Level 1:colcon.colcon_core.environment:checking '/home/emzx/ros2_ws/install/bumperbot_py/lib'
[4.388s] Level 1:colcon.colcon_core.environment:checking '/home/emzx/ros2_ws/install/bumperbot_py/bin'
[4.388s] Level 1:colcon.colcon_core.environment:checking '/home/emzx/ros2_ws/install/bumperbot_py/lib/pkgconfig/bumperbot_py.pc'
[4.389s] Level 1:colcon.colcon_core.environment:checking '/home/emzx/ros2_ws/install/bumperbot_py/lib/python3.12/site-packages'
[4.389s] Level 1:colcon.colcon_core.shell:create_environment_hook('bumperbot_py', 'pythonpath')
[4.390s] INFO:colcon.colcon_core.shell:Creating environment hook '/home/emzx/ros2_ws/install/bumperbot_py/share/bumperbot_py/hook/pythonpath.ps1'
[4.391s] INFO:colcon.colcon_core.shell:Creating environment descriptor '/home/emzx/ros2_ws/install/bumperbot_py/share/bumperbot_py/hook/pythonpath.dsv'
[4.392s] INFO:colcon.colcon_core.shell:Creating environment hook '/home/emzx/ros2_ws/install/bumperbot_py/share/bumperbot_py/hook/pythonpath.sh'
[4.394s] Level 1:colcon.colcon_core.environment:checking '/home/emzx/ros2_ws/install/bumperbot_py/bin'
[4.394s] Level 1:colcon.colcon_core.environment:create_environment_scripts_only(bumperbot_py)
[4.395s] INFO:colcon.colcon_core.shell:Creating package script '/home/emzx/ros2_ws/install/bumperbot_py/share/bumperbot_py/package.ps1'
[4.396s] INFO:colcon.colcon_core.shell:Creating package descriptor '/home/emzx/ros2_ws/install/bumperbot_py/share/bumperbot_py/package.dsv'
[4.398s] INFO:colcon.colcon_core.shell:Creating package script '/home/emzx/ros2_ws/install/bumperbot_py/share/bumperbot_py/package.sh'
[4.399s] INFO:colcon.colcon_core.shell:Creating package script '/home/emzx/ros2_ws/install/bumperbot_py/share/bumperbot_py/package.bash'
[4.400s] INFO:colcon.colcon_core.shell:Creating package script '/home/emzx/ros2_ws/install/bumperbot_py/share/bumperbot_py/package.zsh'
[4.401s] Level 1:colcon.colcon_core.environment:create_file_with_runtime_dependencies(/home/emzx/ros2_ws/install/bumperbot_py/share/colcon-core/packages/bumperbot_py)
[4.404s] Level 1:colcon.colcon_core.environment:checking '/home/emzx/ros2_ws/install/bumperbot_utils' for CMake module files
[4.404s] DEBUG:colcon.colcon_core.event_handler.log_command:Invoked command in '/home/emzx/ros2_ws/src/bumperbot_utils' returned '0': DEBUGINFOD_URLS=https://debuginfod.ubuntu.com PYTHONPATH=/home/emzx/ros2_ws/build/bumperbot_utils/prefix_override:/usr/lib/python3/dist-packages/colcon_core/task/python/colcon_distutils_commands:/home/emzx/ros2_ws/install/bumperbot_utils/lib/python3.12/site-packages:${PYTHONPATH} /usr/bin/python3 -W ignore:setup.py install is deprecated -W ignore:easy_install command is deprecated setup.py egg_info --egg-base ../../build/bumperbot_utils build --build-base /home/emzx/ros2_ws/build/bumperbot_utils/build install --record /home/emzx/ros2_ws/build/bumperbot_utils/install.log --single-version-externally-managed install_data
[4.406s] Level 1:colcon.colcon_core.environment:checking '/home/emzx/ros2_ws/install/bumperbot_utils' for CMake config files
[4.408s] Level 1:colcon.colcon_core.environment:checking '/home/emzx/ros2_ws/install/bumperbot_utils/lib'
[4.408s] Level 1:colcon.colcon_core.environment:checking '/home/emzx/ros2_ws/install/bumperbot_utils/bin'
[4.408s] Level 1:colcon.colcon_core.environment:checking '/home/emzx/ros2_ws/install/bumperbot_utils/lib/pkgconfig/bumperbot_utils.pc'
[4.409s] Level 1:colcon.colcon_core.environment:checking '/home/emzx/ros2_ws/install/bumperbot_utils/lib/python3.12/site-packages'
[4.410s] Level 1:colcon.colcon_core.shell:create_environment_hook('bumperbot_utils', 'pythonpath')
[4.410s] INFO:colcon.colcon_core.shell:Creating environment hook '/home/emzx/ros2_ws/install/bumperbot_utils/share/bumperbot_utils/hook/pythonpath.ps1'
[4.412s] INFO:colcon.colcon_core.shell:Creating environment descriptor '/home/emzx/ros2_ws/install/bumperbot_utils/share/bumperbot_utils/hook/pythonpath.dsv'
[4.413s] INFO:colcon.colcon_core.shell:Creating environment hook '/home/emzx/ros2_ws/install/bumperbot_utils/share/bumperbot_utils/hook/pythonpath.sh'
[4.415s] Level 1:colcon.colcon_core.environment:checking '/home/emzx/ros2_ws/install/bumperbot_utils/bin'
[4.415s] Level 1:colcon.colcon_core.environment:create_environment_scripts_only(bumperbot_utils)
[4.416s] INFO:colcon.colcon_core.shell:Creating package script '/home/emzx/ros2_ws/install/bumperbot_utils/share/bumperbot_utils/package.ps1'
[4.417s] INFO:colcon.colcon_core.shell:Creating package descriptor '/home/emzx/ros2_ws/install/bumperbot_utils/share/bumperbot_utils/package.dsv'
[4.419s] INFO:colcon.colcon_core.shell:Creating package script '/home/emzx/ros2_ws/install/bumperbot_utils/share/bumperbot_utils/package.sh'
[4.420s] INFO:colcon.colcon_core.shell:Creating package script '/home/emzx/ros2_ws/install/bumperbot_utils/share/bumperbot_utils/package.bash'
[4.421s] INFO:colcon.colcon_core.shell:Creating package script '/home/emzx/ros2_ws/install/bumperbot_utils/share/bumperbot_utils/package.zsh'
[4.422s] Level 1:colcon.colcon_core.environment:create_file_with_runtime_dependencies(/home/emzx/ros2_ws/install/bumperbot_utils/share/colcon-core/packages/bumperbot_utils)
[4.472s] DEBUG:colcon.colcon_core.event_handler.log_command:Invoking command in '/home/emzx/ros2_ws/src/turtlesim_catch_them_all': CMAKE_PREFIX_PATH=/home/emzx/ros2_ws/install/my_robot_interfaces:/home/emzx/ros2_ws/install/my_robot_bringup:/home/emzx/ros2_ws/install/bumperbot_mapping:/home/emzx/ros2_ws/install/bumperbot_localization:/home/emzx/ros2_ws/install/bumperbot_description:/home/emzx/ros2_ws/install/bumperbot_controller:/home/emzx/ros2_ws/install/bumperbot_bringup:/opt/ros/jazzy/opt/gz_sim_vendor:/opt/ros/jazzy/opt/gz_sensors_vendor:/opt/ros/jazzy/opt/gz_physics_vendor:/opt/ros/jazzy/opt/sdformat_vendor:/opt/ros/jazzy/opt/gz_gui_vendor:/opt/ros/jazzy/opt/gz_transport_vendor:/opt/ros/jazzy/opt/gz_rendering_vendor:/opt/ros/jazzy/opt/gz_plugin_vendor:/opt/ros/jazzy/opt/gz_fuel_tools_vendor:/opt/ros/jazzy/opt/gz_msgs_vendor:/opt/ros/jazzy/opt/gz_common_vendor:/opt/ros/jazzy/opt/gz_math_vendor:/opt/ros/jazzy/opt/gz_utils_vendor:/opt/ros/jazzy/opt/gz_tools_vendor:/opt/ros/jazzy/opt/gz_ogre_next_vendor:/opt/ros/jazzy/opt/gz_dartsim_vendor:/opt/ros/jazzy/opt/gz_cmake_vendor DEBUGINFOD_URLS=https://debuginfod.ubuntu.com PYTHONPATH=/home/emzx/ros2_ws/build/turtlesim_catch_them_all/prefix_override:/usr/lib/python3/dist-packages/colcon_core/task/python/colcon_distutils_commands:/home/emzx/ros2_ws/install/turtlesim_catch_them_all/lib/python3.12/site-packages:/home/emzx/ros2_ws/install/my_robot_interfaces/lib/python3.12/site-packages:/home/emzx/ros2_ws/install/turtlesim_catch_them_all/lib/python3.12/site-packages:/home/emzx/ros2_ws/install/pacote_teste/lib/python3.12/site-packages:/home/emzx/ros2_ws/install/bumperbot_utils/lib/python3.12/site-packages:/home/emzx/ros2_ws/install/bumperbot_py/lib/python3.12/site-packages:/home/emzx/ros2_ws/install/bumperbot_mapping/lib/python3.12/site-packages:/home/emzx/ros2_ws/install/bumperbot_localization/lib/python3.12/site-packages:/home/emzx/ros2_ws/install/bumperbot_controller/lib/python3.12/site-packages:/opt/ros/jazzy/lib/python3.12/site-packages /usr/bin/python3 -W ignore:setup.py install is deprecated -W ignore:easy_install command is deprecated setup.py egg_info --egg-base ../../build/turtlesim_catch_them_all build --build-base /home/emzx/ros2_ws/build/turtlesim_catch_them_all/build install --record /home/emzx/ros2_ws/build/turtlesim_catch_them_all/install.log --single-version-externally-managed install_data
[4.488s] DEBUG:colcon.colcon_core.event_handler.log_command:Invoking command in '/home/emzx/ros2_ws/src/pacote_teste': CMAKE_PREFIX_PATH=/home/emzx/ros2_ws/install/my_robot_interfaces:/home/emzx/ros2_ws/install/my_robot_bringup:/home/emzx/ros2_ws/install/bumperbot_mapping:/home/emzx/ros2_ws/install/bumperbot_localization:/home/emzx/ros2_ws/install/bumperbot_description:/home/emzx/ros2_ws/install/bumperbot_controller:/home/emzx/ros2_ws/install/bumperbot_bringup:/opt/ros/jazzy/opt/gz_sim_vendor:/opt/ros/jazzy/opt/gz_sensors_vendor:/opt/ros/jazzy/opt/gz_physics_vendor:/opt/ros/jazzy/opt/sdformat_vendor:/opt/ros/jazzy/opt/gz_gui_vendor:/opt/ros/jazzy/opt/gz_transport_vendor:/opt/ros/jazzy/opt/gz_rendering_vendor:/opt/ros/jazzy/opt/gz_plugin_vendor:/opt/ros/jazzy/opt/gz_fuel_tools_vendor:/opt/ros/jazzy/opt/gz_msgs_vendor:/opt/ros/jazzy/opt/gz_common_vendor:/opt/ros/jazzy/opt/gz_math_vendor:/opt/ros/jazzy/opt/gz_utils_vendor:/opt/ros/jazzy/opt/gz_tools_vendor:/opt/ros/jazzy/opt/gz_ogre_next_vendor:/opt/ros/jazzy/opt/gz_dartsim_vendor:/opt/ros/jazzy/opt/gz_cmake_vendor DEBUGINFOD_URLS=https://debuginfod.ubuntu.com PYTHONPATH=/home/emzx/ros2_ws/build/pacote_teste/prefix_override:/usr/lib/python3/dist-packages/colcon_core/task/python/colcon_distutils_commands:/home/emzx/ros2_ws/install/pacote_teste/lib/python3.12/site-packages:/home/emzx/ros2_ws/install/my_robot_interfaces/lib/python3.12/site-packages:/home/emzx/ros2_ws/install/turtlesim_catch_them_all/lib/python3.12/site-packages:/home/emzx/ros2_ws/install/pacote_teste/lib/python3.12/site-packages:/home/emzx/ros2_ws/install/bumperbot_utils/lib/python3.12/site-packages:/home/emzx/ros2_ws/install/bumperbot_py/lib/python3.12/site-packages:/home/emzx/ros2_ws/install/bumperbot_mapping/lib/python3.12/site-packages:/home/emzx/ros2_ws/install/bumperbot_localization/lib/python3.12/site-packages:/home/emzx/ros2_ws/install/bumperbot_controller/lib/python3.12/site-packages:/opt/ros/jazzy/lib/python3.12/site-packages /usr/bin/python3 -W ignore:setup.py install is deprecated -W ignore:easy_install command is deprecated setup.py egg_info --egg-base ../../build/pacote_teste build --build-base /home/emzx/ros2_ws/build/pacote_teste/build install --record /home/emzx/ros2_ws/build/pacote_teste/install.log --single-version-externally-managed install_data
[5.602s] Level 1:colcon.colcon_core.environment:checking '/home/emzx/ros2_ws/install/turtlesim_catch_them_all' for CMake module files
[5.602s] DEBUG:colcon.colcon_core.event_handler.log_command:Invoked command in '/home/emzx/ros2_ws/src/turtlesim_catch_them_all' returned '0': CMAKE_PREFIX_PATH=/home/emzx/ros2_ws/install/my_robot_interfaces:/home/emzx/ros2_ws/install/my_robot_bringup:/home/emzx/ros2_ws/install/bumperbot_mapping:/home/emzx/ros2_ws/install/bumperbot_localization:/home/emzx/ros2_ws/install/bumperbot_description:/home/emzx/ros2_ws/install/bumperbot_controller:/home/emzx/ros2_ws/install/bumperbot_bringup:/opt/ros/jazzy/opt/gz_sim_vendor:/opt/ros/jazzy/opt/gz_sensors_vendor:/opt/ros/jazzy/opt/gz_physics_vendor:/opt/ros/jazzy/opt/sdformat_vendor:/opt/ros/jazzy/opt/gz_gui_vendor:/opt/ros/jazzy/opt/gz_transport_vendor:/opt/ros/jazzy/opt/gz_rendering_vendor:/opt/ros/jazzy/opt/gz_plugin_vendor:/opt/ros/jazzy/opt/gz_fuel_tools_vendor:/opt/ros/jazzy/opt/gz_msgs_vendor:/opt/ros/jazzy/opt/gz_common_vendor:/opt/ros/jazzy/opt/gz_math_vendor:/opt/ros/jazzy/opt/gz_utils_vendor:/opt/ros/jazzy/opt/gz_tools_vendor:/opt/ros/jazzy/opt/gz_ogre_next_vendor:/opt/ros/jazzy/opt/gz_dartsim_vendor:/opt/ros/jazzy/opt/gz_cmake_vendor DEBUGINFOD_URLS=https://debuginfod.ubuntu.com PYTHONPATH=/home/emzx/ros2_ws/build/turtlesim_catch_them_all/prefix_override:/usr/lib/python3/dist-packages/colcon_core/task/python/colcon_distutils_commands:/home/emzx/ros2_ws/install/turtlesim_catch_them_all/lib/python3.12/site-packages:/home/emzx/ros2_ws/install/my_robot_interfaces/lib/python3.12/site-packages:/home/emzx/ros2_ws/install/turtlesim_catch_them_all/lib/python3.12/site-packages:/home/emzx/ros2_ws/install/pacote_teste/lib/python3.12/site-packages:/home/emzx/ros2_ws/install/bumperbot_utils/lib/python3.12/site-packages:/home/emzx/ros2_ws/install/bumperbot_py/lib/python3.12/site-packages:/home/emzx/ros2_ws/install/bumperbot_mapping/lib/python3.12/site-packages:/home/emzx/ros2_ws/install/bumperbot_localization/lib/python3.12/site-packages:/home/emzx/ros2_ws/install/bumperbot_controller/lib/python3.12/site-packages:/opt/ros/jazzy/lib/python3.12/site-packages /usr/bin/python3 -W ignore:setup.py install is deprecated -W ignore:easy_install command is deprecated setup.py egg_info --egg-base ../../build/turtlesim_catch_them_all build --build-base /home/emzx/ros2_ws/build/turtlesim_catch_them_all/build install --record /home/emzx/ros2_ws/build/turtlesim_catch_them_all/install.log --single-version-externally-managed install_data
[5.603s] Level 1:colcon.colcon_core.environment:checking '/home/emzx/ros2_ws/install/turtlesim_catch_them_all' for CMake config files
[5.604s] Level 1:colcon.colcon_core.environment:checking '/home/emzx/ros2_ws/install/turtlesim_catch_them_all/lib'
[5.604s] Level 1:colcon.colcon_core.environment:checking '/home/emzx/ros2_ws/install/turtlesim_catch_them_all/bin'
[5.605s] Level 1:colcon.colcon_core.environment:checking '/home/emzx/ros2_ws/install/turtlesim_catch_them_all/lib/pkgconfig/turtlesim_catch_them_all.pc'
[5.605s] Level 1:colcon.colcon_core.environment:checking '/home/emzx/ros2_ws/install/turtlesim_catch_them_all/lib/python3.12/site-packages'
[5.605s] Level 1:colcon.colcon_core.shell:create_environment_hook('turtlesim_catch_them_all', 'pythonpath')
[5.606s] INFO:colcon.colcon_core.shell:Creating environment hook '/home/emzx/ros2_ws/install/turtlesim_catch_them_all/share/turtlesim_catch_them_all/hook/pythonpath.ps1'
[5.607s] INFO:colcon.colcon_core.shell:Creating environment descriptor '/home/emzx/ros2_ws/install/turtlesim_catch_them_all/share/turtlesim_catch_them_all/hook/pythonpath.dsv'
[5.607s] INFO:colcon.colcon_core.shell:Creating environment hook '/home/emzx/ros2_ws/install/turtlesim_catch_them_all/share/turtlesim_catch_them_all/hook/pythonpath.sh'
[5.608s] Level 1:colcon.colcon_core.environment:checking '/home/emzx/ros2_ws/install/turtlesim_catch_them_all/bin'
[5.609s] Level 1:colcon.colcon_core.environment:create_environment_scripts_only(turtlesim_catch_them_all)
[5.609s] INFO:colcon.colcon_core.shell:Creating package script '/home/emzx/ros2_ws/install/turtlesim_catch_them_all/share/turtlesim_catch_them_all/package.ps1'
[5.610s] INFO:colcon.colcon_core.shell:Creating package descriptor '/home/emzx/ros2_ws/install/turtlesim_catch_them_all/share/turtlesim_catch_them_all/package.dsv'
[5.611s] INFO:colcon.colcon_core.shell:Creating package script '/home/emzx/ros2_ws/install/turtlesim_catch_them_all/share/turtlesim_catch_them_all/package.sh'
[5.612s] INFO:colcon.colcon_core.shell:Creating package script '/home/emzx/ros2_ws/install/turtlesim_catch_them_all/share/turtlesim_catch_them_all/package.bash'
[5.612s] INFO:colcon.colcon_core.shell:Creating package script '/home/emzx/ros2_ws/install/turtlesim_catch_them_all/share/turtlesim_catch_them_all/package.zsh'
[5.613s] Level 1:colcon.colcon_core.environment:create_file_with_runtime_dependencies(/home/emzx/ros2_ws/install/turtlesim_catch_them_all/share/colcon-core/packages/turtlesim_catch_them_all)
[5.615s] Level 1:colcon.colcon_core.environment:checking '/home/emzx/ros2_ws/install/pacote_teste' for CMake module files
[5.616s] DEBUG:colcon.colcon_core.event_handler.log_command:Invoked command in '/home/emzx/ros2_ws/src/pacote_teste' returned '0': CMAKE_PREFIX_PATH=/home/emzx/ros2_ws/install/my_robot_interfaces:/home/emzx/ros2_ws/install/my_robot_bringup:/home/emzx/ros2_ws/install/bumperbot_mapping:/home/emzx/ros2_ws/install/bumperbot_localization:/home/emzx/ros2_ws/install/bumperbot_description:/home/emzx/ros2_ws/install/bumperbot_controller:/home/emzx/ros2_ws/install/bumperbot_bringup:/opt/ros/jazzy/opt/gz_sim_vendor:/opt/ros/jazzy/opt/gz_sensors_vendor:/opt/ros/jazzy/opt/gz_physics_vendor:/opt/ros/jazzy/opt/sdformat_vendor:/opt/ros/jazzy/opt/gz_gui_vendor:/opt/ros/jazzy/opt/gz_transport_vendor:/opt/ros/jazzy/opt/gz_rendering_vendor:/opt/ros/jazzy/opt/gz_plugin_vendor:/opt/ros/jazzy/opt/gz_fuel_tools_vendor:/opt/ros/jazzy/opt/gz_msgs_vendor:/opt/ros/jazzy/opt/gz_common_vendor:/opt/ros/jazzy/opt/gz_math_vendor:/opt/ros/jazzy/opt/gz_utils_vendor:/opt/ros/jazzy/opt/gz_tools_vendor:/opt/ros/jazzy/opt/gz_ogre_next_vendor:/opt/ros/jazzy/opt/gz_dartsim_vendor:/opt/ros/jazzy/opt/gz_cmake_vendor DEBUGINFOD_URLS=https://debuginfod.ubuntu.com PYTHONPATH=/home/emzx/ros2_ws/build/pacote_teste/prefix_override:/usr/lib/python3/dist-packages/colcon_core/task/python/colcon_distutils_commands:/home/emzx/ros2_ws/install/pacote_teste/lib/python3.12/site-packages:/home/emzx/ros2_ws/install/my_robot_interfaces/lib/python3.12/site-packages:/home/emzx/ros2_ws/install/turtlesim_catch_them_all/lib/python3.12/site-packages:/home/emzx/ros2_ws/install/pacote_teste/lib/python3.12/site-packages:/home/emzx/ros2_ws/install/bumperbot_utils/lib/python3.12/site-packages:/home/emzx/ros2_ws/install/bumperbot_py/lib/python3.12/site-packages:/home/emzx/ros2_ws/install/bumperbot_mapping/lib/python3.12/site-packages:/home/emzx/ros2_ws/install/bumperbot_localization/lib/python3.12/site-packages:/home/emzx/ros2_ws/install/bumperbot_controller/lib/python3.12/site-packages:/opt/ros/jazzy/lib/python3.12/site-packages /usr/bin/python3 -W ignore:setup.py install is deprecated -W ignore:easy_install command is deprecated setup.py egg_info --egg-base ../../build/pacote_teste build --build-base /home/emzx/ros2_ws/build/pacote_teste/build install --record /home/emzx/ros2_ws/build/pacote_teste/install.log --single-version-externally-managed install_data
[5.617s] Level 1:colcon.colcon_core.environment:checking '/home/emzx/ros2_ws/install/pacote_teste' for CMake config files
[5.618s] Level 1:colcon.colcon_core.environment:checking '/home/emzx/ros2_ws/install/pacote_teste/lib'
[5.618s] Level 1:colcon.colcon_core.environment:checking '/home/emzx/ros2_ws/install/pacote_teste/bin'
[5.618s] Level 1:colcon.colcon_core.environment:checking '/home/emzx/ros2_ws/install/pacote_teste/lib/pkgconfig/pacote_teste.pc'
[5.619s] Level 1:colcon.colcon_core.environment:checking '/home/emzx/ros2_ws/install/pacote_teste/lib/python3.12/site-packages'
[5.619s] Level 1:colcon.colcon_core.shell:create_environment_hook('pacote_teste', 'pythonpath')
[5.619s] INFO:colcon.colcon_core.shell:Creating environment hook '/home/emzx/ros2_ws/install/pacote_teste/share/pacote_teste/hook/pythonpath.ps1'
[5.620s] INFO:colcon.colcon_core.shell:Creating environment descriptor '/home/emzx/ros2_ws/install/pacote_teste/share/pacote_teste/hook/pythonpath.dsv'
[5.621s] INFO:colcon.colcon_core.shell:Creating environment hook '/home/emzx/ros2_ws/install/pacote_teste/share/pacote_teste/hook/pythonpath.sh'
[5.622s] Level 1:colcon.colcon_core.environment:checking '/home/emzx/ros2_ws/install/pacote_teste/bin'
[5.622s] Level 1:colcon.colcon_core.environment:create_environment_scripts_only(pacote_teste)
[5.622s] INFO:colcon.colcon_core.shell:Creating package script '/home/emzx/ros2_ws/install/pacote_teste/share/pacote_teste/package.ps1'
[5.623s] INFO:colcon.colcon_core.shell:Creating package descriptor '/home/emzx/ros2_ws/install/pacote_teste/share/pacote_teste/package.dsv'
[5.624s] INFO:colcon.colcon_core.shell:Creating package script '/home/emzx/ros2_ws/install/pacote_teste/share/pacote_teste/package.sh'
[5.625s] INFO:colcon.colcon_core.shell:Creating package script '/home/emzx/ros2_ws/install/pacote_teste/share/pacote_teste/package.bash'
[5.626s] INFO:colcon.colcon_core.shell:Creating package script '/home/emzx/ros2_ws/install/pacote_teste/share/pacote_teste/package.zsh'
[5.626s] Level 1:colcon.colcon_core.environment:create_file_with_runtime_dependencies(/home/emzx/ros2_ws/install/pacote_teste/share/colcon-core/packages/pacote_teste)
[5.627s] INFO:colcon.colcon_ros.task.ament_cmake.build:Building ROS package in '/home/emzx/ros2_ws/src/my_robot_bringup' with build type 'ament_cmake'
[5.627s] INFO:colcon.colcon_cmake.task.cmake.build:Building CMake package in '/home/emzx/ros2_ws/src/my_robot_bringup'
[5.627s] INFO:colcon.colcon_core.shell:Skip shell extension 'powershell' for command environment: Not usable outside of PowerShell
[5.627s] DEBUG:colcon.colcon_core.shell:Skip shell extension 'dsv' for command environment
[5.650s] DEBUG:colcon.colcon_core.event_handler.log_command:Invoking command in '/home/emzx/ros2_ws/build/my_robot_bringup': AMENT_PREFIX_PATH=/home/emzx/ros2_ws/install/pacote_teste:/home/emzx/ros2_ws/install/turtlesim_catch_them_all:/home/emzx/ros2_ws/install/my_robot_bringup:/home/emzx/ros2_ws/install/my_robot_interfaces:/home/emzx/ros2_ws/install/bumperbot_utils:/home/emzx/ros2_ws/install/bumperbot_py:/home/emzx/ros2_ws/install/bumperbot_mapping:/home/emzx/ros2_ws/install/bumperbot_localization:/home/emzx/ros2_ws/install/bumperbot_description:/home/emzx/ros2_ws/install/bumperbot_controller:/home/emzx/ros2_ws/install/bumperbot_bringup:/opt/ros/jazzy CMAKE_PREFIX_PATH=/home/emzx/ros2_ws/install/my_robot_interfaces:/home/emzx/ros2_ws/install/my_robot_bringup:/home/emzx/ros2_ws/install/bumperbot_mapping:/home/emzx/ros2_ws/install/bumperbot_localization:/home/emzx/ros2_ws/install/bumperbot_description:/home/emzx/ros2_ws/install/bumperbot_controller:/home/emzx/ros2_ws/install/bumperbot_bringup:/opt/ros/jazzy/opt/gz_sim_vendor:/opt/ros/jazzy/opt/gz_sensors_vendor:/opt/ros/jazzy/opt/gz_physics_vendor:/opt/ros/jazzy/opt/sdformat_vendor:/opt/ros/jazzy/opt/gz_gui_vendor:/opt/ros/jazzy/opt/gz_transport_vendor:/opt/ros/jazzy/opt/gz_rendering_vendor:/opt/ros/jazzy/opt/gz_plugin_vendor:/opt/ros/jazzy/opt/gz_fuel_tools_vendor:/opt/ros/jazzy/opt/gz_msgs_vendor:/opt/ros/jazzy/opt/gz_common_vendor:/opt/ros/jazzy/opt/gz_math_vendor:/opt/ros/jazzy/opt/gz_utils_vendor:/opt/ros/jazzy/opt/gz_tools_vendor:/opt/ros/jazzy/opt/gz_ogre_next_vendor:/opt/ros/jazzy/opt/gz_dartsim_vendor:/opt/ros/jazzy/opt/gz_cmake_vendor:/home/emzx/ros2_ws/install/turtlesim_catch_them_all:/home/emzx/ros2_ws/install/pacote_teste:/home/emzx/ros2_ws/install/bumperbot_utils:/home/emzx/ros2_ws/install/bumperbot_py:/opt/ros/jazzy DEBUGINFOD_URLS=https://debuginfod.ubuntu.com PYTHONPATH=/home/emzx/ros2_ws/install/pacote_teste/lib/python3.12/site-packages:/home/emzx/ros2_ws/install/my_robot_interfaces/lib/python3.12/site-packages:/home/emzx/ros2_ws/install/turtlesim_catch_them_all/lib/python3.12/site-packages:/home/emzx/ros2_ws/install/bumperbot_utils/lib/python3.12/site-packages:/home/emzx/ros2_ws/install/bumperbot_py/lib/python3.12/site-packages:/home/emzx/ros2_ws/install/bumperbot_mapping/lib/python3.12/site-packages:/home/emzx/ros2_ws/install/bumperbot_localization/lib/python3.12/site-packages:/home/emzx/ros2_ws/install/bumperbot_controller/lib/python3.12/site-packages:/opt/ros/jazzy/lib/python3.12/site-packages /usr/bin/cmake --build /home/emzx/ros2_ws/build/my_robot_bringup -- -j8 -l8
[5.722s] DEBUG:colcon.colcon_core.event_handler.log_command:Invoked command in '/home/emzx/ros2_ws/build/my_robot_bringup' returned '0': AMENT_PREFIX_PATH=/home/emzx/ros2_ws/install/pacote_teste:/home/emzx/ros2_ws/install/turtlesim_catch_them_all:/home/emzx/ros2_ws/install/my_robot_bringup:/home/emzx/ros2_ws/install/my_robot_interfaces:/home/emzx/ros2_ws/install/bumperbot_utils:/home/emzx/ros2_ws/install/bumperbot_py:/home/emzx/ros2_ws/install/bumperbot_mapping:/home/emzx/ros2_ws/install/bumperbot_localization:/home/emzx/ros2_ws/install/bumperbot_description:/home/emzx/ros2_ws/install/bumperbot_controller:/home/emzx/ros2_ws/install/bumperbot_bringup:/opt/ros/jazzy CMAKE_PREFIX_PATH=/home/emzx/ros2_ws/install/my_robot_interfaces:/home/emzx/ros2_ws/install/my_robot_bringup:/home/emzx/ros2_ws/install/bumperbot_mapping:/home/emzx/ros2_ws/install/bumperbot_localization:/home/emzx/ros2_ws/install/bumperbot_description:/home/emzx/ros2_ws/install/bumperbot_controller:/home/emzx/ros2_ws/install/bumperbot_bringup:/opt/ros/jazzy/opt/gz_sim_vendor:/opt/ros/jazzy/opt/gz_sensors_vendor:/opt/ros/jazzy/opt/gz_physics_vendor:/opt/ros/jazzy/opt/sdformat_vendor:/opt/ros/jazzy/opt/gz_gui_vendor:/opt/ros/jazzy/opt/gz_transport_vendor:/opt/ros/jazzy/opt/gz_rendering_vendor:/opt/ros/jazzy/opt/gz_plugin_vendor:/opt/ros/jazzy/opt/gz_fuel_tools_vendor:/opt/ros/jazzy/opt/gz_msgs_vendor:/opt/ros/jazzy/opt/gz_common_vendor:/opt/ros/jazzy/opt/gz_math_vendor:/opt/ros/jazzy/opt/gz_utils_vendor:/opt/ros/jazzy/opt/gz_tools_vendor:/opt/ros/jazzy/opt/gz_ogre_next_vendor:/opt/ros/jazzy/opt/gz_dartsim_vendor:/opt/ros/jazzy/opt/gz_cmake_vendor:/home/emzx/ros2_ws/install/turtlesim_catch_them_all:/home/emzx/ros2_ws/install/pacote_teste:/home/emzx/ros2_ws/install/bumperbot_utils:/home/emzx/ros2_ws/install/bumperbot_py:/opt/ros/jazzy DEBUGINFOD_URLS=https://debuginfod.ubuntu.com PYTHONPATH=/home/emzx/ros2_ws/install/pacote_teste/lib/python3.12/site-packages:/home/emzx/ros2_ws/install/my_robot_interfaces/lib/python3.12/site-packages:/home/emzx/ros2_ws/install/turtlesim_catch_them_all/lib/python3.12/site-packages:/home/emzx/ros2_ws/install/bumperbot_utils/lib/python3.12/site-packages:/home/emzx/ros2_ws/install/bumperbot_py/lib/python3.12/site-packages:/home/emzx/ros2_ws/install/bumperbot_mapping/lib/python3.12/site-packages:/home/emzx/ros2_ws/install/bumperbot_localization/lib/python3.12/site-packages:/home/emzx/ros2_ws/install/bumperbot_controller/lib/python3.12/site-packages:/opt/ros/jazzy/lib/python3.12/site-packages /usr/bin/cmake --build /home/emzx/ros2_ws/build/my_robot_bringup -- -j8 -l8
[5.724s] DEBUG:colcon.colcon_core.event_handler.log_command:Invoking command in '/home/emzx/ros2_ws/build/my_robot_bringup': AMENT_PREFIX_PATH=/home/emzx/ros2_ws/install/pacote_teste:/home/emzx/ros2_ws/install/turtlesim_catch_them_all:/home/emzx/ros2_ws/install/my_robot_bringup:/home/emzx/ros2_ws/install/my_robot_interfaces:/home/emzx/ros2_ws/install/bumperbot_utils:/home/emzx/ros2_ws/install/bumperbot_py:/home/emzx/ros2_ws/install/bumperbot_mapping:/home/emzx/ros2_ws/install/bumperbot_localization:/home/emzx/ros2_ws/install/bumperbot_description:/home/emzx/ros2_ws/install/bumperbot_controller:/home/emzx/ros2_ws/install/bumperbot_bringup:/opt/ros/jazzy CMAKE_PREFIX_PATH=/home/emzx/ros2_ws/install/my_robot_interfaces:/home/emzx/ros2_ws/install/my_robot_bringup:/home/emzx/ros2_ws/install/bumperbot_mapping:/home/emzx/ros2_ws/install/bumperbot_localization:/home/emzx/ros2_ws/install/bumperbot_description:/home/emzx/ros2_ws/install/bumperbot_controller:/home/emzx/ros2_ws/install/bumperbot_bringup:/opt/ros/jazzy/opt/gz_sim_vendor:/opt/ros/jazzy/opt/gz_sensors_vendor:/opt/ros/jazzy/opt/gz_physics_vendor:/opt/ros/jazzy/opt/sdformat_vendor:/opt/ros/jazzy/opt/gz_gui_vendor:/opt/ros/jazzy/opt/gz_transport_vendor:/opt/ros/jazzy/opt/gz_rendering_vendor:/opt/ros/jazzy/opt/gz_plugin_vendor:/opt/ros/jazzy/opt/gz_fuel_tools_vendor:/opt/ros/jazzy/opt/gz_msgs_vendor:/opt/ros/jazzy/opt/gz_common_vendor:/opt/ros/jazzy/opt/gz_math_vendor:/opt/ros/jazzy/opt/gz_utils_vendor:/opt/ros/jazzy/opt/gz_tools_vendor:/opt/ros/jazzy/opt/gz_ogre_next_vendor:/opt/ros/jazzy/opt/gz_dartsim_vendor:/opt/ros/jazzy/opt/gz_cmake_vendor:/home/emzx/ros2_ws/install/turtlesim_catch_them_all:/home/emzx/ros2_ws/install/pacote_teste:/home/emzx/ros2_ws/install/bumperbot_utils:/home/emzx/ros2_ws/install/bumperbot_py:/opt/ros/jazzy DEBUGINFOD_URLS=https://debuginfod.ubuntu.com PYTHONPATH=/home/emzx/ros2_ws/install/pacote_teste/lib/python3.12/site-packages:/home/emzx/ros2_ws/install/my_robot_interfaces/lib/python3.12/site-packages:/home/emzx/ros2_ws/install/turtlesim_catch_them_all/lib/python3.12/site-packages:/home/emzx/ros2_ws/install/bumperbot_utils/lib/python3.12/site-packages:/home/emzx/ros2_ws/install/bumperbot_py/lib/python3.12/site-packages:/home/emzx/ros2_ws/install/bumperbot_mapping/lib/python3.12/site-packages:/home/emzx/ros2_ws/install/bumperbot_localization/lib/python3.12/site-packages:/home/emzx/ros2_ws/install/bumperbot_controller/lib/python3.12/site-packages:/opt/ros/jazzy/lib/python3.12/site-packages /usr/bin/cmake --install /home/emzx/ros2_ws/build/my_robot_bringup
[5.742s] Level 1:colcon.colcon_core.environment:create_environment_scripts_only(my_robot_bringup)
[5.742s] Level 1:colcon.colcon_core.environment:checking '/home/emzx/ros2_ws/install/my_robot_bringup' for CMake module files
[5.743s] DEBUG:colcon.colcon_core.event_handler.log_command:Invoked command in '/home/emzx/ros2_ws/build/my_robot_bringup' returned '0': AMENT_PREFIX_PATH=/home/emzx/ros2_ws/install/pacote_teste:/home/emzx/ros2_ws/install/turtlesim_catch_them_all:/home/emzx/ros2_ws/install/my_robot_bringup:/home/emzx/ros2_ws/install/my_robot_interfaces:/home/emzx/ros2_ws/install/bumperbot_utils:/home/emzx/ros2_ws/install/bumperbot_py:/home/emzx/ros2_ws/install/bumperbot_mapping:/home/emzx/ros2_ws/install/bumperbot_localization:/home/emzx/ros2_ws/install/bumperbot_description:/home/emzx/ros2_ws/install/bumperbot_controller:/home/emzx/ros2_ws/install/bumperbot_bringup:/opt/ros/jazzy CMAKE_PREFIX_PATH=/home/emzx/ros2_ws/install/my_robot_interfaces:/home/emzx/ros2_ws/install/my_robot_bringup:/home/emzx/ros2_ws/install/bumperbot_mapping:/home/emzx/ros2_ws/install/bumperbot_localization:/home/emzx/ros2_ws/install/bumperbot_description:/home/emzx/ros2_ws/install/bumperbot_controller:/home/emzx/ros2_ws/install/bumperbot_bringup:/opt/ros/jazzy/opt/gz_sim_vendor:/opt/ros/jazzy/opt/gz_sensors_vendor:/opt/ros/jazzy/opt/gz_physics_vendor:/opt/ros/jazzy/opt/sdformat_vendor:/opt/ros/jazzy/opt/gz_gui_vendor:/opt/ros/jazzy/opt/gz_transport_vendor:/opt/ros/jazzy/opt/gz_rendering_vendor:/opt/ros/jazzy/opt/gz_plugin_vendor:/opt/ros/jazzy/opt/gz_fuel_tools_vendor:/opt/ros/jazzy/opt/gz_msgs_vendor:/opt/ros/jazzy/opt/gz_common_vendor:/opt/ros/jazzy/opt/gz_math_vendor:/opt/ros/jazzy/opt/gz_utils_vendor:/opt/ros/jazzy/opt/gz_tools_vendor:/opt/ros/jazzy/opt/gz_ogre_next_vendor:/opt/ros/jazzy/opt/gz_dartsim_vendor:/opt/ros/jazzy/opt/gz_cmake_vendor:/home/emzx/ros2_ws/install/turtlesim_catch_them_all:/home/emzx/ros2_ws/install/pacote_teste:/home/emzx/ros2_ws/install/bumperbot_utils:/home/emzx/ros2_ws/install/bumperbot_py:/opt/ros/jazzy DEBUGINFOD_URLS=https://debuginfod.ubuntu.com PYTHONPATH=/home/emzx/ros2_ws/install/pacote_teste/lib/python3.12/site-packages:/home/emzx/ros2_ws/install/my_robot_interfaces/lib/python3.12/site-packages:/home/emzx/ros2_ws/install/turtlesim_catch_them_all/lib/python3.12/site-packages:/home/emzx/ros2_ws/install/bumperbot_utils/lib/python3.12/site-packages:/home/emzx/ros2_ws/install/bumperbot_py/lib/python3.12/site-packages:/home/emzx/ros2_ws/install/bumperbot_mapping/lib/python3.12/site-packages:/home/emzx/ros2_ws/install/bumperbot_localization/lib/python3.12/site-packages:/home/emzx/ros2_ws/install/bumperbot_controller/lib/python3.12/site-packages:/opt/ros/jazzy/lib/python3.12/site-packages /usr/bin/cmake --install /home/emzx/ros2_ws/build/my_robot_bringup
[5.744s] Level 1:colcon.colcon_core.environment:checking '/home/emzx/ros2_ws/install/my_robot_bringup' for CMake config files
[5.744s] Level 1:colcon.colcon_core.shell:create_environment_hook('my_robot_bringup', 'cmake_prefix_path')
[5.744s] INFO:colcon.colcon_core.shell:Creating environment hook '/home/emzx/ros2_ws/install/my_robot_bringup/share/my_robot_bringup/hook/cmake_prefix_path.ps1'
[5.745s] INFO:colcon.colcon_core.shell:Creating environment descriptor '/home/emzx/ros2_ws/install/my_robot_bringup/share/my_robot_bringup/hook/cmake_prefix_path.dsv'
[5.746s] INFO:colcon.colcon_core.shell:Creating environment hook '/home/emzx/ros2_ws/install/my_robot_bringup/share/my_robot_bringup/hook/cmake_prefix_path.sh'
[5.747s] Level 1:colcon.colcon_core.environment:checking '/home/emzx/ros2_ws/install/my_robot_bringup/bin'
[5.747s] Level 1:colcon.colcon_core.environment:checking '/home/emzx/ros2_ws/install/my_robot_bringup/lib/pkgconfig/my_robot_bringup.pc'
[5.747s] Level 1:colcon.colcon_core.environment:checking '/home/emzx/ros2_ws/install/my_robot_bringup/lib/python3.12/site-packages'
[5.748s] Level 1:colcon.colcon_core.environment:checking '/home/emzx/ros2_ws/install/my_robot_bringup/bin'
[5.748s] INFO:colcon.colcon_core.shell:Creating package script '/home/emzx/ros2_ws/install/my_robot_bringup/share/my_robot_bringup/package.ps1'
[5.749s] INFO:colcon.colcon_core.shell:Creating package descriptor '/home/emzx/ros2_ws/install/my_robot_bringup/share/my_robot_bringup/package.dsv'
[5.749s] INFO:colcon.colcon_core.shell:Creating package script '/home/emzx/ros2_ws/install/my_robot_bringup/share/my_robot_bringup/package.sh'
[5.750s] INFO:colcon.colcon_core.shell:Creating package script '/home/emzx/ros2_ws/install/my_robot_bringup/share/my_robot_bringup/package.bash'
[5.750s] INFO:colcon.colcon_core.shell:Creating package script '/home/emzx/ros2_ws/install/my_robot_bringup/share/my_robot_bringup/package.zsh'
[5.751s] Level 1:colcon.colcon_core.environment:create_file_with_runtime_dependencies(/home/emzx/ros2_ws/install/my_robot_bringup/share/colcon-core/packages/my_robot_bringup)
[5.752s] Level 1:colcon.colcon_core.environment:create_environment_scripts_only(my_robot_bringup)
[5.752s] Level 1:colcon.colcon_core.environment:checking '/home/emzx/ros2_ws/install/my_robot_bringup' for CMake module files
[5.753s] Level 1:colcon.colcon_core.environment:checking '/home/emzx/ros2_ws/install/my_robot_bringup' for CMake config files
[5.753s] Level 1:colcon.colcon_core.shell:create_environment_hook('my_robot_bringup', 'cmake_prefix_path')
[5.754s] INFO:colcon.colcon_core.shell:Creating environment hook '/home/emzx/ros2_ws/install/my_robot_bringup/share/my_robot_bringup/hook/cmake_prefix_path.ps1'
[5.754s] INFO:colcon.colcon_core.shell:Creating environment descriptor '/home/emzx/ros2_ws/install/my_robot_bringup/share/my_robot_bringup/hook/cmake_prefix_path.dsv'
[5.755s] INFO:colcon.colcon_core.shell:Creating environment hook '/home/emzx/ros2_ws/install/my_robot_bringup/share/my_robot_bringup/hook/cmake_prefix_path.sh'
[5.756s] Level 1:colcon.colcon_core.environment:checking '/home/emzx/ros2_ws/install/my_robot_bringup/bin'
[5.756s] Level 1:colcon.colcon_core.environment:checking '/home/emzx/ros2_ws/install/my_robot_bringup/lib/pkgconfig/my_robot_bringup.pc'
[5.756s] Level 1:colcon.colcon_core.environment:checking '/home/emzx/ros2_ws/install/my_robot_bringup/lib/python3.12/site-packages'
[5.757s] Level 1:colcon.colcon_core.environment:checking '/home/emzx/ros2_ws/install/my_robot_bringup/bin'
[5.757s] INFO:colcon.colcon_core.shell:Creating package script '/home/emzx/ros2_ws/install/my_robot_bringup/share/my_robot_bringup/package.ps1'
[5.758s] INFO:colcon.colcon_core.shell:Creating package descriptor '/home/emzx/ros2_ws/install/my_robot_bringup/share/my_robot_bringup/package.dsv'
[5.759s] INFO:colcon.colcon_core.shell:Creating package script '/home/emzx/ros2_ws/install/my_robot_bringup/share/my_robot_bringup/package.sh'
[5.759s] INFO:colcon.colcon_core.shell:Creating package script '/home/emzx/ros2_ws/install/my_robot_bringup/share/my_robot_bringup/package.bash'
[5.760s] INFO:colcon.colcon_core.shell:Creating package script '/home/emzx/ros2_ws/install/my_robot_bringup/share/my_robot_bringup/package.zsh'
[5.761s] Level 1:colcon.colcon_core.environment:create_file_with_runtime_dependencies(/home/emzx/ros2_ws/install/my_robot_bringup/share/colcon-core/packages/my_robot_bringup)
[5.761s] DEBUG:colcon.colcon_parallel_executor.executor.parallel:closing loop
[5.762s] DEBUG:colcon.colcon_parallel_executor.executor.parallel:loop closed
[5.762s] DEBUG:colcon.colcon_parallel_executor.executor.parallel:run_until_complete finished with '0'
[5.762s] DEBUG:colcon.colcon_core.event_reactor:joining thread
[5.773s] INFO:colcon.colcon_core.plugin_system:Skipping extension 'colcon_notification.desktop_notification.terminal_notifier': Not used on non-Darwin systems
[5.774s] INFO:colcon.colcon_core.plugin_system:Skipping extension 'colcon_notification.desktop_notification.win32': Not used on non-Windows systems
[5.774s] INFO:colcon.colcon_notification.desktop_notification:Sending desktop notification using 'notify2'
[5.800s] DEBUG:colcon.colcon_core.event_reactor:joined thread
[5.800s] INFO:colcon.colcon_core.shell:Creating prefix script '/home/emzx/ros2_ws/install/local_setup.ps1'
[5.802s] INFO:colcon.colcon_core.shell:Creating prefix util module '/home/emzx/ros2_ws/install/_local_setup_util_ps1.py'
[5.804s] INFO:colcon.colcon_core.shell:Creating prefix chain script '/home/emzx/ros2_ws/install/setup.ps1'
[5.806s] INFO:colcon.colcon_core.shell:Creating prefix script '/home/emzx/ros2_ws/install/local_setup.sh'
[5.807s] INFO:colcon.colcon_core.shell:Creating prefix util module '/home/emzx/ros2_ws/install/_local_setup_util_sh.py'
[5.808s] INFO:colcon.colcon_core.shell:Creating prefix chain script '/home/emzx/ros2_ws/install/setup.sh'
[5.810s] INFO:colcon.colcon_core.shell:Creating prefix script '/home/emzx/ros2_ws/install/local_setup.bash'
[5.811s] INFO:colcon.colcon_core.shell:Creating prefix chain script '/home/emzx/ros2_ws/install/setup.bash'
[5.813s] INFO:colcon.colcon_core.shell:Creating prefix script '/home/emzx/ros2_ws/install/local_setup.zsh'
[5.814s] INFO:colcon.colcon_core.shell:Creating prefix chain script '/home/emzx/ros2_ws/install/setup.zsh'
