[0.151s] DEBUG:colcon:Command line arguments: ['/usr/bin/colcon', 'build']
[0.151s] DEBUG:colcon:Parsed command line arguments: Namespace(log_base=None, log_level=None, verb_name='build', build_base='build', install_base='install', merge_install=False, symlink_install=False, test_result_base=None, continue_on_error=False, executor='parallel', parallel_workers=8, event_handlers=None, ignore_user_meta=False, metas=['./colcon.meta'], base_paths=['.'], packages_ignore=None, packages_ignore_regex=None, paths=None, packages_up_to=None, packages_up_to_regex=None, packages_above=None, packages_above_and_dependencies=None, packages_above_depth=None, packages_select_by_dep=None, packages_skip_by_dep=None, packages_skip_up_to=None, packages_select_build_failed=False, packages_skip_build_finished=False, packages_select_test_failures=False, packages_skip_test_passed=False, packages_select=None, packages_skip=None, packages_select_regex=None, packages_skip_regex=None, packages_start=None, packages_end=None, allow_overriding=[], cmake_args=None, cmake_target=None, cmake_target_skip_unavailable=False, cmake_clean_cache=False, cmake_clean_first=False, cmake_force_configure=False, ament_cmake_args=None, catkin_cmake_args=None, catkin_skip_building_tests=False, mixin_files=None, mixin=None, verb_parser=<colcon_mixin.mixin.mixin_argument.MixinArgumentDecorator object at 0x7e4136494f80>, verb_extension=<colcon_core.verb.build.BuildVerb object at 0x7e4136494c50>, main=<bound method BuildVerb.main of <colcon_core.verb.build.BuildVerb object at 0x7e4136494c50>>, mixin_verb=('build',))
[0.246s] Level 1:colcon.colcon_core.package_discovery:discover_packages(colcon_meta) check parameters
[0.246s] Level 1:colcon.colcon_core.package_discovery:discover_packages(recursive) check parameters
[0.246s] Level 1:colcon.colcon_core.package_discovery:discover_packages(ignore) check parameters
[0.246s] Level 1:colcon.colcon_core.package_discovery:discover_packages(path) check parameters
[0.246s] Level 1:colcon.colcon_core.package_discovery:discover_packages(colcon_meta) discover
[0.247s] Level 1:colcon.colcon_core.package_discovery:discover_packages(recursive) discover
[0.247s] INFO:colcon.colcon_core.package_discovery:Crawling recursively for packages in '/home/emzx/ros2_ws'
[0.247s] Level 1:colcon.colcon_core.package_identification:_identify(.) by extensions ['ignore', 'ignore_ament_install']
[0.247s] Level 1:colcon.colcon_core.package_identification:_identify(.) by extension 'ignore'
[0.247s] Level 1:colcon.colcon_core.package_identification:_identify(.) by extension 'ignore_ament_install'
[0.247s] Level 1:colcon.colcon_core.package_identification:_identify(.) by extensions ['colcon_pkg']
[0.247s] Level 1:colcon.colcon_core.package_identification:_identify(.) by extension 'colcon_pkg'
[0.247s] Level 1:colcon.colcon_core.package_identification:_identify(.) by extensions ['colcon_meta']
[0.247s] Level 1:colcon.colcon_core.package_identification:_identify(.) by extension 'colcon_meta'
[0.247s] Level 1:colcon.colcon_core.package_identification:_identify(.) by extensions ['ros']
[0.247s] Level 1:colcon.colcon_core.package_identification:_identify(.) by extension 'ros'
[0.304s] Level 1:colcon.colcon_core.package_identification:_identify(.) by extensions ['cmake', 'python']
[0.305s] Level 1:colcon.colcon_core.package_identification:_identify(.) by extension 'cmake'
[0.305s] Level 1:colcon.colcon_core.package_identification:_identify(.) by extension 'python'
[0.305s] Level 1:colcon.colcon_core.package_identification:_identify(.) by extensions ['python_setup_py']
[0.305s] Level 1:colcon.colcon_core.package_identification:_identify(.) by extension 'python_setup_py'
[0.305s] Level 1:colcon.colcon_core.package_identification:_identify(build) by extensions ['ignore', 'ignore_ament_install']
[0.305s] Level 1:colcon.colcon_core.package_identification:_identify(build) by extension 'ignore'
[0.305s] Level 1:colcon.colcon_core.package_identification:_identify(build) ignored
[0.305s] Level 1:colcon.colcon_core.package_identification:_identify(install) by extensions ['ignore', 'ignore_ament_install']
[0.305s] Level 1:colcon.colcon_core.package_identification:_identify(install) by extension 'ignore'
[0.305s] Level 1:colcon.colcon_core.package_identification:_identify(install) ignored
[0.305s] Level 1:colcon.colcon_core.package_identification:_identify(log) by extensions ['ignore', 'ignore_ament_install']
[0.306s] Level 1:colcon.colcon_core.package_identification:_identify(log) by extension 'ignore'
[0.306s] Level 1:colcon.colcon_core.package_identification:_identify(log) ignored
[0.306s] Level 1:colcon.colcon_core.package_identification:_identify(src) by extensions ['ignore', 'ignore_ament_install']
[0.306s] Level 1:colcon.colcon_core.package_identification:_identify(src) by extension 'ignore'
[0.306s] Level 1:colcon.colcon_core.package_identification:_identify(src) by extension 'ignore_ament_install'
[0.306s] Level 1:colcon.colcon_core.package_identification:_identify(src) by extensions ['colcon_pkg']
[0.306s] Level 1:colcon.colcon_core.package_identification:_identify(src) by extension 'colcon_pkg'
[0.306s] Level 1:colcon.colcon_core.package_identification:_identify(src) by extensions ['colcon_meta']
[0.306s] Level 1:colcon.colcon_core.package_identification:_identify(src) by extension 'colcon_meta'
[0.306s] Level 1:colcon.colcon_core.package_identification:_identify(src) by extensions ['ros']
[0.306s] Level 1:colcon.colcon_core.package_identification:_identify(src) by extension 'ros'
[0.306s] Level 1:colcon.colcon_core.package_identification:_identify(src) by extensions ['cmake', 'python']
[0.306s] Level 1:colcon.colcon_core.package_identification:_identify(src) by extension 'cmake'
[0.306s] Level 1:colcon.colcon_core.package_identification:_identify(src) by extension 'python'
[0.306s] Level 1:colcon.colcon_core.package_identification:_identify(src) by extensions ['python_setup_py']
[0.306s] Level 1:colcon.colcon_core.package_identification:_identify(src) by extension 'python_setup_py'
[0.306s] Level 1:colcon.colcon_core.package_identification:_identify(src/build) by extensions ['ignore', 'ignore_ament_install']
[0.307s] Level 1:colcon.colcon_core.package_identification:_identify(src/build) by extension 'ignore'
[0.307s] Level 1:colcon.colcon_core.package_identification:_identify(src/build) ignored
[0.307s] Level 1:colcon.colcon_core.package_identification:_identify(src/bumperbot_controller) by extensions ['ignore', 'ignore_ament_install']
[0.307s] Level 1:colcon.colcon_core.package_identification:_identify(src/bumperbot_controller) by extension 'ignore'
[0.307s] Level 1:colcon.colcon_core.package_identification:_identify(src/bumperbot_controller) by extension 'ignore_ament_install'
[0.307s] Level 1:colcon.colcon_core.package_identification:_identify(src/bumperbot_controller) by extensions ['colcon_pkg']
[0.307s] Level 1:colcon.colcon_core.package_identification:_identify(src/bumperbot_controller) by extension 'colcon_pkg'
[0.307s] Level 1:colcon.colcon_core.package_identification:_identify(src/bumperbot_controller) by extensions ['colcon_meta']
[0.307s] Level 1:colcon.colcon_core.package_identification:_identify(src/bumperbot_controller) by extension 'colcon_meta'
[0.307s] Level 1:colcon.colcon_core.package_identification:_identify(src/bumperbot_controller) by extensions ['ros']
[0.307s] Level 1:colcon.colcon_core.package_identification:_identify(src/bumperbot_controller) by extension 'ros'
[0.311s] DEBUG:colcon.colcon_core.package_identification:Package 'src/bumperbot_controller' with type 'ros.ament_cmake' and name 'bumperbot_controller'
[0.311s] Level 1:colcon.colcon_core.package_identification:_identify(src/bumperbot_description) by extensions ['ignore', 'ignore_ament_install']
[0.311s] Level 1:colcon.colcon_core.package_identification:_identify(src/bumperbot_description) by extension 'ignore'
[0.311s] Level 1:colcon.colcon_core.package_identification:_identify(src/bumperbot_description) by extension 'ignore_ament_install'
[0.311s] Level 1:colcon.colcon_core.package_identification:_identify(src/bumperbot_description) by extensions ['colcon_pkg']
[0.311s] Level 1:colcon.colcon_core.package_identification:_identify(src/bumperbot_description) by extension 'colcon_pkg'
[0.312s] Level 1:colcon.colcon_core.package_identification:_identify(src/bumperbot_description) by extensions ['colcon_meta']
[0.312s] Level 1:colcon.colcon_core.package_identification:_identify(src/bumperbot_description) by extension 'colcon_meta'
[0.312s] Level 1:colcon.colcon_core.package_identification:_identify(src/bumperbot_description) by extensions ['ros']
[0.312s] Level 1:colcon.colcon_core.package_identification:_identify(src/bumperbot_description) by extension 'ros'
[0.315s] DEBUG:colcon.colcon_core.package_identification:Package 'src/bumperbot_description' with type 'ros.ament_cmake' and name 'bumperbot_description'
[0.315s] Level 1:colcon.colcon_core.package_identification:_identify(src/bumperbot_py) by extensions ['ignore', 'ignore_ament_install']
[0.315s] Level 1:colcon.colcon_core.package_identification:_identify(src/bumperbot_py) by extension 'ignore'
[0.315s] Level 1:colcon.colcon_core.package_identification:_identify(src/bumperbot_py) by extension 'ignore_ament_install'
[0.315s] Level 1:colcon.colcon_core.package_identification:_identify(src/bumperbot_py) by extensions ['colcon_pkg']
[0.315s] Level 1:colcon.colcon_core.package_identification:_identify(src/bumperbot_py) by extension 'colcon_pkg'
[0.315s] Level 1:colcon.colcon_core.package_identification:_identify(src/bumperbot_py) by extensions ['colcon_meta']
[0.315s] Level 1:colcon.colcon_core.package_identification:_identify(src/bumperbot_py) by extension 'colcon_meta'
[0.315s] Level 1:colcon.colcon_core.package_identification:_identify(src/bumperbot_py) by extensions ['ros']
[0.316s] Level 1:colcon.colcon_core.package_identification:_identify(src/bumperbot_py) by extension 'ros'
[0.316s] DEBUG:colcon.colcon_core.package_identification:Package 'src/bumperbot_py' with type 'ros.ament_python' and name 'bumperbot_py'
[0.317s] Level 1:colcon.colcon_core.package_identification:_identify(src/bumperbot_utils) by extensions ['ignore', 'ignore_ament_install']
[0.317s] Level 1:colcon.colcon_core.package_identification:_identify(src/bumperbot_utils) by extension 'ignore'
[0.317s] Level 1:colcon.colcon_core.package_identification:_identify(src/bumperbot_utils) by extension 'ignore_ament_install'
[0.317s] Level 1:colcon.colcon_core.package_identification:_identify(src/bumperbot_utils) by extensions ['colcon_pkg']
[0.317s] Level 1:colcon.colcon_core.package_identification:_identify(src/bumperbot_utils) by extension 'colcon_pkg'
[0.317s] Level 1:colcon.colcon_core.package_identification:_identify(src/bumperbot_utils) by extensions ['colcon_meta']
[0.317s] Level 1:colcon.colcon_core.package_identification:_identify(src/bumperbot_utils) by extension 'colcon_meta'
[0.317s] Level 1:colcon.colcon_core.package_identification:_identify(src/bumperbot_utils) by extensions ['ros']
[0.317s] Level 1:colcon.colcon_core.package_identification:_identify(src/bumperbot_utils) by extension 'ros'
[0.318s] DEBUG:colcon.colcon_core.package_identification:Package 'src/bumperbot_utils' with type 'ros.ament_python' and name 'bumperbot_utils'
[0.318s] Level 1:colcon.colcon_core.package_identification:_identify(src/install) by extensions ['ignore', 'ignore_ament_install']
[0.318s] Level 1:colcon.colcon_core.package_identification:_identify(src/install) by extension 'ignore'
[0.318s] Level 1:colcon.colcon_core.package_identification:_identify(src/install) ignored
[0.318s] Level 1:colcon.colcon_core.package_identification:_identify(src/log) by extensions ['ignore', 'ignore_ament_install']
[0.318s] Level 1:colcon.colcon_core.package_identification:_identify(src/log) by extension 'ignore'
[0.318s] Level 1:colcon.colcon_core.package_identification:_identify(src/log) ignored
[0.318s] Level 1:colcon.colcon_core.package_identification:_identify(src/my_robot_bringup) by extensions ['ignore', 'ignore_ament_install']
[0.318s] Level 1:colcon.colcon_core.package_identification:_identify(src/my_robot_bringup) by extension 'ignore'
[0.318s] Level 1:colcon.colcon_core.package_identification:_identify(src/my_robot_bringup) by extension 'ignore_ament_install'
[0.318s] Level 1:colcon.colcon_core.package_identification:_identify(src/my_robot_bringup) by extensions ['colcon_pkg']
[0.318s] Level 1:colcon.colcon_core.package_identification:_identify(src/my_robot_bringup) by extension 'colcon_pkg'
[0.318s] Level 1:colcon.colcon_core.package_identification:_identify(src/my_robot_bringup) by extensions ['colcon_meta']
[0.318s] Level 1:colcon.colcon_core.package_identification:_identify(src/my_robot_bringup) by extension 'colcon_meta'
[0.318s] Level 1:colcon.colcon_core.package_identification:_identify(src/my_robot_bringup) by extensions ['ros']
[0.318s] Level 1:colcon.colcon_core.package_identification:_identify(src/my_robot_bringup) by extension 'ros'
[0.319s] DEBUG:colcon.colcon_core.package_identification:Package 'src/my_robot_bringup' with type 'ros.ament_cmake' and name 'my_robot_bringup'
[0.319s] Level 1:colcon.colcon_core.package_identification:_identify(src/my_robot_interfaces) by extensions ['ignore', 'ignore_ament_install']
[0.319s] Level 1:colcon.colcon_core.package_identification:_identify(src/my_robot_interfaces) by extension 'ignore'
[0.319s] Level 1:colcon.colcon_core.package_identification:_identify(src/my_robot_interfaces) by extension 'ignore_ament_install'
[0.319s] Level 1:colcon.colcon_core.package_identification:_identify(src/my_robot_interfaces) by extensions ['colcon_pkg']
[0.319s] Level 1:colcon.colcon_core.package_identification:_identify(src/my_robot_interfaces) by extension 'colcon_pkg'
[0.319s] Level 1:colcon.colcon_core.package_identification:_identify(src/my_robot_interfaces) by extensions ['colcon_meta']
[0.319s] Level 1:colcon.colcon_core.package_identification:_identify(src/my_robot_interfaces) by extension 'colcon_meta'
[0.320s] Level 1:colcon.colcon_core.package_identification:_identify(src/my_robot_interfaces) by extensions ['ros']
[0.320s] Level 1:colcon.colcon_core.package_identification:_identify(src/my_robot_interfaces) by extension 'ros'
[0.320s] DEBUG:colcon.colcon_core.package_identification:Package 'src/my_robot_interfaces' with type 'ros.ament_cmake' and name 'my_robot_interfaces'
[0.320s] Level 1:colcon.colcon_core.package_identification:_identify(src/pacote_teste) by extensions ['ignore', 'ignore_ament_install']
[0.320s] Level 1:colcon.colcon_core.package_identification:_identify(src/pacote_teste) by extension 'ignore'
[0.320s] Level 1:colcon.colcon_core.package_identification:_identify(src/pacote_teste) by extension 'ignore_ament_install'
[0.320s] Level 1:colcon.colcon_core.package_identification:_identify(src/pacote_teste) by extensions ['colcon_pkg']
[0.321s] Level 1:colcon.colcon_core.package_identification:_identify(src/pacote_teste) by extension 'colcon_pkg'
[0.321s] Level 1:colcon.colcon_core.package_identification:_identify(src/pacote_teste) by extensions ['colcon_meta']
[0.321s] Level 1:colcon.colcon_core.package_identification:_identify(src/pacote_teste) by extension 'colcon_meta'
[0.321s] Level 1:colcon.colcon_core.package_identification:_identify(src/pacote_teste) by extensions ['ros']
[0.321s] Level 1:colcon.colcon_core.package_identification:_identify(src/pacote_teste) by extension 'ros'
[0.321s] DEBUG:colcon.colcon_core.package_identification:Package 'src/pacote_teste' with type 'ros.ament_python' and name 'pacote_teste'
[0.321s] Level 1:colcon.colcon_core.package_identification:_identify(src/turtlesim_catch_them_all) by extensions ['ignore', 'ignore_ament_install']
[0.321s] Level 1:colcon.colcon_core.package_identification:_identify(src/turtlesim_catch_them_all) by extension 'ignore'
[0.321s] Level 1:colcon.colcon_core.package_identification:_identify(src/turtlesim_catch_them_all) by extension 'ignore_ament_install'
[0.322s] Level 1:colcon.colcon_core.package_identification:_identify(src/turtlesim_catch_them_all) by extensions ['colcon_pkg']
[0.322s] Level 1:colcon.colcon_core.package_identification:_identify(src/turtlesim_catch_them_all) by extension 'colcon_pkg'
[0.322s] Level 1:colcon.colcon_core.package_identification:_identify(src/turtlesim_catch_them_all) by extensions ['colcon_meta']
[0.322s] Level 1:colcon.colcon_core.package_identification:_identify(src/turtlesim_catch_them_all) by extension 'colcon_meta'
[0.322s] Level 1:colcon.colcon_core.package_identification:_identify(src/turtlesim_catch_them_all) by extensions ['ros']
[0.322s] Level 1:colcon.colcon_core.package_identification:_identify(src/turtlesim_catch_them_all) by extension 'ros'
[0.322s] DEBUG:colcon.colcon_core.package_identification:Package 'src/turtlesim_catch_them_all' with type 'ros.ament_python' and name 'turtlesim_catch_them_all'
[0.322s] Level 1:colcon.colcon_core.package_discovery:discover_packages(recursive) using defaults
[0.322s] Level 1:colcon.colcon_core.package_discovery:discover_packages(ignore) discover
[0.323s] Level 1:colcon.colcon_core.package_discovery:discover_packages(ignore) using defaults
[0.323s] Level 1:colcon.colcon_core.package_discovery:discover_packages(path) discover
[0.323s] Level 1:colcon.colcon_core.package_discovery:discover_packages(path) using defaults
[0.347s] Level 1:colcon.colcon_core.package_discovery:discover_packages(prefix_path) check parameters
[0.347s] Level 1:colcon.colcon_core.package_discovery:discover_packages(prefix_path) discover
[0.349s] DEBUG:colcon.colcon_installed_package_information.package_discovery:Found 8 installed packages in /home/emzx/ros2_ws/install
[0.351s] DEBUG:colcon.colcon_installed_package_information.package_discovery:Found 368 installed packages in /opt/ros/jazzy
[0.352s] Level 1:colcon.colcon_core.package_discovery:discover_packages(prefix_path) using defaults
[0.409s] Level 5:colcon.colcon_core.verb:set package 'bumperbot_controller' build argument 'cmake_args' from command line to 'None'
[0.409s] Level 5:colcon.colcon_core.verb:set package 'bumperbot_controller' build argument 'cmake_target' from command line to 'None'
[0.409s] Level 5:colcon.colcon_core.verb:set package 'bumperbot_controller' build argument 'cmake_target_skip_unavailable' from command line to 'False'
[0.409s] Level 5:colcon.colcon_core.verb:set package 'bumperbot_controller' build argument 'cmake_clean_cache' from command line to 'False'
[0.409s] Level 5:colcon.colcon_core.verb:set package 'bumperbot_controller' build argument 'cmake_clean_first' from command line to 'False'
[0.409s] Level 5:colcon.colcon_core.verb:set package 'bumperbot_controller' build argument 'cmake_force_configure' from command line to 'False'
[0.409s] Level 5:colcon.colcon_core.verb:set package 'bumperbot_controller' build argument 'ament_cmake_args' from command line to 'None'
[0.409s] Level 5:colcon.colcon_core.verb:set package 'bumperbot_controller' build argument 'catkin_cmake_args' from command line to 'None'
[0.409s] Level 5:colcon.colcon_core.verb:set package 'bumperbot_controller' build argument 'catkin_skip_building_tests' from command line to 'False'
[0.409s] DEBUG:colcon.colcon_core.verb:Building package 'bumperbot_controller' with the following arguments: {'ament_cmake_args': None, 'build_base': '/home/emzx/ros2_ws/build/bumperbot_controller', 'catkin_cmake_args': None, 'catkin_skip_building_tests': False, 'cmake_args': None, 'cmake_clean_cache': False, 'cmake_clean_first': False, 'cmake_force_configure': False, 'cmake_target': None, 'cmake_target_skip_unavailable': False, 'install_base': '/home/emzx/ros2_ws/install/bumperbot_controller', 'merge_install': False, 'path': '/home/emzx/ros2_ws/src/bumperbot_controller', 'symlink_install': False, 'test_result_base': None}
[0.409s] Level 5:colcon.colcon_core.verb:set package 'bumperbot_description' build argument 'cmake_args' from command line to 'None'
[0.409s] Level 5:colcon.colcon_core.verb:set package 'bumperbot_description' build argument 'cmake_target' from command line to 'None'
[0.409s] Level 5:colcon.colcon_core.verb:set package 'bumperbot_description' build argument 'cmake_target_skip_unavailable' from command line to 'False'
[0.409s] Level 5:colcon.colcon_core.verb:set package 'bumperbot_description' build argument 'cmake_clean_cache' from command line to 'False'
[0.409s] Level 5:colcon.colcon_core.verb:set package 'bumperbot_description' build argument 'cmake_clean_first' from command line to 'False'
[0.409s] Level 5:colcon.colcon_core.verb:set package 'bumperbot_description' build argument 'cmake_force_configure' from command line to 'False'
[0.409s] Level 5:colcon.colcon_core.verb:set package 'bumperbot_description' build argument 'ament_cmake_args' from command line to 'None'
[0.409s] Level 5:colcon.colcon_core.verb:set package 'bumperbot_description' build argument 'catkin_cmake_args' from command line to 'None'
[0.410s] Level 5:colcon.colcon_core.verb:set package 'bumperbot_description' build argument 'catkin_skip_building_tests' from command line to 'False'
[0.410s] DEBUG:colcon.colcon_core.verb:Building package 'bumperbot_description' with the following arguments: {'ament_cmake_args': None, 'build_base': '/home/emzx/ros2_ws/build/bumperbot_description', 'catkin_cmake_args': None, 'catkin_skip_building_tests': False, 'cmake_args': None, 'cmake_clean_cache': False, 'cmake_clean_first': False, 'cmake_force_configure': False, 'cmake_target': None, 'cmake_target_skip_unavailable': False, 'install_base': '/home/emzx/ros2_ws/install/bumperbot_description', 'merge_install': False, 'path': '/home/emzx/ros2_ws/src/bumperbot_description', 'symlink_install': False, 'test_result_base': None}
[0.410s] Level 5:colcon.colcon_core.verb:set package 'bumperbot_py' build argument 'cmake_args' from command line to 'None'
[0.410s] Level 5:colcon.colcon_core.verb:set package 'bumperbot_py' build argument 'cmake_target' from command line to 'None'
[0.410s] Level 5:colcon.colcon_core.verb:set package 'bumperbot_py' build argument 'cmake_target_skip_unavailable' from command line to 'False'
[0.410s] Level 5:colcon.colcon_core.verb:set package 'bumperbot_py' build argument 'cmake_clean_cache' from command line to 'False'
[0.410s] Level 5:colcon.colcon_core.verb:set package 'bumperbot_py' build argument 'cmake_clean_first' from command line to 'False'
[0.410s] Level 5:colcon.colcon_core.verb:set package 'bumperbot_py' build argument 'cmake_force_configure' from command line to 'False'
[0.410s] Level 5:colcon.colcon_core.verb:set package 'bumperbot_py' build argument 'ament_cmake_args' from command line to 'None'
[0.410s] Level 5:colcon.colcon_core.verb:set package 'bumperbot_py' build argument 'catkin_cmake_args' from command line to 'None'
[0.410s] Level 5:colcon.colcon_core.verb:set package 'bumperbot_py' build argument 'catkin_skip_building_tests' from command line to 'False'
[0.410s] DEBUG:colcon.colcon_core.verb:Building package 'bumperbot_py' with the following arguments: {'ament_cmake_args': None, 'build_base': '/home/emzx/ros2_ws/build/bumperbot_py', 'catkin_cmake_args': None, 'catkin_skip_building_tests': False, 'cmake_args': None, 'cmake_clean_cache': False, 'cmake_clean_first': False, 'cmake_force_configure': False, 'cmake_target': None, 'cmake_target_skip_unavailable': False, 'install_base': '/home/emzx/ros2_ws/install/bumperbot_py', 'merge_install': False, 'path': '/home/emzx/ros2_ws/src/bumperbot_py', 'symlink_install': False, 'test_result_base': None}
[0.410s] Level 5:colcon.colcon_core.verb:set package 'bumperbot_utils' build argument 'cmake_args' from command line to 'None'
[0.410s] Level 5:colcon.colcon_core.verb:set package 'bumperbot_utils' build argument 'cmake_target' from command line to 'None'
[0.410s] Level 5:colcon.colcon_core.verb:set package 'bumperbot_utils' build argument 'cmake_target_skip_unavailable' from command line to 'False'
[0.410s] Level 5:colcon.colcon_core.verb:set package 'bumperbot_utils' build argument 'cmake_clean_cache' from command line to 'False'
[0.410s] Level 5:colcon.colcon_core.verb:set package 'bumperbot_utils' build argument 'cmake_clean_first' from command line to 'False'
[0.410s] Level 5:colcon.colcon_core.verb:set package 'bumperbot_utils' build argument 'cmake_force_configure' from command line to 'False'
[0.410s] Level 5:colcon.colcon_core.verb:set package 'bumperbot_utils' build argument 'ament_cmake_args' from command line to 'None'
[0.410s] Level 5:colcon.colcon_core.verb:set package 'bumperbot_utils' build argument 'catkin_cmake_args' from command line to 'None'
[0.410s] Level 5:colcon.colcon_core.verb:set package 'bumperbot_utils' build argument 'catkin_skip_building_tests' from command line to 'False'
[0.410s] DEBUG:colcon.colcon_core.verb:Building package 'bumperbot_utils' with the following arguments: {'ament_cmake_args': None, 'build_base': '/home/emzx/ros2_ws/build/bumperbot_utils', 'catkin_cmake_args': None, 'catkin_skip_building_tests': False, 'cmake_args': None, 'cmake_clean_cache': False, 'cmake_clean_first': False, 'cmake_force_configure': False, 'cmake_target': None, 'cmake_target_skip_unavailable': False, 'install_base': '/home/emzx/ros2_ws/install/bumperbot_utils', 'merge_install': False, 'path': '/home/emzx/ros2_ws/src/bumperbot_utils', 'symlink_install': False, 'test_result_base': None}
[0.411s] Level 5:colcon.colcon_core.verb:set package 'my_robot_interfaces' build argument 'cmake_args' from command line to 'None'
[0.411s] Level 5:colcon.colcon_core.verb:set package 'my_robot_interfaces' build argument 'cmake_target' from command line to 'None'
[0.411s] Level 5:colcon.colcon_core.verb:set package 'my_robot_interfaces' build argument 'cmake_target_skip_unavailable' from command line to 'False'
[0.411s] Level 5:colcon.colcon_core.verb:set package 'my_robot_interfaces' build argument 'cmake_clean_cache' from command line to 'False'
[0.411s] Level 5:colcon.colcon_core.verb:set package 'my_robot_interfaces' build argument 'cmake_clean_first' from command line to 'False'
[0.411s] Level 5:colcon.colcon_core.verb:set package 'my_robot_interfaces' build argument 'cmake_force_configure' from command line to 'False'
[0.411s] Level 5:colcon.colcon_core.verb:set package 'my_robot_interfaces' build argument 'ament_cmake_args' from command line to 'None'
[0.411s] Level 5:colcon.colcon_core.verb:set package 'my_robot_interfaces' build argument 'catkin_cmake_args' from command line to 'None'
[0.411s] Level 5:colcon.colcon_core.verb:set package 'my_robot_interfaces' build argument 'catkin_skip_building_tests' from command line to 'False'
[0.411s] DEBUG:colcon.colcon_core.verb:Building package 'my_robot_interfaces' with the following arguments: {'ament_cmake_args': None, 'build_base': '/home/emzx/ros2_ws/build/my_robot_interfaces', 'catkin_cmake_args': None, 'catkin_skip_building_tests': False, 'cmake_args': None, 'cmake_clean_cache': False, 'cmake_clean_first': False, 'cmake_force_configure': False, 'cmake_target': None, 'cmake_target_skip_unavailable': False, 'install_base': '/home/emzx/ros2_ws/install/my_robot_interfaces', 'merge_install': False, 'path': '/home/emzx/ros2_ws/src/my_robot_interfaces', 'symlink_install': False, 'test_result_base': None}
[0.411s] Level 5:colcon.colcon_core.verb:set package 'pacote_teste' build argument 'cmake_args' from command line to 'None'
[0.411s] Level 5:colcon.colcon_core.verb:set package 'pacote_teste' build argument 'cmake_target' from command line to 'None'
[0.411s] Level 5:colcon.colcon_core.verb:set package 'pacote_teste' build argument 'cmake_target_skip_unavailable' from command line to 'False'
[0.411s] Level 5:colcon.colcon_core.verb:set package 'pacote_teste' build argument 'cmake_clean_cache' from command line to 'False'
[0.411s] Level 5:colcon.colcon_core.verb:set package 'pacote_teste' build argument 'cmake_clean_first' from command line to 'False'
[0.411s] Level 5:colcon.colcon_core.verb:set package 'pacote_teste' build argument 'cmake_force_configure' from command line to 'False'
[0.411s] Level 5:colcon.colcon_core.verb:set package 'pacote_teste' build argument 'ament_cmake_args' from command line to 'None'
[0.411s] Level 5:colcon.colcon_core.verb:set package 'pacote_teste' build argument 'catkin_cmake_args' from command line to 'None'
[0.411s] Level 5:colcon.colcon_core.verb:set package 'pacote_teste' build argument 'catkin_skip_building_tests' from command line to 'False'
[0.411s] DEBUG:colcon.colcon_core.verb:Building package 'pacote_teste' with the following arguments: {'ament_cmake_args': None, 'build_base': '/home/emzx/ros2_ws/build/pacote_teste', 'catkin_cmake_args': None, 'catkin_skip_building_tests': False, 'cmake_args': None, 'cmake_clean_cache': False, 'cmake_clean_first': False, 'cmake_force_configure': False, 'cmake_target': None, 'cmake_target_skip_unavailable': False, 'install_base': '/home/emzx/ros2_ws/install/pacote_teste', 'merge_install': False, 'path': '/home/emzx/ros2_ws/src/pacote_teste', 'symlink_install': False, 'test_result_base': None}
[0.412s] Level 5:colcon.colcon_core.verb:set package 'turtlesim_catch_them_all' build argument 'cmake_args' from command line to 'None'
[0.412s] Level 5:colcon.colcon_core.verb:set package 'turtlesim_catch_them_all' build argument 'cmake_target' from command line to 'None'
[0.412s] Level 5:colcon.colcon_core.verb:set package 'turtlesim_catch_them_all' build argument 'cmake_target_skip_unavailable' from command line to 'False'
[0.412s] Level 5:colcon.colcon_core.verb:set package 'turtlesim_catch_them_all' build argument 'cmake_clean_cache' from command line to 'False'
[0.412s] Level 5:colcon.colcon_core.verb:set package 'turtlesim_catch_them_all' build argument 'cmake_clean_first' from command line to 'False'
[0.412s] Level 5:colcon.colcon_core.verb:set package 'turtlesim_catch_them_all' build argument 'cmake_force_configure' from command line to 'False'
[0.412s] Level 5:colcon.colcon_core.verb:set package 'turtlesim_catch_them_all' build argument 'ament_cmake_args' from command line to 'None'
[0.412s] Level 5:colcon.colcon_core.verb:set package 'turtlesim_catch_them_all' build argument 'catkin_cmake_args' from command line to 'None'
[0.412s] Level 5:colcon.colcon_core.verb:set package 'turtlesim_catch_them_all' build argument 'catkin_skip_building_tests' from command line to 'False'
[0.412s] DEBUG:colcon.colcon_core.verb:Building package 'turtlesim_catch_them_all' with the following arguments: {'ament_cmake_args': None, 'build_base': '/home/emzx/ros2_ws/build/turtlesim_catch_them_all', 'catkin_cmake_args': None, 'catkin_skip_building_tests': False, 'cmake_args': None, 'cmake_clean_cache': False, 'cmake_clean_first': False, 'cmake_force_configure': False, 'cmake_target': None, 'cmake_target_skip_unavailable': False, 'install_base': '/home/emzx/ros2_ws/install/turtlesim_catch_them_all', 'merge_install': False, 'path': '/home/emzx/ros2_ws/src/turtlesim_catch_them_all', 'symlink_install': False, 'test_result_base': None}
[0.412s] Level 5:colcon.colcon_core.verb:set package 'my_robot_bringup' build argument 'cmake_args' from command line to 'None'
[0.412s] Level 5:colcon.colcon_core.verb:set package 'my_robot_bringup' build argument 'cmake_target' from command line to 'None'
[0.412s] Level 5:colcon.colcon_core.verb:set package 'my_robot_bringup' build argument 'cmake_target_skip_unavailable' from command line to 'False'
[0.412s] Level 5:colcon.colcon_core.verb:set package 'my_robot_bringup' build argument 'cmake_clean_cache' from command line to 'False'
[0.412s] Level 5:colcon.colcon_core.verb:set package 'my_robot_bringup' build argument 'cmake_clean_first' from command line to 'False'
[0.412s] Level 5:colcon.colcon_core.verb:set package 'my_robot_bringup' build argument 'cmake_force_configure' from command line to 'False'
[0.412s] Level 5:colcon.colcon_core.verb:set package 'my_robot_bringup' build argument 'ament_cmake_args' from command line to 'None'
[0.412s] Level 5:colcon.colcon_core.verb:set package 'my_robot_bringup' build argument 'catkin_cmake_args' from command line to 'None'
[0.412s] Level 5:colcon.colcon_core.verb:set package 'my_robot_bringup' build argument 'catkin_skip_building_tests' from command line to 'False'
[0.412s] DEBUG:colcon.colcon_core.verb:Building package 'my_robot_bringup' with the following arguments: {'ament_cmake_args': None, 'build_base': '/home/emzx/ros2_ws/build/my_robot_bringup', 'catkin_cmake_args': None, 'catkin_skip_building_tests': False, 'cmake_args': None, 'cmake_clean_cache': False, 'cmake_clean_first': False, 'cmake_force_configure': False, 'cmake_target': None, 'cmake_target_skip_unavailable': False, 'install_base': '/home/emzx/ros2_ws/install/my_robot_bringup', 'merge_install': False, 'path': '/home/emzx/ros2_ws/src/my_robot_bringup', 'symlink_install': False, 'test_result_base': None}
[0.412s] INFO:colcon.colcon_core.executor:Executing jobs using 'parallel' executor
[0.413s] DEBUG:colcon.colcon_parallel_executor.executor.parallel:run_until_complete
[0.413s] INFO:colcon.colcon_ros.task.ament_cmake.build:Building ROS package in '/home/emzx/ros2_ws/src/my_robot_interfaces' with build type 'ament_cmake'
[0.413s] INFO:colcon.colcon_cmake.task.cmake.build:Building CMake package in '/home/emzx/ros2_ws/src/my_robot_interfaces'
[0.417s] INFO:colcon.colcon_core.plugin_system:Skipping extension 'colcon_core.shell.bat': Not used on non-Windows systems
[0.417s] INFO:colcon.colcon_core.shell:Skip shell extension 'powershell' for command environment: Not usable outside of PowerShell
[0.417s] DEBUG:colcon.colcon_core.shell:Skip shell extension 'dsv' for command environment
[0.422s] INFO:colcon.colcon_ros.task.ament_cmake.build:Building ROS package in '/home/emzx/ros2_ws/src/bumperbot_controller' with build type 'ament_cmake'
[0.422s] INFO:colcon.colcon_cmake.task.cmake.build:Building CMake package in '/home/emzx/ros2_ws/src/bumperbot_controller'
[0.422s] INFO:colcon.colcon_core.shell:Skip shell extension 'powershell' for command environment: Not usable outside of PowerShell
[0.422s] DEBUG:colcon.colcon_core.shell:Skip shell extension 'dsv' for command environment
[0.426s] INFO:colcon.colcon_ros.task.ament_cmake.build:Building ROS package in '/home/emzx/ros2_ws/src/bumperbot_description' with build type 'ament_cmake'
[0.426s] INFO:colcon.colcon_cmake.task.cmake.build:Building CMake package in '/home/emzx/ros2_ws/src/bumperbot_description'
[0.426s] INFO:colcon.colcon_core.shell:Skip shell extension 'powershell' for command environment: Not usable outside of PowerShell
[0.426s] DEBUG:colcon.colcon_core.shell:Skip shell extension 'dsv' for command environment
[0.430s] INFO:colcon.colcon_ros.task.ament_python.build:Building ROS package in '/home/emzx/ros2_ws/src/bumperbot_py' with build type 'ament_python'
[0.430s] Level 1:colcon.colcon_core.shell:create_environment_hook('bumperbot_py', 'ament_prefix_path')
[0.430s] INFO:colcon.colcon_core.shell:Creating environment hook '/home/emzx/ros2_ws/install/bumperbot_py/share/bumperbot_py/hook/ament_prefix_path.ps1'
[0.431s] INFO:colcon.colcon_core.shell:Creating environment descriptor '/home/emzx/ros2_ws/install/bumperbot_py/share/bumperbot_py/hook/ament_prefix_path.dsv'
[0.432s] INFO:colcon.colcon_core.shell:Creating environment hook '/home/emzx/ros2_ws/install/bumperbot_py/share/bumperbot_py/hook/ament_prefix_path.sh'
[0.433s] INFO:colcon.colcon_core.shell:Skip shell extension 'powershell' for command environment: Not usable outside of PowerShell
[0.433s] DEBUG:colcon.colcon_core.shell:Skip shell extension 'dsv' for command environment
[0.437s] INFO:colcon.colcon_ros.task.ament_python.build:Building ROS package in '/home/emzx/ros2_ws/src/bumperbot_utils' with build type 'ament_python'
[0.437s] Level 1:colcon.colcon_core.shell:create_environment_hook('bumperbot_utils', 'ament_prefix_path')
[0.438s] INFO:colcon.colcon_core.shell:Creating environment hook '/home/emzx/ros2_ws/install/bumperbot_utils/share/bumperbot_utils/hook/ament_prefix_path.ps1'
[0.438s] INFO:colcon.colcon_core.shell:Creating environment descriptor '/home/emzx/ros2_ws/install/bumperbot_utils/share/bumperbot_utils/hook/ament_prefix_path.dsv'
[0.438s] INFO:colcon.colcon_core.shell:Creating environment hook '/home/emzx/ros2_ws/install/bumperbot_utils/share/bumperbot_utils/hook/ament_prefix_path.sh'
[0.439s] INFO:colcon.colcon_core.shell:Skip shell extension 'powershell' for command environment: Not usable outside of PowerShell
[0.439s] DEBUG:colcon.colcon_core.shell:Skip shell extension 'dsv' for command environment
[0.449s] DEBUG:colcon.colcon_core.event_handler.log_command:Invoking command in '/home/emzx/ros2_ws/build/my_robot_interfaces': CMAKE_PREFIX_PATH=${CMAKE_PREFIX_PATH}:/home/emzx/ros2_ws/install/turtlesim_catch_them_all:/home/emzx/ros2_ws/install/pacote_teste:/home/emzx/ros2_ws/install/bumperbot_utils:/home/emzx/ros2_ws/install/bumperbot_py:/opt/ros/jazzy DEBUGINFOD_URLS=https://debuginfod.ubuntu.com /usr/bin/cmake --build /home/emzx/ros2_ws/build/my_robot_interfaces -- -j8 -l8
[0.456s] DEBUG:colcon.colcon_core.event_handler.log_command:Invoking command in '/home/emzx/ros2_ws/build/bumperbot_controller': CMAKE_PREFIX_PATH=${CMAKE_PREFIX_PATH}:/home/emzx/ros2_ws/install/turtlesim_catch_them_all:/home/emzx/ros2_ws/install/pacote_teste:/home/emzx/ros2_ws/install/bumperbot_utils:/home/emzx/ros2_ws/install/bumperbot_py:/opt/ros/jazzy DEBUGINFOD_URLS=https://debuginfod.ubuntu.com /usr/bin/cmake --build /home/emzx/ros2_ws/build/bumperbot_controller -- -j8 -l8
[0.461s] DEBUG:colcon.colcon_core.event_handler.log_command:Invoking command in '/home/emzx/ros2_ws/build/bumperbot_description': CMAKE_PREFIX_PATH=${CMAKE_PREFIX_PATH}:/home/emzx/ros2_ws/install/turtlesim_catch_them_all:/home/emzx/ros2_ws/install/pacote_teste:/home/emzx/ros2_ws/install/bumperbot_utils:/home/emzx/ros2_ws/install/bumperbot_py:/opt/ros/jazzy DEBUGINFOD_URLS=https://debuginfod.ubuntu.com /usr/bin/cmake --build /home/emzx/ros2_ws/build/bumperbot_description -- -j8 -l8
[0.767s] INFO:colcon.colcon_core.task.python.build:Building Python package in '/home/emzx/ros2_ws/src/bumperbot_py'
[0.768s] INFO:colcon.colcon_core.shell:Skip shell extension 'powershell' for command environment: Not usable outside of PowerShell
[0.768s] DEBUG:colcon.colcon_core.shell:Skip shell extension 'dsv' for command environment
[1.068s] INFO:colcon.colcon_core.task.python.build:Building Python package in '/home/emzx/ros2_ws/src/bumperbot_utils'
[1.069s] INFO:colcon.colcon_core.shell:Skip shell extension 'powershell' for command environment: Not usable outside of PowerShell
[1.069s] DEBUG:colcon.colcon_core.shell:Skip shell extension 'dsv' for command environment
[1.076s] DEBUG:colcon.colcon_core.event_handler.log_command:Invoked command in '/home/emzx/ros2_ws/build/my_robot_interfaces' returned '0': CMAKE_PREFIX_PATH=${CMAKE_PREFIX_PATH}:/home/emzx/ros2_ws/install/turtlesim_catch_them_all:/home/emzx/ros2_ws/install/pacote_teste:/home/emzx/ros2_ws/install/bumperbot_utils:/home/emzx/ros2_ws/install/bumperbot_py:/opt/ros/jazzy DEBUGINFOD_URLS=https://debuginfod.ubuntu.com /usr/bin/cmake --build /home/emzx/ros2_ws/build/my_robot_interfaces -- -j8 -l8
[1.086s] DEBUG:colcon.colcon_core.event_handler.log_command:Invoking command in '/home/emzx/ros2_ws/build/my_robot_interfaces': CMAKE_PREFIX_PATH=${CMAKE_PREFIX_PATH}:/home/emzx/ros2_ws/install/turtlesim_catch_them_all:/home/emzx/ros2_ws/install/pacote_teste:/home/emzx/ros2_ws/install/bumperbot_utils:/home/emzx/ros2_ws/install/bumperbot_py:/opt/ros/jazzy DEBUGINFOD_URLS=https://debuginfod.ubuntu.com /usr/bin/cmake --install /home/emzx/ros2_ws/build/my_robot_interfaces
[1.087s] DEBUG:colcon.colcon_core.event_handler.log_command:Invoked command in '/home/emzx/ros2_ws/build/bumperbot_controller' returned '0': CMAKE_PREFIX_PATH=${CMAKE_PREFIX_PATH}:/home/emzx/ros2_ws/install/turtlesim_catch_them_all:/home/emzx/ros2_ws/install/pacote_teste:/home/emzx/ros2_ws/install/bumperbot_utils:/home/emzx/ros2_ws/install/bumperbot_py:/opt/ros/jazzy DEBUGINFOD_URLS=https://debuginfod.ubuntu.com /usr/bin/cmake --build /home/emzx/ros2_ws/build/bumperbot_controller -- -j8 -l8
[1.089s] DEBUG:colcon.colcon_core.event_handler.log_command:Invoking command in '/home/emzx/ros2_ws/build/bumperbot_controller': CMAKE_PREFIX_PATH=${CMAKE_PREFIX_PATH}:/home/emzx/ros2_ws/install/turtlesim_catch_them_all:/home/emzx/ros2_ws/install/pacote_teste:/home/emzx/ros2_ws/install/bumperbot_utils:/home/emzx/ros2_ws/install/bumperbot_py:/opt/ros/jazzy DEBUGINFOD_URLS=https://debuginfod.ubuntu.com /usr/bin/cmake --install /home/emzx/ros2_ws/build/bumperbot_controller
[1.089s] DEBUG:colcon.colcon_core.event_handler.log_command:Invoked command in '/home/emzx/ros2_ws/build/bumperbot_description' returned '0': CMAKE_PREFIX_PATH=${CMAKE_PREFIX_PATH}:/home/emzx/ros2_ws/install/turtlesim_catch_them_all:/home/emzx/ros2_ws/install/pacote_teste:/home/emzx/ros2_ws/install/bumperbot_utils:/home/emzx/ros2_ws/install/bumperbot_py:/opt/ros/jazzy DEBUGINFOD_URLS=https://debuginfod.ubuntu.com /usr/bin/cmake --build /home/emzx/ros2_ws/build/bumperbot_description -- -j8 -l8
[1.090s] DEBUG:colcon.colcon_core.event_handler.log_command:Invoking command in '/home/emzx/ros2_ws/build/bumperbot_description': CMAKE_PREFIX_PATH=${CMAKE_PREFIX_PATH}:/home/emzx/ros2_ws/install/turtlesim_catch_them_all:/home/emzx/ros2_ws/install/pacote_teste:/home/emzx/ros2_ws/install/bumperbot_utils:/home/emzx/ros2_ws/install/bumperbot_py:/opt/ros/jazzy DEBUGINFOD_URLS=https://debuginfod.ubuntu.com /usr/bin/cmake --install /home/emzx/ros2_ws/build/bumperbot_description
[1.197s] Level 1:colcon.colcon_core.environment:create_environment_scripts_only(bumperbot_controller)
[1.197s] DEBUG:colcon.colcon_core.event_handler.log_command:Invoked command in '/home/emzx/ros2_ws/build/bumperbot_controller' returned '0': CMAKE_PREFIX_PATH=${CMAKE_PREFIX_PATH}:/home/emzx/ros2_ws/install/turtlesim_catch_them_all:/home/emzx/ros2_ws/install/pacote_teste:/home/emzx/ros2_ws/install/bumperbot_utils:/home/emzx/ros2_ws/install/bumperbot_py:/opt/ros/jazzy DEBUGINFOD_URLS=https://debuginfod.ubuntu.com /usr/bin/cmake --install /home/emzx/ros2_ws/build/bumperbot_controller
[1.200s] Level 1:colcon.colcon_core.environment:checking '/home/emzx/ros2_ws/install/bumperbot_controller' for CMake module files
[1.201s] Level 1:colcon.colcon_core.environment:checking '/home/emzx/ros2_ws/install/bumperbot_controller' for CMake config files
[1.201s] Level 1:colcon.colcon_core.shell:create_environment_hook('bumperbot_controller', 'cmake_prefix_path')
[1.201s] INFO:colcon.colcon_core.shell:Creating environment hook '/home/emzx/ros2_ws/install/bumperbot_controller/share/bumperbot_controller/hook/cmake_prefix_path.ps1'
[1.202s] INFO:colcon.colcon_core.shell:Creating environment descriptor '/home/emzx/ros2_ws/install/bumperbot_controller/share/bumperbot_controller/hook/cmake_prefix_path.dsv'
[1.202s] INFO:colcon.colcon_core.shell:Creating environment hook '/home/emzx/ros2_ws/install/bumperbot_controller/share/bumperbot_controller/hook/cmake_prefix_path.sh'
[1.203s] Level 1:colcon.colcon_core.environment:checking '/home/emzx/ros2_ws/install/bumperbot_controller/lib'
[1.203s] Level 1:colcon.colcon_core.environment:checking '/home/emzx/ros2_ws/install/bumperbot_controller/bin'
[1.203s] Level 1:colcon.colcon_core.environment:checking '/home/emzx/ros2_ws/install/bumperbot_controller/lib/pkgconfig/bumperbot_controller.pc'
[1.203s] Level 1:colcon.colcon_core.environment:checking '/home/emzx/ros2_ws/install/bumperbot_controller/lib/python3.12/site-packages'
[1.203s] Level 1:colcon.colcon_core.shell:create_environment_hook('bumperbot_controller', 'pythonpath')
[1.204s] INFO:colcon.colcon_core.shell:Creating environment hook '/home/emzx/ros2_ws/install/bumperbot_controller/share/bumperbot_controller/hook/pythonpath.ps1'
[1.204s] INFO:colcon.colcon_core.shell:Creating environment descriptor '/home/emzx/ros2_ws/install/bumperbot_controller/share/bumperbot_controller/hook/pythonpath.dsv'
[1.204s] INFO:colcon.colcon_core.shell:Creating environment hook '/home/emzx/ros2_ws/install/bumperbot_controller/share/bumperbot_controller/hook/pythonpath.sh'
[1.205s] Level 1:colcon.colcon_core.environment:checking '/home/emzx/ros2_ws/install/bumperbot_controller/bin'
[1.205s] INFO:colcon.colcon_core.shell:Creating package script '/home/emzx/ros2_ws/install/bumperbot_controller/share/bumperbot_controller/package.ps1'
[1.206s] INFO:colcon.colcon_core.shell:Creating package descriptor '/home/emzx/ros2_ws/install/bumperbot_controller/share/bumperbot_controller/package.dsv'
[1.207s] INFO:colcon.colcon_core.shell:Creating package script '/home/emzx/ros2_ws/install/bumperbot_controller/share/bumperbot_controller/package.sh'
[1.207s] INFO:colcon.colcon_core.shell:Creating package script '/home/emzx/ros2_ws/install/bumperbot_controller/share/bumperbot_controller/package.bash'
[1.209s] INFO:colcon.colcon_core.shell:Creating package script '/home/emzx/ros2_ws/install/bumperbot_controller/share/bumperbot_controller/package.zsh'
[1.209s] Level 1:colcon.colcon_core.environment:create_file_with_runtime_dependencies(/home/emzx/ros2_ws/install/bumperbot_controller/share/colcon-core/packages/bumperbot_controller)
[1.210s] Level 1:colcon.colcon_core.environment:create_environment_scripts_only(bumperbot_controller)
[1.210s] Level 1:colcon.colcon_core.environment:checking '/home/emzx/ros2_ws/install/bumperbot_controller' for CMake module files
[1.211s] Level 1:colcon.colcon_core.environment:checking '/home/emzx/ros2_ws/install/bumperbot_controller' for CMake config files
[1.211s] Level 1:colcon.colcon_core.shell:create_environment_hook('bumperbot_controller', 'cmake_prefix_path')
[1.211s] INFO:colcon.colcon_core.shell:Creating environment hook '/home/emzx/ros2_ws/install/bumperbot_controller/share/bumperbot_controller/hook/cmake_prefix_path.ps1'
[1.212s] INFO:colcon.colcon_core.shell:Creating environment descriptor '/home/emzx/ros2_ws/install/bumperbot_controller/share/bumperbot_controller/hook/cmake_prefix_path.dsv'
[1.212s] INFO:colcon.colcon_core.shell:Creating environment hook '/home/emzx/ros2_ws/install/bumperbot_controller/share/bumperbot_controller/hook/cmake_prefix_path.sh'
[1.212s] Level 1:colcon.colcon_core.environment:checking '/home/emzx/ros2_ws/install/bumperbot_controller/lib'
[1.213s] Level 1:colcon.colcon_core.environment:checking '/home/emzx/ros2_ws/install/bumperbot_controller/bin'
[1.213s] Level 1:colcon.colcon_core.environment:checking '/home/emzx/ros2_ws/install/bumperbot_controller/lib/pkgconfig/bumperbot_controller.pc'
[1.213s] Level 1:colcon.colcon_core.environment:checking '/home/emzx/ros2_ws/install/bumperbot_controller/lib/python3.12/site-packages'
[1.213s] Level 1:colcon.colcon_core.shell:create_environment_hook('bumperbot_controller', 'pythonpath')
[1.213s] INFO:colcon.colcon_core.shell:Creating environment hook '/home/emzx/ros2_ws/install/bumperbot_controller/share/bumperbot_controller/hook/pythonpath.ps1'
[1.213s] INFO:colcon.colcon_core.shell:Creating environment descriptor '/home/emzx/ros2_ws/install/bumperbot_controller/share/bumperbot_controller/hook/pythonpath.dsv'
[1.214s] INFO:colcon.colcon_core.shell:Creating environment hook '/home/emzx/ros2_ws/install/bumperbot_controller/share/bumperbot_controller/hook/pythonpath.sh'
[1.214s] Level 1:colcon.colcon_core.environment:checking '/home/emzx/ros2_ws/install/bumperbot_controller/bin'
[1.214s] INFO:colcon.colcon_core.shell:Creating package script '/home/emzx/ros2_ws/install/bumperbot_controller/share/bumperbot_controller/package.ps1'
[1.215s] INFO:colcon.colcon_core.shell:Creating package descriptor '/home/emzx/ros2_ws/install/bumperbot_controller/share/bumperbot_controller/package.dsv'
[1.215s] INFO:colcon.colcon_core.shell:Creating package script '/home/emzx/ros2_ws/install/bumperbot_controller/share/bumperbot_controller/package.sh'
[1.216s] INFO:colcon.colcon_core.shell:Creating package script '/home/emzx/ros2_ws/install/bumperbot_controller/share/bumperbot_controller/package.bash'
[1.216s] INFO:colcon.colcon_core.shell:Creating package script '/home/emzx/ros2_ws/install/bumperbot_controller/share/bumperbot_controller/package.zsh'
[1.216s] Level 1:colcon.colcon_core.environment:create_file_with_runtime_dependencies(/home/emzx/ros2_ws/install/bumperbot_controller/share/colcon-core/packages/bumperbot_controller)
[1.267s] Level 1:colcon.colcon_core.environment:create_environment_scripts_only(my_robot_interfaces)
[1.267s] Level 1:colcon.colcon_core.environment:checking '/home/emzx/ros2_ws/install/my_robot_interfaces' for CMake module files
[1.268s] DEBUG:colcon.colcon_core.event_handler.log_command:Invoked command in '/home/emzx/ros2_ws/build/my_robot_interfaces' returned '0': CMAKE_PREFIX_PATH=${CMAKE_PREFIX_PATH}:/home/emzx/ros2_ws/install/turtlesim_catch_them_all:/home/emzx/ros2_ws/install/pacote_teste:/home/emzx/ros2_ws/install/bumperbot_utils:/home/emzx/ros2_ws/install/bumperbot_py:/opt/ros/jazzy DEBUGINFOD_URLS=https://debuginfod.ubuntu.com /usr/bin/cmake --install /home/emzx/ros2_ws/build/my_robot_interfaces
[1.269s] Level 1:colcon.colcon_core.environment:checking '/home/emzx/ros2_ws/install/my_robot_interfaces' for CMake config files
[1.270s] Level 1:colcon.colcon_core.shell:create_environment_hook('my_robot_interfaces', 'cmake_prefix_path')
[1.270s] INFO:colcon.colcon_core.shell:Creating environment hook '/home/emzx/ros2_ws/install/my_robot_interfaces/share/my_robot_interfaces/hook/cmake_prefix_path.ps1'
[1.271s] INFO:colcon.colcon_core.shell:Creating environment descriptor '/home/emzx/ros2_ws/install/my_robot_interfaces/share/my_robot_interfaces/hook/cmake_prefix_path.dsv'
[1.271s] INFO:colcon.colcon_core.shell:Creating environment hook '/home/emzx/ros2_ws/install/my_robot_interfaces/share/my_robot_interfaces/hook/cmake_prefix_path.sh'
[1.272s] Level 1:colcon.colcon_core.environment:checking '/home/emzx/ros2_ws/install/my_robot_interfaces/lib'
[1.272s] Level 1:colcon.colcon_core.shell:create_environment_hook('my_robot_interfaces', 'ld_library_path_lib')
[1.272s] INFO:colcon.colcon_core.shell:Creating environment hook '/home/emzx/ros2_ws/install/my_robot_interfaces/share/my_robot_interfaces/hook/ld_library_path_lib.ps1'
[1.273s] INFO:colcon.colcon_core.shell:Creating environment descriptor '/home/emzx/ros2_ws/install/my_robot_interfaces/share/my_robot_interfaces/hook/ld_library_path_lib.dsv'
[1.273s] INFO:colcon.colcon_core.shell:Creating environment hook '/home/emzx/ros2_ws/install/my_robot_interfaces/share/my_robot_interfaces/hook/ld_library_path_lib.sh'
[1.274s] Level 1:colcon.colcon_core.environment:checking '/home/emzx/ros2_ws/install/my_robot_interfaces/bin'
[1.274s] Level 1:colcon.colcon_core.environment:checking '/home/emzx/ros2_ws/install/my_robot_interfaces/lib/pkgconfig/my_robot_interfaces.pc'
[1.274s] Level 1:colcon.colcon_core.environment:checking '/home/emzx/ros2_ws/install/my_robot_interfaces/lib/python3.12/site-packages'
[1.274s] Level 1:colcon.colcon_core.shell:create_environment_hook('my_robot_interfaces', 'pythonpath')
[1.275s] INFO:colcon.colcon_core.shell:Creating environment hook '/home/emzx/ros2_ws/install/my_robot_interfaces/share/my_robot_interfaces/hook/pythonpath.ps1'
[1.275s] INFO:colcon.colcon_core.shell:Creating environment descriptor '/home/emzx/ros2_ws/install/my_robot_interfaces/share/my_robot_interfaces/hook/pythonpath.dsv'
[1.275s] INFO:colcon.colcon_core.shell:Creating environment hook '/home/emzx/ros2_ws/install/my_robot_interfaces/share/my_robot_interfaces/hook/pythonpath.sh'
[1.276s] Level 1:colcon.colcon_core.environment:checking '/home/emzx/ros2_ws/install/my_robot_interfaces/bin'
[1.276s] INFO:colcon.colcon_core.shell:Creating package script '/home/emzx/ros2_ws/install/my_robot_interfaces/share/my_robot_interfaces/package.ps1'
[1.277s] INFO:colcon.colcon_core.shell:Creating package descriptor '/home/emzx/ros2_ws/install/my_robot_interfaces/share/my_robot_interfaces/package.dsv'
[1.278s] INFO:colcon.colcon_core.shell:Creating package script '/home/emzx/ros2_ws/install/my_robot_interfaces/share/my_robot_interfaces/package.sh'
[1.278s] INFO:colcon.colcon_core.shell:Creating package script '/home/emzx/ros2_ws/install/my_robot_interfaces/share/my_robot_interfaces/package.bash'
[1.279s] INFO:colcon.colcon_core.shell:Creating package script '/home/emzx/ros2_ws/install/my_robot_interfaces/share/my_robot_interfaces/package.zsh'
[1.279s] Level 1:colcon.colcon_core.environment:create_file_with_runtime_dependencies(/home/emzx/ros2_ws/install/my_robot_interfaces/share/colcon-core/packages/my_robot_interfaces)
[1.280s] Level 1:colcon.colcon_core.environment:create_environment_scripts_only(my_robot_interfaces)
[1.280s] Level 1:colcon.colcon_core.environment:checking '/home/emzx/ros2_ws/install/my_robot_interfaces' for CMake module files
[1.281s] Level 1:colcon.colcon_core.environment:checking '/home/emzx/ros2_ws/install/my_robot_interfaces' for CMake config files
[1.282s] Level 1:colcon.colcon_core.shell:create_environment_hook('my_robot_interfaces', 'cmake_prefix_path')
[1.282s] INFO:colcon.colcon_core.shell:Creating environment hook '/home/emzx/ros2_ws/install/my_robot_interfaces/share/my_robot_interfaces/hook/cmake_prefix_path.ps1'
[1.283s] INFO:colcon.colcon_core.shell:Creating environment descriptor '/home/emzx/ros2_ws/install/my_robot_interfaces/share/my_robot_interfaces/hook/cmake_prefix_path.dsv'
[1.283s] INFO:colcon.colcon_core.shell:Creating environment hook '/home/emzx/ros2_ws/install/my_robot_interfaces/share/my_robot_interfaces/hook/cmake_prefix_path.sh'
[1.284s] Level 1:colcon.colcon_core.environment:checking '/home/emzx/ros2_ws/install/my_robot_interfaces/lib'
[1.284s] Level 1:colcon.colcon_core.shell:create_environment_hook('my_robot_interfaces', 'ld_library_path_lib')
[1.284s] INFO:colcon.colcon_core.shell:Creating environment hook '/home/emzx/ros2_ws/install/my_robot_interfaces/share/my_robot_interfaces/hook/ld_library_path_lib.ps1'
[1.285s] INFO:colcon.colcon_core.shell:Creating environment descriptor '/home/emzx/ros2_ws/install/my_robot_interfaces/share/my_robot_interfaces/hook/ld_library_path_lib.dsv'
[1.285s] INFO:colcon.colcon_core.shell:Creating environment hook '/home/emzx/ros2_ws/install/my_robot_interfaces/share/my_robot_interfaces/hook/ld_library_path_lib.sh'
[1.285s] Level 1:colcon.colcon_core.environment:checking '/home/emzx/ros2_ws/install/my_robot_interfaces/bin'
[1.286s] Level 1:colcon.colcon_core.environment:checking '/home/emzx/ros2_ws/install/my_robot_interfaces/lib/pkgconfig/my_robot_interfaces.pc'
[1.286s] Level 1:colcon.colcon_core.environment:checking '/home/emzx/ros2_ws/install/my_robot_interfaces/lib/python3.12/site-packages'
[1.286s] Level 1:colcon.colcon_core.shell:create_environment_hook('my_robot_interfaces', 'pythonpath')
[1.286s] INFO:colcon.colcon_core.shell:Creating environment hook '/home/emzx/ros2_ws/install/my_robot_interfaces/share/my_robot_interfaces/hook/pythonpath.ps1'
[1.287s] INFO:colcon.colcon_core.shell:Creating environment descriptor '/home/emzx/ros2_ws/install/my_robot_interfaces/share/my_robot_interfaces/hook/pythonpath.dsv'
[1.287s] INFO:colcon.colcon_core.shell:Creating environment hook '/home/emzx/ros2_ws/install/my_robot_interfaces/share/my_robot_interfaces/hook/pythonpath.sh'
[1.288s] Level 1:colcon.colcon_core.environment:checking '/home/emzx/ros2_ws/install/my_robot_interfaces/bin'
[1.288s] INFO:colcon.colcon_core.shell:Creating package script '/home/emzx/ros2_ws/install/my_robot_interfaces/share/my_robot_interfaces/package.ps1'
[1.289s] INFO:colcon.colcon_core.shell:Creating package descriptor '/home/emzx/ros2_ws/install/my_robot_interfaces/share/my_robot_interfaces/package.dsv'
[1.290s] INFO:colcon.colcon_core.shell:Creating package script '/home/emzx/ros2_ws/install/my_robot_interfaces/share/my_robot_interfaces/package.sh'
[1.291s] INFO:colcon.colcon_core.shell:Creating package script '/home/emzx/ros2_ws/install/my_robot_interfaces/share/my_robot_interfaces/package.bash'
[1.291s] INFO:colcon.colcon_core.shell:Creating package script '/home/emzx/ros2_ws/install/my_robot_interfaces/share/my_robot_interfaces/package.zsh'
[1.292s] Level 1:colcon.colcon_core.environment:create_file_with_runtime_dependencies(/home/emzx/ros2_ws/install/my_robot_interfaces/share/colcon-core/packages/my_robot_interfaces)
[1.292s] INFO:colcon.colcon_ros.task.ament_python.build:Building ROS package in '/home/emzx/ros2_ws/src/pacote_teste' with build type 'ament_python'
[1.292s] Level 1:colcon.colcon_core.shell:create_environment_hook('pacote_teste', 'ament_prefix_path')
[1.292s] INFO:colcon.colcon_core.shell:Creating environment hook '/home/emzx/ros2_ws/install/pacote_teste/share/pacote_teste/hook/ament_prefix_path.ps1'
[1.293s] INFO:colcon.colcon_core.shell:Creating environment descriptor '/home/emzx/ros2_ws/install/pacote_teste/share/pacote_teste/hook/ament_prefix_path.dsv'
[1.294s] INFO:colcon.colcon_core.shell:Creating environment hook '/home/emzx/ros2_ws/install/pacote_teste/share/pacote_teste/hook/ament_prefix_path.sh'
[1.294s] INFO:colcon.colcon_core.shell:Skip shell extension 'powershell' for command environment: Not usable outside of PowerShell
[1.294s] DEBUG:colcon.colcon_core.shell:Skip shell extension 'dsv' for command environment
[1.301s] INFO:colcon.colcon_ros.task.ament_python.build:Building ROS package in '/home/emzx/ros2_ws/src/turtlesim_catch_them_all' with build type 'ament_python'
[1.301s] Level 1:colcon.colcon_core.shell:create_environment_hook('turtlesim_catch_them_all', 'ament_prefix_path')
[1.302s] INFO:colcon.colcon_core.shell:Creating environment hook '/home/emzx/ros2_ws/install/turtlesim_catch_them_all/share/turtlesim_catch_them_all/hook/ament_prefix_path.ps1'
[1.302s] INFO:colcon.colcon_core.shell:Creating environment descriptor '/home/emzx/ros2_ws/install/turtlesim_catch_them_all/share/turtlesim_catch_them_all/hook/ament_prefix_path.dsv'
[1.303s] INFO:colcon.colcon_core.shell:Creating environment hook '/home/emzx/ros2_ws/install/turtlesim_catch_them_all/share/turtlesim_catch_them_all/hook/ament_prefix_path.sh'
[1.303s] INFO:colcon.colcon_core.shell:Skip shell extension 'powershell' for command environment: Not usable outside of PowerShell
[1.303s] DEBUG:colcon.colcon_core.shell:Skip shell extension 'dsv' for command environment
[1.621s] INFO:colcon.colcon_core.task.python.build:Building Python package in '/home/emzx/ros2_ws/src/pacote_teste'
[1.621s] INFO:colcon.colcon_core.shell:Skip shell extension 'powershell' for command environment: Not usable outside of PowerShell
[1.621s] DEBUG:colcon.colcon_core.shell:Skip shell extension 'dsv' for command environment
[1.945s] INFO:colcon.colcon_core.task.python.build:Building Python package in '/home/emzx/ros2_ws/src/turtlesim_catch_them_all'
[1.946s] INFO:colcon.colcon_core.shell:Skip shell extension 'powershell' for command environment: Not usable outside of PowerShell
[1.946s] DEBUG:colcon.colcon_core.shell:Skip shell extension 'dsv' for command environment
[1.956s] DEBUG:colcon.colcon_core.event_handler.log_command:Invoking command in '/home/emzx/ros2_ws/src/bumperbot_py': DEBUGINFOD_URLS=https://debuginfod.ubuntu.com PYTHONPATH=/home/emzx/ros2_ws/build/bumperbot_py/prefix_override:/usr/lib/python3/dist-packages/colcon_core/task/python/colcon_distutils_commands:/home/emzx/ros2_ws/install/bumperbot_py/lib/python3.12/site-packages:${PYTHONPATH} /usr/bin/python3 -W ignore:setup.py install is deprecated -W ignore:easy_install command is deprecated setup.py egg_info --egg-base ../../build/bumperbot_py build --build-base /home/emzx/ros2_ws/build/bumperbot_py/build install --record /home/emzx/ros2_ws/build/bumperbot_py/install.log --single-version-externally-managed install_data
[1.998s] DEBUG:colcon.colcon_core.event_handler.log_command:Invoking command in '/home/emzx/ros2_ws/src/bumperbot_utils': DEBUGINFOD_URLS=https://debuginfod.ubuntu.com PYTHONPATH=/home/emzx/ros2_ws/build/bumperbot_utils/prefix_override:/usr/lib/python3/dist-packages/colcon_core/task/python/colcon_distutils_commands:/home/emzx/ros2_ws/install/bumperbot_utils/lib/python3.12/site-packages:${PYTHONPATH} /usr/bin/python3 -W ignore:setup.py install is deprecated -W ignore:easy_install command is deprecated setup.py egg_info --egg-base ../../build/bumperbot_utils build --build-base /home/emzx/ros2_ws/build/bumperbot_utils/build install --record /home/emzx/ros2_ws/build/bumperbot_utils/install.log --single-version-externally-managed install_data
[2.623s] DEBUG:colcon.colcon_core.event_handler.log_command:Invoking command in '/home/emzx/ros2_ws/src/pacote_teste': CMAKE_PREFIX_PATH=/home/emzx/ros2_ws/install/my_robot_interfaces:/home/emzx/ros2_ws/install/my_robot_bringup:/home/emzx/ros2_ws/install/bumperbot_description:/home/emzx/ros2_ws/install/bumperbot_controller:/opt/ros/jazzy/opt/gz_sim_vendor:/opt/ros/jazzy/opt/gz_sensors_vendor:/opt/ros/jazzy/opt/gz_physics_vendor:/opt/ros/jazzy/opt/sdformat_vendor:/opt/ros/jazzy/opt/gz_gui_vendor:/opt/ros/jazzy/opt/gz_transport_vendor:/opt/ros/jazzy/opt/gz_rendering_vendor:/opt/ros/jazzy/opt/gz_plugin_vendor:/opt/ros/jazzy/opt/gz_fuel_tools_vendor:/opt/ros/jazzy/opt/gz_msgs_vendor:/opt/ros/jazzy/opt/gz_common_vendor:/opt/ros/jazzy/opt/gz_math_vendor:/opt/ros/jazzy/opt/gz_utils_vendor:/opt/ros/jazzy/opt/gz_tools_vendor:/opt/ros/jazzy/opt/gz_ogre_next_vendor:/opt/ros/jazzy/opt/gz_dartsim_vendor:/opt/ros/jazzy/opt/gz_cmake_vendor DEBUGINFOD_URLS=https://debuginfod.ubuntu.com PYTHONPATH=/home/emzx/ros2_ws/build/pacote_teste/prefix_override:/usr/lib/python3/dist-packages/colcon_core/task/python/colcon_distutils_commands:/home/emzx/ros2_ws/install/pacote_teste/lib/python3.12/site-packages:/home/emzx/ros2_ws/install/my_robot_interfaces/lib/python3.12/site-packages:/home/emzx/ros2_ws/install/turtlesim_catch_them_all/lib/python3.12/site-packages:/home/emzx/ros2_ws/install/pacote_teste/lib/python3.12/site-packages:/home/emzx/ros2_ws/install/bumperbot_utils/lib/python3.12/site-packages:/home/emzx/ros2_ws/install/bumperbot_py/lib/python3.12/site-packages:/home/emzx/ros2_ws/install/bumperbot_controller/lib/python3.12/site-packages:/opt/ros/jazzy/lib/python3.12/site-packages /usr/bin/python3 -W ignore:setup.py install is deprecated -W ignore:easy_install command is deprecated setup.py egg_info --egg-base ../../build/pacote_teste build --build-base /home/emzx/ros2_ws/build/pacote_teste/build install --record /home/emzx/ros2_ws/build/pacote_teste/install.log --single-version-externally-managed install_data
[2.740s] Level 1:colcon.colcon_core.environment:checking '/home/emzx/ros2_ws/install/bumperbot_utils' for CMake module files
[2.741s] DEBUG:colcon.colcon_core.event_handler.log_command:Invoked command in '/home/emzx/ros2_ws/src/bumperbot_utils' returned '0': DEBUGINFOD_URLS=https://debuginfod.ubuntu.com PYTHONPATH=/home/emzx/ros2_ws/build/bumperbot_utils/prefix_override:/usr/lib/python3/dist-packages/colcon_core/task/python/colcon_distutils_commands:/home/emzx/ros2_ws/install/bumperbot_utils/lib/python3.12/site-packages:${PYTHONPATH} /usr/bin/python3 -W ignore:setup.py install is deprecated -W ignore:easy_install command is deprecated setup.py egg_info --egg-base ../../build/bumperbot_utils build --build-base /home/emzx/ros2_ws/build/bumperbot_utils/build install --record /home/emzx/ros2_ws/build/bumperbot_utils/install.log --single-version-externally-managed install_data
[2.741s] Level 1:colcon.colcon_core.environment:checking '/home/emzx/ros2_ws/install/bumperbot_utils' for CMake config files
[2.742s] Level 1:colcon.colcon_core.environment:checking '/home/emzx/ros2_ws/install/bumperbot_utils/lib'
[2.742s] Level 1:colcon.colcon_core.environment:checking '/home/emzx/ros2_ws/install/bumperbot_utils/bin'
[2.742s] Level 1:colcon.colcon_core.environment:checking '/home/emzx/ros2_ws/install/bumperbot_utils/lib/pkgconfig/bumperbot_utils.pc'
[2.743s] Level 1:colcon.colcon_core.environment:checking '/home/emzx/ros2_ws/install/bumperbot_utils/lib/python3.12/site-packages'
[2.743s] Level 1:colcon.colcon_core.shell:create_environment_hook('bumperbot_utils', 'pythonpath')
[2.743s] INFO:colcon.colcon_core.shell:Creating environment hook '/home/emzx/ros2_ws/install/bumperbot_utils/share/bumperbot_utils/hook/pythonpath.ps1'
[2.744s] INFO:colcon.colcon_core.shell:Creating environment descriptor '/home/emzx/ros2_ws/install/bumperbot_utils/share/bumperbot_utils/hook/pythonpath.dsv'
[2.744s] INFO:colcon.colcon_core.shell:Creating environment hook '/home/emzx/ros2_ws/install/bumperbot_utils/share/bumperbot_utils/hook/pythonpath.sh'
[2.745s] Level 1:colcon.colcon_core.environment:checking '/home/emzx/ros2_ws/install/bumperbot_utils/bin'
[2.745s] Level 1:colcon.colcon_core.environment:create_environment_scripts_only(bumperbot_utils)
[2.745s] INFO:colcon.colcon_core.shell:Creating package script '/home/emzx/ros2_ws/install/bumperbot_utils/share/bumperbot_utils/package.ps1'
[2.746s] INFO:colcon.colcon_core.shell:Creating package descriptor '/home/emzx/ros2_ws/install/bumperbot_utils/share/bumperbot_utils/package.dsv'
[2.747s] INFO:colcon.colcon_core.shell:Creating package script '/home/emzx/ros2_ws/install/bumperbot_utils/share/bumperbot_utils/package.sh'
[2.747s] INFO:colcon.colcon_core.shell:Creating package script '/home/emzx/ros2_ws/install/bumperbot_utils/share/bumperbot_utils/package.bash'
[2.748s] INFO:colcon.colcon_core.shell:Creating package script '/home/emzx/ros2_ws/install/bumperbot_utils/share/bumperbot_utils/package.zsh'
[2.749s] Level 1:colcon.colcon_core.environment:create_file_with_runtime_dependencies(/home/emzx/ros2_ws/install/bumperbot_utils/share/colcon-core/packages/bumperbot_utils)
[2.801s] DEBUG:colcon.colcon_core.event_handler.log_command:Invoking command in '/home/emzx/ros2_ws/src/turtlesim_catch_them_all': CMAKE_PREFIX_PATH=/home/emzx/ros2_ws/install/my_robot_interfaces:/home/emzx/ros2_ws/install/my_robot_bringup:/home/emzx/ros2_ws/install/bumperbot_description:/home/emzx/ros2_ws/install/bumperbot_controller:/opt/ros/jazzy/opt/gz_sim_vendor:/opt/ros/jazzy/opt/gz_sensors_vendor:/opt/ros/jazzy/opt/gz_physics_vendor:/opt/ros/jazzy/opt/sdformat_vendor:/opt/ros/jazzy/opt/gz_gui_vendor:/opt/ros/jazzy/opt/gz_transport_vendor:/opt/ros/jazzy/opt/gz_rendering_vendor:/opt/ros/jazzy/opt/gz_plugin_vendor:/opt/ros/jazzy/opt/gz_fuel_tools_vendor:/opt/ros/jazzy/opt/gz_msgs_vendor:/opt/ros/jazzy/opt/gz_common_vendor:/opt/ros/jazzy/opt/gz_math_vendor:/opt/ros/jazzy/opt/gz_utils_vendor:/opt/ros/jazzy/opt/gz_tools_vendor:/opt/ros/jazzy/opt/gz_ogre_next_vendor:/opt/ros/jazzy/opt/gz_dartsim_vendor:/opt/ros/jazzy/opt/gz_cmake_vendor DEBUGINFOD_URLS=https://debuginfod.ubuntu.com PYTHONPATH=/home/emzx/ros2_ws/build/turtlesim_catch_them_all/prefix_override:/usr/lib/python3/dist-packages/colcon_core/task/python/colcon_distutils_commands:/home/emzx/ros2_ws/install/turtlesim_catch_them_all/lib/python3.12/site-packages:/home/emzx/ros2_ws/install/my_robot_interfaces/lib/python3.12/site-packages:/home/emzx/ros2_ws/install/turtlesim_catch_them_all/lib/python3.12/site-packages:/home/emzx/ros2_ws/install/pacote_teste/lib/python3.12/site-packages:/home/emzx/ros2_ws/install/bumperbot_utils/lib/python3.12/site-packages:/home/emzx/ros2_ws/install/bumperbot_py/lib/python3.12/site-packages:/home/emzx/ros2_ws/install/bumperbot_controller/lib/python3.12/site-packages:/opt/ros/jazzy/lib/python3.12/site-packages /usr/bin/python3 -W ignore:setup.py install is deprecated -W ignore:easy_install command is deprecated setup.py egg_info --egg-base ../../build/turtlesim_catch_them_all build --build-base /home/emzx/ros2_ws/build/turtlesim_catch_them_all/build install --record /home/emzx/ros2_ws/build/turtlesim_catch_them_all/install.log --single-version-externally-managed install_data
[2.858s] Level 1:colcon.colcon_core.environment:checking '/home/emzx/ros2_ws/install/bumperbot_py' for CMake module files
[2.859s] DEBUG:colcon.colcon_core.event_handler.log_command:Invoked command in '/home/emzx/ros2_ws/src/bumperbot_py' returned '0': DEBUGINFOD_URLS=https://debuginfod.ubuntu.com PYTHONPATH=/home/emzx/ros2_ws/build/bumperbot_py/prefix_override:/usr/lib/python3/dist-packages/colcon_core/task/python/colcon_distutils_commands:/home/emzx/ros2_ws/install/bumperbot_py/lib/python3.12/site-packages:${PYTHONPATH} /usr/bin/python3 -W ignore:setup.py install is deprecated -W ignore:easy_install command is deprecated setup.py egg_info --egg-base ../../build/bumperbot_py build --build-base /home/emzx/ros2_ws/build/bumperbot_py/build install --record /home/emzx/ros2_ws/build/bumperbot_py/install.log --single-version-externally-managed install_data
[2.859s] Level 1:colcon.colcon_core.environment:checking '/home/emzx/ros2_ws/install/bumperbot_py' for CMake config files
[2.860s] Level 1:colcon.colcon_core.environment:checking '/home/emzx/ros2_ws/install/bumperbot_py/lib'
[2.860s] Level 1:colcon.colcon_core.environment:checking '/home/emzx/ros2_ws/install/bumperbot_py/bin'
[2.860s] Level 1:colcon.colcon_core.environment:checking '/home/emzx/ros2_ws/install/bumperbot_py/lib/pkgconfig/bumperbot_py.pc'
[2.860s] Level 1:colcon.colcon_core.environment:checking '/home/emzx/ros2_ws/install/bumperbot_py/lib/python3.12/site-packages'
[2.861s] Level 1:colcon.colcon_core.shell:create_environment_hook('bumperbot_py', 'pythonpath')
[2.861s] INFO:colcon.colcon_core.shell:Creating environment hook '/home/emzx/ros2_ws/install/bumperbot_py/share/bumperbot_py/hook/pythonpath.ps1'
[2.861s] INFO:colcon.colcon_core.shell:Creating environment descriptor '/home/emzx/ros2_ws/install/bumperbot_py/share/bumperbot_py/hook/pythonpath.dsv'
[2.862s] INFO:colcon.colcon_core.shell:Creating environment hook '/home/emzx/ros2_ws/install/bumperbot_py/share/bumperbot_py/hook/pythonpath.sh'
[2.863s] Level 1:colcon.colcon_core.environment:checking '/home/emzx/ros2_ws/install/bumperbot_py/bin'
[2.863s] Level 1:colcon.colcon_core.environment:create_environment_scripts_only(bumperbot_py)
[2.863s] INFO:colcon.colcon_core.shell:Creating package script '/home/emzx/ros2_ws/install/bumperbot_py/share/bumperbot_py/package.ps1'
[2.864s] INFO:colcon.colcon_core.shell:Creating package descriptor '/home/emzx/ros2_ws/install/bumperbot_py/share/bumperbot_py/package.dsv'
[2.864s] INFO:colcon.colcon_core.shell:Creating package script '/home/emzx/ros2_ws/install/bumperbot_py/share/bumperbot_py/package.sh'
[2.865s] INFO:colcon.colcon_core.shell:Creating package script '/home/emzx/ros2_ws/install/bumperbot_py/share/bumperbot_py/package.bash'
[2.865s] INFO:colcon.colcon_core.shell:Creating package script '/home/emzx/ros2_ws/install/bumperbot_py/share/bumperbot_py/package.zsh'
[2.866s] Level 1:colcon.colcon_core.environment:create_file_with_runtime_dependencies(/home/emzx/ros2_ws/install/bumperbot_py/share/colcon-core/packages/bumperbot_py)
[3.249s] Level 1:colcon.colcon_core.environment:checking '/home/emzx/ros2_ws/install/pacote_teste' for CMake module files
[3.249s] DEBUG:colcon.colcon_core.event_handler.log_command:Invoked command in '/home/emzx/ros2_ws/src/pacote_teste' returned '0': CMAKE_PREFIX_PATH=/home/emzx/ros2_ws/install/my_robot_interfaces:/home/emzx/ros2_ws/install/my_robot_bringup:/home/emzx/ros2_ws/install/bumperbot_description:/home/emzx/ros2_ws/install/bumperbot_controller:/opt/ros/jazzy/opt/gz_sim_vendor:/opt/ros/jazzy/opt/gz_sensors_vendor:/opt/ros/jazzy/opt/gz_physics_vendor:/opt/ros/jazzy/opt/sdformat_vendor:/opt/ros/jazzy/opt/gz_gui_vendor:/opt/ros/jazzy/opt/gz_transport_vendor:/opt/ros/jazzy/opt/gz_rendering_vendor:/opt/ros/jazzy/opt/gz_plugin_vendor:/opt/ros/jazzy/opt/gz_fuel_tools_vendor:/opt/ros/jazzy/opt/gz_msgs_vendor:/opt/ros/jazzy/opt/gz_common_vendor:/opt/ros/jazzy/opt/gz_math_vendor:/opt/ros/jazzy/opt/gz_utils_vendor:/opt/ros/jazzy/opt/gz_tools_vendor:/opt/ros/jazzy/opt/gz_ogre_next_vendor:/opt/ros/jazzy/opt/gz_dartsim_vendor:/opt/ros/jazzy/opt/gz_cmake_vendor DEBUGINFOD_URLS=https://debuginfod.ubuntu.com PYTHONPATH=/home/emzx/ros2_ws/build/pacote_teste/prefix_override:/usr/lib/python3/dist-packages/colcon_core/task/python/colcon_distutils_commands:/home/emzx/ros2_ws/install/pacote_teste/lib/python3.12/site-packages:/home/emzx/ros2_ws/install/my_robot_interfaces/lib/python3.12/site-packages:/home/emzx/ros2_ws/install/turtlesim_catch_them_all/lib/python3.12/site-packages:/home/emzx/ros2_ws/install/pacote_teste/lib/python3.12/site-packages:/home/emzx/ros2_ws/install/bumperbot_utils/lib/python3.12/site-packages:/home/emzx/ros2_ws/install/bumperbot_py/lib/python3.12/site-packages:/home/emzx/ros2_ws/install/bumperbot_controller/lib/python3.12/site-packages:/opt/ros/jazzy/lib/python3.12/site-packages /usr/bin/python3 -W ignore:setup.py install is deprecated -W ignore:easy_install command is deprecated setup.py egg_info --egg-base ../../build/pacote_teste build --build-base /home/emzx/ros2_ws/build/pacote_teste/build install --record /home/emzx/ros2_ws/build/pacote_teste/install.log --single-version-externally-managed install_data
[3.250s] Level 1:colcon.colcon_core.environment:checking '/home/emzx/ros2_ws/install/pacote_teste' for CMake config files
[3.250s] Level 1:colcon.colcon_core.environment:checking '/home/emzx/ros2_ws/install/pacote_teste/lib'
[3.250s] Level 1:colcon.colcon_core.environment:checking '/home/emzx/ros2_ws/install/pacote_teste/bin'
[3.250s] Level 1:colcon.colcon_core.environment:checking '/home/emzx/ros2_ws/install/pacote_teste/lib/pkgconfig/pacote_teste.pc'
[3.251s] Level 1:colcon.colcon_core.environment:checking '/home/emzx/ros2_ws/install/pacote_teste/lib/python3.12/site-packages'
[3.251s] Level 1:colcon.colcon_core.shell:create_environment_hook('pacote_teste', 'pythonpath')
[3.251s] INFO:colcon.colcon_core.shell:Creating environment hook '/home/emzx/ros2_ws/install/pacote_teste/share/pacote_teste/hook/pythonpath.ps1'
[3.251s] INFO:colcon.colcon_core.shell:Creating environment descriptor '/home/emzx/ros2_ws/install/pacote_teste/share/pacote_teste/hook/pythonpath.dsv'
[3.252s] INFO:colcon.colcon_core.shell:Creating environment hook '/home/emzx/ros2_ws/install/pacote_teste/share/pacote_teste/hook/pythonpath.sh'
[3.252s] Level 1:colcon.colcon_core.environment:checking '/home/emzx/ros2_ws/install/pacote_teste/bin'
[3.252s] Level 1:colcon.colcon_core.environment:create_environment_scripts_only(pacote_teste)
[3.252s] INFO:colcon.colcon_core.shell:Creating package script '/home/emzx/ros2_ws/install/pacote_teste/share/pacote_teste/package.ps1'
[3.253s] INFO:colcon.colcon_core.shell:Creating package descriptor '/home/emzx/ros2_ws/install/pacote_teste/share/pacote_teste/package.dsv'
[3.253s] INFO:colcon.colcon_core.shell:Creating package script '/home/emzx/ros2_ws/install/pacote_teste/share/pacote_teste/package.sh'
[3.254s] INFO:colcon.colcon_core.shell:Creating package script '/home/emzx/ros2_ws/install/pacote_teste/share/pacote_teste/package.bash'
[3.254s] INFO:colcon.colcon_core.shell:Creating package script '/home/emzx/ros2_ws/install/pacote_teste/share/pacote_teste/package.zsh'
[3.254s] Level 1:colcon.colcon_core.environment:create_file_with_runtime_dependencies(/home/emzx/ros2_ws/install/pacote_teste/share/colcon-core/packages/pacote_teste)
[3.254s] INFO:colcon.colcon_ros.task.ament_cmake.build:Building ROS package in '/home/emzx/ros2_ws/src/my_robot_bringup' with build type 'ament_cmake'
[3.255s] INFO:colcon.colcon_cmake.task.cmake.build:Building CMake package in '/home/emzx/ros2_ws/src/my_robot_bringup'
[3.255s] INFO:colcon.colcon_core.shell:Skip shell extension 'powershell' for command environment: Not usable outside of PowerShell
[3.255s] DEBUG:colcon.colcon_core.shell:Skip shell extension 'dsv' for command environment
[3.267s] DEBUG:colcon.colcon_core.event_handler.log_command:Invoking command in '/home/emzx/ros2_ws/build/my_robot_bringup': AMENT_PREFIX_PATH=/home/emzx/ros2_ws/install/pacote_teste:/home/emzx/ros2_ws/install/turtlesim_catch_them_all:/home/emzx/ros2_ws/install/my_robot_bringup:/home/emzx/ros2_ws/install/my_robot_interfaces:/home/emzx/ros2_ws/install/bumperbot_utils:/home/emzx/ros2_ws/install/bumperbot_py:/home/emzx/ros2_ws/install/bumperbot_description:/home/emzx/ros2_ws/install/bumperbot_controller:/opt/ros/jazzy CMAKE_PREFIX_PATH=/home/emzx/ros2_ws/install/my_robot_interfaces:/home/emzx/ros2_ws/install/my_robot_bringup:/home/emzx/ros2_ws/install/bumperbot_description:/home/emzx/ros2_ws/install/bumperbot_controller:/opt/ros/jazzy/opt/gz_sim_vendor:/opt/ros/jazzy/opt/gz_sensors_vendor:/opt/ros/jazzy/opt/gz_physics_vendor:/opt/ros/jazzy/opt/sdformat_vendor:/opt/ros/jazzy/opt/gz_gui_vendor:/opt/ros/jazzy/opt/gz_transport_vendor:/opt/ros/jazzy/opt/gz_rendering_vendor:/opt/ros/jazzy/opt/gz_plugin_vendor:/opt/ros/jazzy/opt/gz_fuel_tools_vendor:/opt/ros/jazzy/opt/gz_msgs_vendor:/opt/ros/jazzy/opt/gz_common_vendor:/opt/ros/jazzy/opt/gz_math_vendor:/opt/ros/jazzy/opt/gz_utils_vendor:/opt/ros/jazzy/opt/gz_tools_vendor:/opt/ros/jazzy/opt/gz_ogre_next_vendor:/opt/ros/jazzy/opt/gz_dartsim_vendor:/opt/ros/jazzy/opt/gz_cmake_vendor:/home/emzx/ros2_ws/install/turtlesim_catch_them_all:/home/emzx/ros2_ws/install/pacote_teste:/home/emzx/ros2_ws/install/bumperbot_utils:/home/emzx/ros2_ws/install/bumperbot_py:/opt/ros/jazzy DEBUGINFOD_URLS=https://debuginfod.ubuntu.com PYTHONPATH=/home/emzx/ros2_ws/install/pacote_teste/lib/python3.12/site-packages:/home/emzx/ros2_ws/install/my_robot_interfaces/lib/python3.12/site-packages:/home/emzx/ros2_ws/install/turtlesim_catch_them_all/lib/python3.12/site-packages:/home/emzx/ros2_ws/install/bumperbot_utils/lib/python3.12/site-packages:/home/emzx/ros2_ws/install/bumperbot_py/lib/python3.12/site-packages:/home/emzx/ros2_ws/install/bumperbot_controller/lib/python3.12/site-packages:/opt/ros/jazzy/lib/python3.12/site-packages /usr/bin/cmake --build /home/emzx/ros2_ws/build/my_robot_bringup -- -j8 -l8
[3.307s] DEBUG:colcon.colcon_core.event_handler.log_command:Invoked command in '/home/emzx/ros2_ws/build/my_robot_bringup' returned '0': AMENT_PREFIX_PATH=/home/emzx/ros2_ws/install/pacote_teste:/home/emzx/ros2_ws/install/turtlesim_catch_them_all:/home/emzx/ros2_ws/install/my_robot_bringup:/home/emzx/ros2_ws/install/my_robot_interfaces:/home/emzx/ros2_ws/install/bumperbot_utils:/home/emzx/ros2_ws/install/bumperbot_py:/home/emzx/ros2_ws/install/bumperbot_description:/home/emzx/ros2_ws/install/bumperbot_controller:/opt/ros/jazzy CMAKE_PREFIX_PATH=/home/emzx/ros2_ws/install/my_robot_interfaces:/home/emzx/ros2_ws/install/my_robot_bringup:/home/emzx/ros2_ws/install/bumperbot_description:/home/emzx/ros2_ws/install/bumperbot_controller:/opt/ros/jazzy/opt/gz_sim_vendor:/opt/ros/jazzy/opt/gz_sensors_vendor:/opt/ros/jazzy/opt/gz_physics_vendor:/opt/ros/jazzy/opt/sdformat_vendor:/opt/ros/jazzy/opt/gz_gui_vendor:/opt/ros/jazzy/opt/gz_transport_vendor:/opt/ros/jazzy/opt/gz_rendering_vendor:/opt/ros/jazzy/opt/gz_plugin_vendor:/opt/ros/jazzy/opt/gz_fuel_tools_vendor:/opt/ros/jazzy/opt/gz_msgs_vendor:/opt/ros/jazzy/opt/gz_common_vendor:/opt/ros/jazzy/opt/gz_math_vendor:/opt/ros/jazzy/opt/gz_utils_vendor:/opt/ros/jazzy/opt/gz_tools_vendor:/opt/ros/jazzy/opt/gz_ogre_next_vendor:/opt/ros/jazzy/opt/gz_dartsim_vendor:/opt/ros/jazzy/opt/gz_cmake_vendor:/home/emzx/ros2_ws/install/turtlesim_catch_them_all:/home/emzx/ros2_ws/install/pacote_teste:/home/emzx/ros2_ws/install/bumperbot_utils:/home/emzx/ros2_ws/install/bumperbot_py:/opt/ros/jazzy DEBUGINFOD_URLS=https://debuginfod.ubuntu.com PYTHONPATH=/home/emzx/ros2_ws/install/pacote_teste/lib/python3.12/site-packages:/home/emzx/ros2_ws/install/my_robot_interfaces/lib/python3.12/site-packages:/home/emzx/ros2_ws/install/turtlesim_catch_them_all/lib/python3.12/site-packages:/home/emzx/ros2_ws/install/bumperbot_utils/lib/python3.12/site-packages:/home/emzx/ros2_ws/install/bumperbot_py/lib/python3.12/site-packages:/home/emzx/ros2_ws/install/bumperbot_controller/lib/python3.12/site-packages:/opt/ros/jazzy/lib/python3.12/site-packages /usr/bin/cmake --build /home/emzx/ros2_ws/build/my_robot_bringup -- -j8 -l8
[3.308s] DEBUG:colcon.colcon_core.event_handler.log_command:Invoking command in '/home/emzx/ros2_ws/build/my_robot_bringup': AMENT_PREFIX_PATH=/home/emzx/ros2_ws/install/pacote_teste:/home/emzx/ros2_ws/install/turtlesim_catch_them_all:/home/emzx/ros2_ws/install/my_robot_bringup:/home/emzx/ros2_ws/install/my_robot_interfaces:/home/emzx/ros2_ws/install/bumperbot_utils:/home/emzx/ros2_ws/install/bumperbot_py:/home/emzx/ros2_ws/install/bumperbot_description:/home/emzx/ros2_ws/install/bumperbot_controller:/opt/ros/jazzy CMAKE_PREFIX_PATH=/home/emzx/ros2_ws/install/my_robot_interfaces:/home/emzx/ros2_ws/install/my_robot_bringup:/home/emzx/ros2_ws/install/bumperbot_description:/home/emzx/ros2_ws/install/bumperbot_controller:/opt/ros/jazzy/opt/gz_sim_vendor:/opt/ros/jazzy/opt/gz_sensors_vendor:/opt/ros/jazzy/opt/gz_physics_vendor:/opt/ros/jazzy/opt/sdformat_vendor:/opt/ros/jazzy/opt/gz_gui_vendor:/opt/ros/jazzy/opt/gz_transport_vendor:/opt/ros/jazzy/opt/gz_rendering_vendor:/opt/ros/jazzy/opt/gz_plugin_vendor:/opt/ros/jazzy/opt/gz_fuel_tools_vendor:/opt/ros/jazzy/opt/gz_msgs_vendor:/opt/ros/jazzy/opt/gz_common_vendor:/opt/ros/jazzy/opt/gz_math_vendor:/opt/ros/jazzy/opt/gz_utils_vendor:/opt/ros/jazzy/opt/gz_tools_vendor:/opt/ros/jazzy/opt/gz_ogre_next_vendor:/opt/ros/jazzy/opt/gz_dartsim_vendor:/opt/ros/jazzy/opt/gz_cmake_vendor:/home/emzx/ros2_ws/install/turtlesim_catch_them_all:/home/emzx/ros2_ws/install/pacote_teste:/home/emzx/ros2_ws/install/bumperbot_utils:/home/emzx/ros2_ws/install/bumperbot_py:/opt/ros/jazzy DEBUGINFOD_URLS=https://debuginfod.ubuntu.com PYTHONPATH=/home/emzx/ros2_ws/install/pacote_teste/lib/python3.12/site-packages:/home/emzx/ros2_ws/install/my_robot_interfaces/lib/python3.12/site-packages:/home/emzx/ros2_ws/install/turtlesim_catch_them_all/lib/python3.12/site-packages:/home/emzx/ros2_ws/install/bumperbot_utils/lib/python3.12/site-packages:/home/emzx/ros2_ws/install/bumperbot_py/lib/python3.12/site-packages:/home/emzx/ros2_ws/install/bumperbot_controller/lib/python3.12/site-packages:/opt/ros/jazzy/lib/python3.12/site-packages /usr/bin/cmake --install /home/emzx/ros2_ws/build/my_robot_bringup
[3.319s] Level 1:colcon.colcon_core.environment:create_environment_scripts_only(my_robot_bringup)
[3.319s] Level 1:colcon.colcon_core.environment:checking '/home/emzx/ros2_ws/install/my_robot_bringup' for CMake module files
[3.319s] DEBUG:colcon.colcon_core.event_handler.log_command:Invoked command in '/home/emzx/ros2_ws/build/my_robot_bringup' returned '0': AMENT_PREFIX_PATH=/home/emzx/ros2_ws/install/pacote_teste:/home/emzx/ros2_ws/install/turtlesim_catch_them_all:/home/emzx/ros2_ws/install/my_robot_bringup:/home/emzx/ros2_ws/install/my_robot_interfaces:/home/emzx/ros2_ws/install/bumperbot_utils:/home/emzx/ros2_ws/install/bumperbot_py:/home/emzx/ros2_ws/install/bumperbot_description:/home/emzx/ros2_ws/install/bumperbot_controller:/opt/ros/jazzy CMAKE_PREFIX_PATH=/home/emzx/ros2_ws/install/my_robot_interfaces:/home/emzx/ros2_ws/install/my_robot_bringup:/home/emzx/ros2_ws/install/bumperbot_description:/home/emzx/ros2_ws/install/bumperbot_controller:/opt/ros/jazzy/opt/gz_sim_vendor:/opt/ros/jazzy/opt/gz_sensors_vendor:/opt/ros/jazzy/opt/gz_physics_vendor:/opt/ros/jazzy/opt/sdformat_vendor:/opt/ros/jazzy/opt/gz_gui_vendor:/opt/ros/jazzy/opt/gz_transport_vendor:/opt/ros/jazzy/opt/gz_rendering_vendor:/opt/ros/jazzy/opt/gz_plugin_vendor:/opt/ros/jazzy/opt/gz_fuel_tools_vendor:/opt/ros/jazzy/opt/gz_msgs_vendor:/opt/ros/jazzy/opt/gz_common_vendor:/opt/ros/jazzy/opt/gz_math_vendor:/opt/ros/jazzy/opt/gz_utils_vendor:/opt/ros/jazzy/opt/gz_tools_vendor:/opt/ros/jazzy/opt/gz_ogre_next_vendor:/opt/ros/jazzy/opt/gz_dartsim_vendor:/opt/ros/jazzy/opt/gz_cmake_vendor:/home/emzx/ros2_ws/install/turtlesim_catch_them_all:/home/emzx/ros2_ws/install/pacote_teste:/home/emzx/ros2_ws/install/bumperbot_utils:/home/emzx/ros2_ws/install/bumperbot_py:/opt/ros/jazzy DEBUGINFOD_URLS=https://debuginfod.ubuntu.com PYTHONPATH=/home/emzx/ros2_ws/install/pacote_teste/lib/python3.12/site-packages:/home/emzx/ros2_ws/install/my_robot_interfaces/lib/python3.12/site-packages:/home/emzx/ros2_ws/install/turtlesim_catch_them_all/lib/python3.12/site-packages:/home/emzx/ros2_ws/install/bumperbot_utils/lib/python3.12/site-packages:/home/emzx/ros2_ws/install/bumperbot_py/lib/python3.12/site-packages:/home/emzx/ros2_ws/install/bumperbot_controller/lib/python3.12/site-packages:/opt/ros/jazzy/lib/python3.12/site-packages /usr/bin/cmake --install /home/emzx/ros2_ws/build/my_robot_bringup
[3.320s] Level 1:colcon.colcon_core.environment:checking '/home/emzx/ros2_ws/install/my_robot_bringup' for CMake config files
[3.320s] Level 1:colcon.colcon_core.shell:create_environment_hook('my_robot_bringup', 'cmake_prefix_path')
[3.320s] INFO:colcon.colcon_core.shell:Creating environment hook '/home/emzx/ros2_ws/install/my_robot_bringup/share/my_robot_bringup/hook/cmake_prefix_path.ps1'
[3.321s] INFO:colcon.colcon_core.shell:Creating environment descriptor '/home/emzx/ros2_ws/install/my_robot_bringup/share/my_robot_bringup/hook/cmake_prefix_path.dsv'
[3.321s] INFO:colcon.colcon_core.shell:Creating environment hook '/home/emzx/ros2_ws/install/my_robot_bringup/share/my_robot_bringup/hook/cmake_prefix_path.sh'
[3.322s] Level 1:colcon.colcon_core.environment:checking '/home/emzx/ros2_ws/install/my_robot_bringup/bin'
[3.322s] Level 1:colcon.colcon_core.environment:checking '/home/emzx/ros2_ws/install/my_robot_bringup/lib/pkgconfig/my_robot_bringup.pc'
[3.322s] Level 1:colcon.colcon_core.environment:checking '/home/emzx/ros2_ws/install/my_robot_bringup/lib/python3.12/site-packages'
[3.322s] Level 1:colcon.colcon_core.environment:checking '/home/emzx/ros2_ws/install/my_robot_bringup/bin'
[3.322s] INFO:colcon.colcon_core.shell:Creating package script '/home/emzx/ros2_ws/install/my_robot_bringup/share/my_robot_bringup/package.ps1'
[3.323s] INFO:colcon.colcon_core.shell:Creating package descriptor '/home/emzx/ros2_ws/install/my_robot_bringup/share/my_robot_bringup/package.dsv'
[3.323s] INFO:colcon.colcon_core.shell:Creating package script '/home/emzx/ros2_ws/install/my_robot_bringup/share/my_robot_bringup/package.sh'
[3.323s] INFO:colcon.colcon_core.shell:Creating package script '/home/emzx/ros2_ws/install/my_robot_bringup/share/my_robot_bringup/package.bash'
[3.324s] INFO:colcon.colcon_core.shell:Creating package script '/home/emzx/ros2_ws/install/my_robot_bringup/share/my_robot_bringup/package.zsh'
[3.324s] Level 1:colcon.colcon_core.environment:create_file_with_runtime_dependencies(/home/emzx/ros2_ws/install/my_robot_bringup/share/colcon-core/packages/my_robot_bringup)
[3.325s] Level 1:colcon.colcon_core.environment:create_environment_scripts_only(my_robot_bringup)
[3.325s] Level 1:colcon.colcon_core.environment:checking '/home/emzx/ros2_ws/install/my_robot_bringup' for CMake module files
[3.325s] Level 1:colcon.colcon_core.environment:checking '/home/emzx/ros2_ws/install/my_robot_bringup' for CMake config files
[3.326s] Level 1:colcon.colcon_core.shell:create_environment_hook('my_robot_bringup', 'cmake_prefix_path')
[3.326s] INFO:colcon.colcon_core.shell:Creating environment hook '/home/emzx/ros2_ws/install/my_robot_bringup/share/my_robot_bringup/hook/cmake_prefix_path.ps1'
[3.326s] INFO:colcon.colcon_core.shell:Creating environment descriptor '/home/emzx/ros2_ws/install/my_robot_bringup/share/my_robot_bringup/hook/cmake_prefix_path.dsv'
[3.326s] INFO:colcon.colcon_core.shell:Creating environment hook '/home/emzx/ros2_ws/install/my_robot_bringup/share/my_robot_bringup/hook/cmake_prefix_path.sh'
[3.327s] Level 1:colcon.colcon_core.environment:checking '/home/emzx/ros2_ws/install/my_robot_bringup/bin'
[3.327s] Level 1:colcon.colcon_core.environment:checking '/home/emzx/ros2_ws/install/my_robot_bringup/lib/pkgconfig/my_robot_bringup.pc'
[3.327s] Level 1:colcon.colcon_core.environment:checking '/home/emzx/ros2_ws/install/my_robot_bringup/lib/python3.12/site-packages'
[3.327s] Level 1:colcon.colcon_core.environment:checking '/home/emzx/ros2_ws/install/my_robot_bringup/bin'
[3.328s] INFO:colcon.colcon_core.shell:Creating package script '/home/emzx/ros2_ws/install/my_robot_bringup/share/my_robot_bringup/package.ps1'
[3.328s] INFO:colcon.colcon_core.shell:Creating package descriptor '/home/emzx/ros2_ws/install/my_robot_bringup/share/my_robot_bringup/package.dsv'
[3.328s] INFO:colcon.colcon_core.shell:Creating package script '/home/emzx/ros2_ws/install/my_robot_bringup/share/my_robot_bringup/package.sh'
[3.329s] INFO:colcon.colcon_core.shell:Creating package script '/home/emzx/ros2_ws/install/my_robot_bringup/share/my_robot_bringup/package.bash'
[3.329s] INFO:colcon.colcon_core.shell:Creating package script '/home/emzx/ros2_ws/install/my_robot_bringup/share/my_robot_bringup/package.zsh'
[3.330s] Level 1:colcon.colcon_core.environment:create_file_with_runtime_dependencies(/home/emzx/ros2_ws/install/my_robot_bringup/share/colcon-core/packages/my_robot_bringup)
[3.390s] Level 1:colcon.colcon_core.environment:checking '/home/emzx/ros2_ws/install/turtlesim_catch_them_all' for CMake module files
[3.390s] DEBUG:colcon.colcon_core.event_handler.log_command:Invoked command in '/home/emzx/ros2_ws/src/turtlesim_catch_them_all' returned '0': CMAKE_PREFIX_PATH=/home/emzx/ros2_ws/install/my_robot_interfaces:/home/emzx/ros2_ws/install/my_robot_bringup:/home/emzx/ros2_ws/install/bumperbot_description:/home/emzx/ros2_ws/install/bumperbot_controller:/opt/ros/jazzy/opt/gz_sim_vendor:/opt/ros/jazzy/opt/gz_sensors_vendor:/opt/ros/jazzy/opt/gz_physics_vendor:/opt/ros/jazzy/opt/sdformat_vendor:/opt/ros/jazzy/opt/gz_gui_vendor:/opt/ros/jazzy/opt/gz_transport_vendor:/opt/ros/jazzy/opt/gz_rendering_vendor:/opt/ros/jazzy/opt/gz_plugin_vendor:/opt/ros/jazzy/opt/gz_fuel_tools_vendor:/opt/ros/jazzy/opt/gz_msgs_vendor:/opt/ros/jazzy/opt/gz_common_vendor:/opt/ros/jazzy/opt/gz_math_vendor:/opt/ros/jazzy/opt/gz_utils_vendor:/opt/ros/jazzy/opt/gz_tools_vendor:/opt/ros/jazzy/opt/gz_ogre_next_vendor:/opt/ros/jazzy/opt/gz_dartsim_vendor:/opt/ros/jazzy/opt/gz_cmake_vendor DEBUGINFOD_URLS=https://debuginfod.ubuntu.com PYTHONPATH=/home/emzx/ros2_ws/build/turtlesim_catch_them_all/prefix_override:/usr/lib/python3/dist-packages/colcon_core/task/python/colcon_distutils_commands:/home/emzx/ros2_ws/install/turtlesim_catch_them_all/lib/python3.12/site-packages:/home/emzx/ros2_ws/install/my_robot_interfaces/lib/python3.12/site-packages:/home/emzx/ros2_ws/install/turtlesim_catch_them_all/lib/python3.12/site-packages:/home/emzx/ros2_ws/install/pacote_teste/lib/python3.12/site-packages:/home/emzx/ros2_ws/install/bumperbot_utils/lib/python3.12/site-packages:/home/emzx/ros2_ws/install/bumperbot_py/lib/python3.12/site-packages:/home/emzx/ros2_ws/install/bumperbot_controller/lib/python3.12/site-packages:/opt/ros/jazzy/lib/python3.12/site-packages /usr/bin/python3 -W ignore:setup.py install is deprecated -W ignore:easy_install command is deprecated setup.py egg_info --egg-base ../../build/turtlesim_catch_them_all build --build-base /home/emzx/ros2_ws/build/turtlesim_catch_them_all/build install --record /home/emzx/ros2_ws/build/turtlesim_catch_them_all/install.log --single-version-externally-managed install_data
[3.391s] Level 1:colcon.colcon_core.environment:checking '/home/emzx/ros2_ws/install/turtlesim_catch_them_all' for CMake config files
[3.392s] Level 1:colcon.colcon_core.environment:checking '/home/emzx/ros2_ws/install/turtlesim_catch_them_all/lib'
[3.392s] Level 1:colcon.colcon_core.environment:checking '/home/emzx/ros2_ws/install/turtlesim_catch_them_all/bin'
[3.392s] Level 1:colcon.colcon_core.environment:checking '/home/emzx/ros2_ws/install/turtlesim_catch_them_all/lib/pkgconfig/turtlesim_catch_them_all.pc'
[3.392s] Level 1:colcon.colcon_core.environment:checking '/home/emzx/ros2_ws/install/turtlesim_catch_them_all/lib/python3.12/site-packages'
[3.392s] Level 1:colcon.colcon_core.shell:create_environment_hook('turtlesim_catch_them_all', 'pythonpath')
[3.392s] INFO:colcon.colcon_core.shell:Creating environment hook '/home/emzx/ros2_ws/install/turtlesim_catch_them_all/share/turtlesim_catch_them_all/hook/pythonpath.ps1'
[3.393s] INFO:colcon.colcon_core.shell:Creating environment descriptor '/home/emzx/ros2_ws/install/turtlesim_catch_them_all/share/turtlesim_catch_them_all/hook/pythonpath.dsv'
[3.393s] INFO:colcon.colcon_core.shell:Creating environment hook '/home/emzx/ros2_ws/install/turtlesim_catch_them_all/share/turtlesim_catch_them_all/hook/pythonpath.sh'
[3.393s] Level 1:colcon.colcon_core.environment:checking '/home/emzx/ros2_ws/install/turtlesim_catch_them_all/bin'
[3.394s] Level 1:colcon.colcon_core.environment:create_environment_scripts_only(turtlesim_catch_them_all)
[3.394s] INFO:colcon.colcon_core.shell:Creating package script '/home/emzx/ros2_ws/install/turtlesim_catch_them_all/share/turtlesim_catch_them_all/package.ps1'
[3.394s] INFO:colcon.colcon_core.shell:Creating package descriptor '/home/emzx/ros2_ws/install/turtlesim_catch_them_all/share/turtlesim_catch_them_all/package.dsv'
[3.395s] INFO:colcon.colcon_core.shell:Creating package script '/home/emzx/ros2_ws/install/turtlesim_catch_them_all/share/turtlesim_catch_them_all/package.sh'
[3.395s] INFO:colcon.colcon_core.shell:Creating package script '/home/emzx/ros2_ws/install/turtlesim_catch_them_all/share/turtlesim_catch_them_all/package.bash'
[3.395s] INFO:colcon.colcon_core.shell:Creating package script '/home/emzx/ros2_ws/install/turtlesim_catch_them_all/share/turtlesim_catch_them_all/package.zsh'
[3.396s] Level 1:colcon.colcon_core.environment:create_file_with_runtime_dependencies(/home/emzx/ros2_ws/install/turtlesim_catch_them_all/share/colcon-core/packages/turtlesim_catch_them_all)
[6.636s] Level 1:colcon.colcon_core.environment:create_environment_scripts_only(bumperbot_description)
[6.637s] Level 1:colcon.colcon_core.environment:checking '/home/emzx/ros2_ws/install/bumperbot_description' for CMake module files
[6.638s] DEBUG:colcon.colcon_core.event_handler.log_command:Invoked command in '/home/emzx/ros2_ws/build/bumperbot_description' returned '0': CMAKE_PREFIX_PATH=${CMAKE_PREFIX_PATH}:/home/emzx/ros2_ws/install/turtlesim_catch_them_all:/home/emzx/ros2_ws/install/pacote_teste:/home/emzx/ros2_ws/install/bumperbot_utils:/home/emzx/ros2_ws/install/bumperbot_py:/opt/ros/jazzy DEBUGINFOD_URLS=https://debuginfod.ubuntu.com /usr/bin/cmake --install /home/emzx/ros2_ws/build/bumperbot_description
[6.639s] Level 1:colcon.colcon_core.environment:checking '/home/emzx/ros2_ws/install/bumperbot_description' for CMake config files
[6.651s] Level 1:colcon.colcon_core.shell:create_environment_hook('bumperbot_description', 'cmake_prefix_path')
[6.651s] INFO:colcon.colcon_core.shell:Creating environment hook '/home/emzx/ros2_ws/install/bumperbot_description/share/bumperbot_description/hook/cmake_prefix_path.ps1'
[6.652s] INFO:colcon.colcon_core.shell:Creating environment descriptor '/home/emzx/ros2_ws/install/bumperbot_description/share/bumperbot_description/hook/cmake_prefix_path.dsv'
[6.653s] INFO:colcon.colcon_core.shell:Creating environment hook '/home/emzx/ros2_ws/install/bumperbot_description/share/bumperbot_description/hook/cmake_prefix_path.sh'
[6.653s] Level 1:colcon.colcon_core.environment:checking '/home/emzx/ros2_ws/install/bumperbot_description/bin'
[6.654s] Level 1:colcon.colcon_core.environment:checking '/home/emzx/ros2_ws/install/bumperbot_description/lib/pkgconfig/bumperbot_description.pc'
[6.654s] Level 1:colcon.colcon_core.environment:checking '/home/emzx/ros2_ws/install/bumperbot_description/lib/python3.12/site-packages'
[6.654s] Level 1:colcon.colcon_core.environment:checking '/home/emzx/ros2_ws/install/bumperbot_description/bin'
[6.655s] INFO:colcon.colcon_core.shell:Creating package script '/home/emzx/ros2_ws/install/bumperbot_description/share/bumperbot_description/package.ps1'
[6.655s] INFO:colcon.colcon_core.shell:Creating package descriptor '/home/emzx/ros2_ws/install/bumperbot_description/share/bumperbot_description/package.dsv'
[6.656s] INFO:colcon.colcon_core.shell:Creating package script '/home/emzx/ros2_ws/install/bumperbot_description/share/bumperbot_description/package.sh'
[6.656s] INFO:colcon.colcon_core.shell:Creating package script '/home/emzx/ros2_ws/install/bumperbot_description/share/bumperbot_description/package.bash'
[6.657s] INFO:colcon.colcon_core.shell:Creating package script '/home/emzx/ros2_ws/install/bumperbot_description/share/bumperbot_description/package.zsh'
[6.657s] Level 1:colcon.colcon_core.environment:create_file_with_runtime_dependencies(/home/emzx/ros2_ws/install/bumperbot_description/share/colcon-core/packages/bumperbot_description)
[6.658s] Level 1:colcon.colcon_core.environment:create_environment_scripts_only(bumperbot_description)
[6.658s] Level 1:colcon.colcon_core.environment:checking '/home/emzx/ros2_ws/install/bumperbot_description' for CMake module files
[6.659s] Level 1:colcon.colcon_core.environment:checking '/home/emzx/ros2_ws/install/bumperbot_description' for CMake config files
[6.667s] Level 1:colcon.colcon_core.shell:create_environment_hook('bumperbot_description', 'cmake_prefix_path')
[6.667s] INFO:colcon.colcon_core.shell:Creating environment hook '/home/emzx/ros2_ws/install/bumperbot_description/share/bumperbot_description/hook/cmake_prefix_path.ps1'
[6.668s] INFO:colcon.colcon_core.shell:Creating environment descriptor '/home/emzx/ros2_ws/install/bumperbot_description/share/bumperbot_description/hook/cmake_prefix_path.dsv'
[6.668s] INFO:colcon.colcon_core.shell:Creating environment hook '/home/emzx/ros2_ws/install/bumperbot_description/share/bumperbot_description/hook/cmake_prefix_path.sh'
[6.669s] Level 1:colcon.colcon_core.environment:checking '/home/emzx/ros2_ws/install/bumperbot_description/bin'
[6.669s] Level 1:colcon.colcon_core.environment:checking '/home/emzx/ros2_ws/install/bumperbot_description/lib/pkgconfig/bumperbot_description.pc'
[6.669s] Level 1:colcon.colcon_core.environment:checking '/home/emzx/ros2_ws/install/bumperbot_description/lib/python3.12/site-packages'
[6.669s] Level 1:colcon.colcon_core.environment:checking '/home/emzx/ros2_ws/install/bumperbot_description/bin'
[6.670s] INFO:colcon.colcon_core.shell:Creating package script '/home/emzx/ros2_ws/install/bumperbot_description/share/bumperbot_description/package.ps1'
[6.670s] INFO:colcon.colcon_core.shell:Creating package descriptor '/home/emzx/ros2_ws/install/bumperbot_description/share/bumperbot_description/package.dsv'
[6.670s] INFO:colcon.colcon_core.shell:Creating package script '/home/emzx/ros2_ws/install/bumperbot_description/share/bumperbot_description/package.sh'
[6.671s] INFO:colcon.colcon_core.shell:Creating package script '/home/emzx/ros2_ws/install/bumperbot_description/share/bumperbot_description/package.bash'
[6.671s] INFO:colcon.colcon_core.shell:Creating package script '/home/emzx/ros2_ws/install/bumperbot_description/share/bumperbot_description/package.zsh'
[6.672s] Level 1:colcon.colcon_core.environment:create_file_with_runtime_dependencies(/home/emzx/ros2_ws/install/bumperbot_description/share/colcon-core/packages/bumperbot_description)
[6.672s] DEBUG:colcon.colcon_parallel_executor.executor.parallel:closing loop
[6.672s] DEBUG:colcon.colcon_parallel_executor.executor.parallel:loop closed
[6.672s] DEBUG:colcon.colcon_parallel_executor.executor.parallel:run_until_complete finished with '0'
[6.672s] DEBUG:colcon.colcon_core.event_reactor:joining thread
[6.696s] INFO:colcon.colcon_core.plugin_system:Skipping extension 'colcon_notification.desktop_notification.terminal_notifier': Not used on non-Darwin systems
[6.697s] INFO:colcon.colcon_core.plugin_system:Skipping extension 'colcon_notification.desktop_notification.win32': Not used on non-Windows systems
[6.697s] INFO:colcon.colcon_notification.desktop_notification:Sending desktop notification using 'notify2'
[6.719s] DEBUG:colcon.colcon_core.event_reactor:joined thread
[6.719s] INFO:colcon.colcon_core.shell:Creating prefix script '/home/emzx/ros2_ws/install/local_setup.ps1'
[6.721s] INFO:colcon.colcon_core.shell:Creating prefix util module '/home/emzx/ros2_ws/install/_local_setup_util_ps1.py'
[6.724s] INFO:colcon.colcon_core.shell:Creating prefix chain script '/home/emzx/ros2_ws/install/setup.ps1'
[6.727s] INFO:colcon.colcon_core.shell:Creating prefix script '/home/emzx/ros2_ws/install/local_setup.sh'
[6.728s] INFO:colcon.colcon_core.shell:Creating prefix util module '/home/emzx/ros2_ws/install/_local_setup_util_sh.py'
[6.729s] INFO:colcon.colcon_core.shell:Creating prefix chain script '/home/emzx/ros2_ws/install/setup.sh'
[6.732s] INFO:colcon.colcon_core.shell:Creating prefix script '/home/emzx/ros2_ws/install/local_setup.bash'
[6.733s] INFO:colcon.colcon_core.shell:Creating prefix chain script '/home/emzx/ros2_ws/install/setup.bash'
[6.736s] INFO:colcon.colcon_core.shell:Creating prefix script '/home/emzx/ros2_ws/install/local_setup.zsh'
[6.737s] INFO:colcon.colcon_core.shell:Creating prefix chain script '/home/emzx/ros2_ws/install/setup.zsh'
